brand,price,os_name,Processor,RAM Size GB,Storage Size GB,battery_capacity,Dual_Sim,Screen_Size,Refresh_Rate,primary_rear_camera_mp,num_rear_cameras,primary_front_camera_mp,num_front_cameras,memory_card_support,fast_charging_power,4G,5G,Vo5G,NFC,IR_Blaster,Core_Count,Clock_Speed_GHz,Resolution_Width,Resolution_Height,Notch_Type,os_version,rating,b_r,Processor_Category,price_Category,RAM Size GB_Category,Storage Size GB_Category,battery_capacity_Category,fast_charging_power_Category,os_version_Category,Screen_Size_Category,primary_rear_camera_mp_Category,primary_front_camera_mp_Category,Clock_Speed_GHz_Category,Resolution_Width_Category,Resolution_Height_Category,rating_Category
OnePlus,54999,Android,Snapdragon_8 Gen2,12.0,256.0,5000.0,Yes,6.7,120.0,50.0,3.0,16.0,1.0,No,100,Yes,Yes,No,Yes,No,8.0,3.2,1440.0,3216.0,Punch Hole,13.0,89.0,Other,snapdragon,Flagship,8-18 GB,32-256 GB,3000-5000 mAh,80-240W,v10-v16,6-9 inches,40-60 mp,8-16 mp,3-4 GHz,1080-1440 Width,2160-3840 Height,80-90 rating
OnePlus,19989,Android,Snapdragon_695,6.0,128.0,5000.0,Yes,6.59,120.0,64.0,3.0,16.0,1.0,Yes,33,Yes,Yes,No,No,No,8.0,2.2,1080.0,2412.0,Punch Hole,12.0,81.0,Other,snapdragon,Mid-Range,4-8 GB,32-256 GB,3000-5000 mAh,0-50W,v10-v16,6-9 inches,60-200 mp,8-16 mp,2-3 GHz,640-1080 Width,2160-3840 Height,80-90 rating
Samsung,16499,Android,Exynos_1330,4.0,64.0,5000.0,Yes,6.6,90.0,50.0,3.0,13.0,1.0,Yes,15,Yes,Yes,No,No,No,8.0,2.4,1080.0,2408.0,Water Drop Notch,13.0,75.0,Samsung,exynos,Mid-Range,1-4 GB,32-256 GB,3000-5000 mAh,0-50W,v10-v16,6-9 inches,40-60 mp,8-16 mp,2-3 GHz,640-1080 Width,2160-3840 Height,70-80 rating
Motorola,14999,Android,Snapdragon_695,6.0,128.0,5000.0,Yes,6.55,120.0,50.0,3.0,16.0,1.0,Yes,0,Yes,Yes,No,No,No,8.0,2.2,1080.0,2400.0,Punch Hole,12.0,81.0,Other,snapdragon,Mid-Range,4-8 GB,32-256 GB,3000-5000 mAh,0-50W,v10-v16,6-9 inches,40-60 mp,8-16 mp,2-3 GHz,640-1080 Width,2160-3840 Height,80-90 rating
Realme,24999,Android,Dimensity_1080,6.0,128.0,5000.0,Yes,6.7,120.0,108.0,3.0,16.0,1.0,No,67,Yes,Yes,No,No,No,8.0,2.6,1080.0,2412.0,Punch Hole,13.0,82.0,Realme,dimensity,Mid-Range,4-8 GB,32-256 GB,3000-5000 mAh,50-80W,v10-v16,6-9 inches,60-200 mp,8-16 mp,2-3 GHz,640-1080 Width,2160-3840 Height,80-90 rating
Samsung,16999,Android,Snapdragon_750,6.0,128.0,5000.0,Yes,6.6,120.0,50.0,3.0,8.0,1.0,Yes,25,Yes,Yes,No,Yes,No,8.0,2.2,1080.0,2408.0,Water Drop Notch,12.0,80.0,Samsung,snapdragon,Mid-Range,4-8 GB,32-256 GB,3000-5000 mAh,0-50W,v10-v16,6-9 inches,40-60 mp,1-8 mp,2-3 GHz,640-1080 Width,2160-3840 Height,70-80 rating
Apple,65999,iOS,Bionic_15,6.0,128.0,3279.0,Yes,6.1,60.0,12.0,2.0,12.0,1.0,No,0,Yes,Yes,No,Yes,No,6.0,3.22,1170.0,2532.0,Small Notch,16.0,81.0,Apple,bionic,Flagship,4-8 GB,32-256 GB,3000-5000 mAh,0-50W,v10-v16,6-9 inches,5-14 mp,8-16 mp,3-4 GHz,1080-1440 Width,2160-3840 Height,80-90 rating
Xiaomi,29999,Android,Dimensity_1080,8.0,256.0,4980.0,Yes,6.67,120.0,200.0,3.0,16.0,1.0,No,120,Yes,Yes,No,No,Yes,8.0,2.6,1080.0,2400.0,Punch Hole,12.0,86.0,Xiaomi,dimensity,Premium,4-8 GB,32-256 GB,3000-5000 mAh,80-240W,v10-v16,6-9 inches,60-200 mp,8-16 mp,2-3 GHz,640-1080 Width,2160-3840 Height,80-90 rating
Nothing,26749,Android,Snapdragon_778,8.0,128.0,4500.0,Yes,6.55,120.0,50.0,2.0,16.0,1.0,Yes,33,Yes,Yes,No,Yes,No,8.0,2.5,1080.0,2400.0,Punch Hole,12.0,85.0,Other,snapdragon,Premium,4-8 GB,32-256 GB,3000-5000 mAh,0-50W,v10-v16,6-9 inches,40-60 mp,8-16 mp,2-3 GHz,640-1080 Width,2160-3840 Height,80-90 rating
OnePlus,28999,Android,Dimensity_1300,8.0,128.0,4500.0,Yes,6.43,90.0,50.0,3.0,32.0,1.0,Yes,80,Yes,Yes,No,Yes,No,8.0,2.4,1080.0,2400.0,Punch Hole,12.0,84.0,Other,dimensity,Premium,4-8 GB,32-256 GB,3000-5000 mAh,50-80W,v10-v16,6-9 inches,40-60 mp,16-40 mp,2-3 GHz,640-1080 Width,2160-3840 Height,80-90 rating
Realme,18999,Android,Snapdragon_695,6.0,128.0,5000.0,Yes,6.72,120.0,108.0,2.0,16.0,1.0,Yes,33,Yes,Yes,No,No,No,8.0,2.2,1080.0,2400.0,Punch Hole,13.0,82.0,Realme,snapdragon,Mid-Range,4-8 GB,32-256 GB,3000-5000 mAh,0-50W,v10-v16,6-9 inches,60-200 mp,8-16 mp,2-3 GHz,640-1080 Width,2160-3840 Height,80-90 rating
OPPO,18999,Android,Dimensity_700,8.0,128.0,5000.0,Yes,6.56,90.0,50.0,2.0,8.0,1.0,Yes,33,Yes,Yes,No,Yes,No,8.0,2.2,720.0,1612.0,Water Drop Notch,12.0,79.0,OPPO,dimensity,Mid-Range,4-8 GB,32-256 GB,3000-5000 mAh,0-50W,v10-v16,6-9 inches,40-60 mp,1-8 mp,2-3 GHz,640-1080 Width,1480-2160 Height,70-80 rating
Xiaomi,24762,Android,Dimensity_1080,6.0,128.0,5000.0,Yes,6.67,120.0,50.0,3.0,16.0,1.0,Yes,67,Yes,Yes,No,No,Yes,8.0,2.6,1080.0,2400.0,Punch Hole,12.0,79.0,Xiaomi,dimensity,Mid-Range,4-8 GB,32-256 GB,3000-5000 mAh,50-80W,v10-v16,6-9 inches,40-60 mp,8-16 mp,2-3 GHz,640-1080 Width,2160-3840 Height,70-80 rating
Vivo,16990,Android,Snapdragon_695,6.0,128.0,5000.0,Yes,6.58,120.0,50.0,3.0,16.0,1.0,Yes,18,Yes,Yes,No,No,No,8.0,2.2,1080.0,2408.0,Water Drop Notch,12.0,80.0,Vivo,snapdragon,Mid-Range,4-8 GB,32-256 GB,3000-5000 mAh,0-50W,v10-v16,6-9 inches,40-60 mp,8-16 mp,2-3 GHz,640-1080 Width,2160-3840 Height,70-80 rating
Samsung,114990,Android,Snapdragon_8 Gen2,8.0,256.0,5000.0,Yes,6.8,120.0,200.0,1.0,12.0,1.0,No,45,Yes,Yes,Yes,Yes,No,8.0,3.2,1440.0,3088.0,Punch Hole,13.0,80.0,Samsung,snapdragon,Luxury,4-8 GB,32-256 GB,3000-5000 mAh,0-50W,v10-v16,6-9 inches,60-200 mp,8-16 mp,3-4 GHz,1080-1440 Width,2160-3840 Height,70-80 rating
Apple,62999,iOS,Bionic_15,4.0,128.0,3240.0,Yes,6.1,60.0,12.0,2.0,12.0,1.0,No,0,Yes,Yes,No,Yes,No,6.0,3.22,1170.0,2532.0,Small Notch,15.0,79.0,Apple,bionic,Flagship,1-4 GB,32-256 GB,3000-5000 mAh,0-50W,v10-v16,6-9 inches,5-14 mp,8-16 mp,3-4 GHz,1080-1440 Width,2160-3840 Height,70-80 rating
Vivo,9999,Android,Helio_35,3.0,32.0,5000.0,Yes,6.51,60.0,13.0,2.0,5.0,1.0,Yes,10,Yes,No,No,No,No,8.0,2.3,720.0,1600.0,Water Drop Notch,12.0,65.0,Vivo,helio,Budget,1-4 GB,1-32 GB,3000-5000 mAh,0-50W,v10-v16,6-9 inches,5-14 mp,1-8 mp,2-3 GHz,640-1080 Width,1480-2160 Height,60-70 rating
OPPO,45999,Android,Snapdragon_8,16.0,256.0,4700.0,Yes,6.7,120.0,50.0,3.0,32.0,1.0,Yes,80,Yes,Yes,No,Yes,No,8.0,3.2,1080.0,2412.0,Punch Hole,12.0,86.0,OPPO,snapdragon,Premium,8-18 GB,32-256 GB,3000-5000 mAh,50-80W,v10-v16,6-9 inches,40-60 mp,16-40 mp,3-4 GHz,640-1080 Width,2160-3840 Height,80-90 rating
OnePlus,32999,Android,Dimensity_8100,8.0,128.0,5000.0,Yes,6.7,120.0,50.0,3.0,16.0,1.0,Yes,80,Yes,Yes,No,Yes,No,8.0,2.85,1080.0,2412.0,Punch Hole,12.0,86.0,Other,dimensity,Premium,4-8 GB,32-256 GB,3000-5000 mAh,50-80W,v10-v16,6-9 inches,40-60 mp,8-16 mp,2-3 GHz,640-1080 Width,2160-3840 Height,80-90 rating
Vivo,14499,Android,Helio_70,4.0,64.0,5000.0,Yes,6.55,60.0,50.0,2.0,8.0,1.0,Yes,18,Yes,No,No,No,No,8.0,2.4,720.0,1612.0,Water Drop Notch,12.0,72.0,Vivo,helio,Mid-Range,1-4 GB,32-256 GB,3000-5000 mAh,0-50W,v10-v16,6-9 inches,40-60 mp,1-8 mp,2-3 GHz,640-1080 Width,1480-2160 Height,70-80 rating
OnePlus,39999,Android,Snapdragon_8,8.0,128.0,5000.0,Yes,6.7,120.0,50.0,3.0,16.0,1.0,Yes,100,Yes,Yes,No,Yes,No,8.0,3.2,1080.0,2412.0,Punch Hole,12.0,85.0,Other,snapdragon,Premium,4-8 GB,32-256 GB,3000-5000 mAh,80-240W,v10-v16,6-9 inches,40-60 mp,8-16 mp,3-4 GHz,640-1080 Width,2160-3840 Height,80-90 rating
Vivo,35999,Android,Dimensity_1300,8.0,128.0,4830.0,Yes,6.56,120.0,64.0,3.0,32.0,1.0,Yes,66,Yes,Yes,No,No,No,8.0,2.4,1080.0,2376.0,Punch Hole,12.0,85.0,Vivo,dimensity,Premium,4-8 GB,32-256 GB,3000-5000 mAh,50-80W,v10-v16,6-9 inches,60-200 mp,16-40 mp,2-3 GHz,640-1080 Width,2160-3840 Height,80-90 rating
POCO,14999,Android,Snapdragon_695,6.0,64.0,5000.0,Yes,6.67,120.0,64.0,3.0,16.0,1.0,Yes,67,Yes,Yes,No,No,Yes,8.0,2.2,1080.0,2400.0,Punch Hole,11.0,80.0,Other,snapdragon,Mid-Range,4-8 GB,32-256 GB,3000-5000 mAh,50-80W,v10-v16,6-9 inches,60-200 mp,8-16 mp,2-3 GHz,640-1080 Width,2160-3840 Height,70-80 rating
Xiaomi,17859,Android,Snapdragon_4,4.0,128.0,5000.0,Yes,6.67,120.0,48.0,3.0,13.0,1.0,Yes,33,Yes,Yes,No,No,Yes,8.0,2.4,1080.0,2400.0,Punch Hole,12.0,76.0,Xiaomi,snapdragon,Mid-Range,1-4 GB,32-256 GB,3000-5000 mAh,0-50W,v10-v16,6-9 inches,40-60 mp,8-16 mp,2-3 GHz,640-1080 Width,2160-3840 Height,70-80 rating
Vivo,42990,Android,Dimensity_9000,12.0,256.0,4800.0,Yes,6.7,120.0,64.0,3.0,32.0,1.0,Yes,100,Yes,Yes,No,Yes,No,8.0,3.2,1080.0,2400.0,Punch Hole,12.0,87.0,Vivo,dimensity,Premium,8-18 GB,32-256 GB,3000-5000 mAh,80-240W,v10-v16,6-9 inches,60-200 mp,16-40 mp,3-4 GHz,640-1080 Width,2160-3840 Height,80-90 rating
Samsung,31239,Android,Snapdragon_865,8.0,128.0,4500.0,Yes,6.5,120.0,12.0,3.0,32.0,1.0,Yes,0,Yes,Yes,No,Yes,No,8.0,2.84,1080.0,2400.0,Punch Hole,10.0,88.0,Samsung,snapdragon,Premium,4-8 GB,32-256 GB,3000-5000 mAh,0-50W,v5-v10,6-9 inches,5-14 mp,16-40 mp,2-3 GHz,640-1080 Width,2160-3840 Height,80-90 rating
OnePlus,21995,Android,Snapdragon_695,8.0,128.0,5000.0,Yes,6.59,120.0,64.0,3.0,16.0,1.0,Yes,33,Yes,Yes,No,No,No,8.0,2.2,1080.0,2412.0,Punch Hole,12.0,84.0,Other,snapdragon,Mid-Range,4-8 GB,32-256 GB,3000-5000 mAh,0-50W,v10-v16,6-9 inches,60-200 mp,8-16 mp,2-3 GHz,640-1080 Width,2160-3840 Height,80-90 rating
Apple,129990,iOS,Bionic_16,6.0,128.0,4323.0,Yes,6.7,120.0,48.0,3.0,12.0,1.0,No,0,Yes,Yes,No,Yes,No,6.0,2.4,1290.0,2796.0,No Notch,16.0,76.0,Apple,bionic,Luxury,4-8 GB,32-256 GB,3000-5000 mAh,0-50W,v10-v16,6-9 inches,40-60 mp,8-16 mp,2-3 GHz,1080-1440 Width,2160-3840 Height,70-80 rating
Vivo,27999,Android,Dimensity_900,8.0,128.0,4500.0,Yes,6.44,90.0,64.0,3.0,50.0,1.0,Yes,44,Yes,Yes,No,No,No,8.0,2.4,1080.0,2408.0,Water Drop Notch,12.0,83.0,Vivo,dimensity,Premium,4-8 GB,32-256 GB,3000-5000 mAh,0-50W,v10-v16,6-9 inches,60-200 mp,40-60 mp,2-3 GHz,640-1080 Width,2160-3840 Height,80-90 rating
OnePlus,69999,Android,Snapdragon_8 Gen2,8.0,128.0,4500.0,Yes,6.7,120.0,50.0,3.0,16.0,1.0,Yes,100,Yes,Yes,No,Yes,No,8.0,3.2,1440.0,3216.0,Punch Hole,12.0,80.0,Other,snapdragon,Flagship,4-8 GB,32-256 GB,3000-5000 mAh,80-240W,v10-v16,6-9 inches,40-60 mp,8-16 mp,3-4 GHz,1080-1440 Width,2160-3840 Height,70-80 rating
Realme,19999,Android,Snapdragon_695,8.0,128.0,5000.0,Yes,6.72,120.0,108.0,2.0,16.0,1.0,Yes,33,Yes,Yes,No,No,No,8.0,2.2,1080.0,2400.0,Punch Hole,13.0,84.0,Realme,snapdragon,Mid-Range,4-8 GB,32-256 GB,3000-5000 mAh,0-50W,v10-v16,6-9 inches,60-200 mp,8-16 mp,2-3 GHz,640-1080 Width,2160-3840 Height,80-90 rating
POCO,20999,Android,Snapdragon_778,6.0,128.0,5000.0,Yes,6.67,120.0,108.0,3.0,16.0,1.0,No,67,Yes,Yes,No,Yes,Yes,8.0,2.4,1080.0,2400.0,Punch Hole,13.0,81.0,Other,snapdragon,Mid-Range,4-8 GB,32-256 GB,3000-5000 mAh,50-80W,v10-v16,6-9 inches,60-200 mp,8-16 mp,2-3 GHz,640-1080 Width,2160-3840 Height,80-90 rating
Vivo,27990,Android,Dimensity_930,8.0,256.0,4700.0,Yes,6.56,120.0,64.0,3.0,50.0,1.0,Yes,67,Yes,Yes,No,No,No,8.0,2.2,1080.0,2400.0,Punch Hole,13.0,83.0,Vivo,dimensity,Premium,4-8 GB,32-256 GB,3000-5000 mAh,50-80W,v10-v16,6-9 inches,60-200 mp,40-60 mp,2-3 GHz,640-1080 Width,2160-3840 Height,80-90 rating
Apple,38999,iOS,Bionic_13,4.0,64.0,3110.0,Yes,6.1,60.0,12.0,2.0,12.0,1.0,No,0,Yes,No,No,Yes,No,6.0,2.65,828.0,1792.0,Large Notch,13.0,73.0,Apple,bionic,Premium,1-4 GB,32-256 GB,3000-5000 mAh,0-50W,v10-v16,6-9 inches,5-14 mp,8-16 mp,2-3 GHz,640-1080 Width,1480-2160 Height,70-80 rating
Samsung,23790,Android,Dimensity_900,6.0,128.0,5000.0,Yes,6.7,120.0,108.0,1.0,32.0,1.0,Yes,25,Yes,Yes,No,No,No,8.0,2.4,1080.0,2400.0,Punch Hole,12.0,85.0,Samsung,dimensity,Mid-Range,4-8 GB,32-256 GB,3000-5000 mAh,0-50W,v10-v16,6-9 inches,60-200 mp,16-40 mp,2-3 GHz,640-1080 Width,2160-3840 Height,80-90 rating
Samsung,39999,Android,Exynos_2100,8.0,128.0,4500.0,Yes,6.4,120.0,12.0,3.0,32.0,1.0,No,25,Yes,Yes,No,Yes,No,8.0,2.9,1080.0,2340.0,Punch Hole,11.0,87.0,Samsung,exynos,Premium,4-8 GB,32-256 GB,3000-5000 mAh,0-50W,v10-v16,6-9 inches,5-14 mp,16-40 mp,2-3 GHz,640-1080 Width,2160-3840 Height,80-90 rating
OPPO,29990,Android,Snapdragon_695,8.0,256.0,5000.0,Yes,6.67,120.0,108.0,3.0,16.0,1.0,Yes,66,Yes,Yes,No,Yes,No,8.0,2.2,1080.0,2400.0,Punch Hole,13.0,87.0,OPPO,snapdragon,Premium,4-8 GB,32-256 GB,3000-5000 mAh,50-80W,v10-v16,6-9 inches,60-200 mp,8-16 mp,2-3 GHz,640-1080 Width,2160-3840 Height,80-90 rating
Samsung,91999,Android,Snapdragon_8 Gen1,12.0,256.0,5000.0,Yes,6.8,120.0,108.0,1.0,40.0,1.0,Yes,45,Yes,Yes,No,Yes,No,8.0,2.4,1440.0,3080.0,Punch Hole,12.0,80.0,Samsung,snapdragon,Flagship,8-18 GB,32-256 GB,3000-5000 mAh,0-50W,v10-v16,6-9 inches,60-200 mp,16-40 mp,2-3 GHz,1080-1440 Width,2160-3840 Height,70-80 rating
Xiaomi,32999,Android,Snapdragon_7 Gen1,6.0,128.0,5200.0,Yes,6.67,120.0,108.0,1.0,32.0,1.0,Yes,210,Yes,Yes,No,No,Yes,8.0,2.36,1080.0,2460.0,Punch Hole,12.0,83.0,Xiaomi,snapdragon,Premium,4-8 GB,32-256 GB,5000-10000 mAh,80-240W,v10-v16,6-9 inches,60-200 mp,16-40 mp,2-3 GHz,640-1080 Width,2160-3840 Height,80-90 rating
OPPO,28499,Android,Snapdragon_778,8.0,256.0,4500.0,Yes,6.7,120.0,64.0,2.0,32.0,1.0,Yes,67,Yes,Yes,No,Yes,No,8.0,2.4,1080.0,2412.0,Punch Hole,12.0,83.0,OPPO,snapdragon,Premium,4-8 GB,32-256 GB,3000-5000 mAh,50-80W,v10-v16,6-9 inches,60-200 mp,16-40 mp,2-3 GHz,640-1080 Width,2160-3840 Height,80-90 rating
OnePlus,21999,Android,Snapdragon_695,6.0,128.0,5000.0,Yes,6.7,120.0,108.0,3.0,16.0,1.0,Yes,67,Yes,Yes,No,Yes,No,8.0,2.2,1080.0,2412.0,Punch Hole,12.0,83.0,Other,snapdragon,Mid-Range,4-8 GB,32-256 GB,3000-5000 mAh,50-80W,v10-v16,6-9 inches,60-200 mp,8-16 mp,2-3 GHz,640-1080 Width,2160-3840 Height,80-90 rating
Xiaomi,19999,Android,Snapdragon_695,6.0,128.0,5000.0,Yes,6.67,120.0,108.0,3.0,16.0,1.0,Yes,67,Yes,Yes,No,No,Yes,8.0,2.2,1080.0,2400.0,Punch Hole,11.0,83.0,Xiaomi,snapdragon,Mid-Range,4-8 GB,32-256 GB,3000-5000 mAh,50-80W,v10-v16,6-9 inches,60-200 mp,8-16 mp,2-3 GHz,640-1080 Width,2160-3840 Height,80-90 rating
Motorola Edge,18999,Android,Dimensity_800,6.0,128.0,5000.0,Yes,6.67,90.0,108.0,3.0,32.0,1.0,Yes,30,Yes,Yes,No,Yes,No,8.0,2.4,1080.0,2400.0,Punch Hole,11.0,87.0,Other,dimensity,Mid-Range,4-8 GB,32-256 GB,3000-5000 mAh,0-50W,v10-v16,6-9 inches,60-200 mp,16-40 mp,2-3 GHz,640-1080 Width,2160-3840 Height,80-90 rating
Realme,27999,Android,Dimensity_1080,8.0,256.0,5000.0,Yes,6.7,120.0,108.0,3.0,16.0,1.0,No,67,Yes,Yes,No,No,No,8.0,2.6,1080.0,2412.0,Punch Hole,13.0,85.0,Realme,dimensity,Premium,4-8 GB,32-256 GB,3000-5000 mAh,50-80W,v10-v16,6-9 inches,60-200 mp,8-16 mp,2-3 GHz,640-1080 Width,2160-3840 Height,80-90 rating
Vivo,18499,Android,Snapdragon_680,8.0,128.0,5000.0,Yes,6.58,90.0,50.0,3.0,16.0,1.0,Yes,44,Yes,No,No,No,No,8.0,2.4,1080.0,2408.0,Water Drop Notch,12.0,80.0,Vivo,snapdragon,Mid-Range,4-8 GB,32-256 GB,3000-5000 mAh,0-50W,v10-v16,6-9 inches,40-60 mp,8-16 mp,2-3 GHz,640-1080 Width,2160-3840 Height,70-80 rating
Samsung,17478,Android,Exynos_1280,6.0,128.0,6000.0,Yes,6.6,120.0,50.0,1.0,8.0,1.0,Yes,25,Yes,Yes,No,Yes,No,8.0,2.4,1080.0,2400.0,Water Drop Notch,12.0,81.0,Samsung,exynos,Mid-Range,4-8 GB,32-256 GB,5000-10000 mAh,0-50W,v10-v16,6-9 inches,40-60 mp,1-8 mp,2-3 GHz,640-1080 Width,2160-3840 Height,80-90 rating
Xiaomi,11936,Android,Snapdragon_680,4.0,64.0,5000.0,Yes,6.43,90.0,50.0,1.0,13.0,1.0,Yes,33,Yes,No,No,No,Yes,8.0,2.4,1080.0,2400.0,Punch Hole,11.0,76.0,Xiaomi,snapdragon,Mid-Range,1-4 GB,32-256 GB,3000-5000 mAh,0-50W,v10-v16,6-9 inches,40-60 mp,8-16 mp,2-3 GHz,640-1080 Width,2160-3840 Height,70-80 rating
Realme,8950,Android,Unisoc_612,3.0,32.0,5000.0,Yes,6.5,60.0,50.0,2.0,5.0,1.0,Yes,0,Yes,No,No,No,No,8.0,1.8,720.0,1600.0,Water Drop Notch,12.0,64.0,Realme,unisoc,Budget,1-4 GB,1-32 GB,3000-5000 mAh,0-50W,v10-v16,6-9 inches,40-60 mp,1-8 mp,0-2 GHz,640-1080 Width,1480-2160 Height,60-70 rating
Vivo,12489,Android,Helio_35,4.0,64.0,5000.0,Yes,6.51,60.0,13.0,2.0,5.0,1.0,Yes,10,Yes,No,No,No,No,8.0,2.3,720.0,1600.0,Water Drop Notch,12.0,68.0,Vivo,helio,Mid-Range,1-4 GB,32-256 GB,3000-5000 mAh,0-50W,v10-v16,6-9 inches,5-14 mp,1-8 mp,2-3 GHz,640-1080 Width,1480-2160 Height,60-70 rating
Samsung,42999,Android,Snapdragon_7 Gen1,8.0,128.0,5000.0,Yes,6.7,120.0,108.0,1.0,32.0,1.0,Yes,33,Yes,Yes,No,Yes,No,8.0,2.36,1080.0,2412.0,Punch Hole,12.0,80.0,Samsung,snapdragon,Premium,4-8 GB,32-256 GB,3000-5000 mAh,0-50W,v10-v16,6-9 inches,60-200 mp,16-40 mp,2-3 GHz,640-1080 Width,2160-3840 Height,70-80 rating
Samsung,18999,Android,Exynos_1330,6.0,128.0,5000.0,Yes,6.6,90.0,50.0,3.0,13.0,1.0,Yes,15,Yes,Yes,No,No,No,8.0,2.4,1080.0,2408.0,Water Drop Notch,13.0,79.0,Samsung,exynos,Mid-Range,4-8 GB,32-256 GB,3000-5000 mAh,0-50W,v10-v16,6-9 inches,40-60 mp,8-16 mp,2-3 GHz,640-1080 Width,2160-3840 Height,70-80 rating
iQOO,29999,Android,Dimensity_8200,8.0,128.0,5000.0,Yes,6.78,120.0,64.0,3.0,16.0,1.0,Yes,120,Yes,Yes,No,Yes,Yes,8.0,3.1,1080.0,2400.0,Punch Hole,12.0,82.0,Other,dimensity,Premium,4-8 GB,32-256 GB,3000-5000 mAh,80-240W,v10-v16,6-9 inches,60-200 mp,8-16 mp,3-4 GHz,640-1080 Width,2160-3840 Height,80-90 rating
Jio,11990,Android,Snapdragon_480,4.0,32.0,5000.0,Yes,6.5,90.0,13.0,1.0,8.0,1.0,Yes,18,Yes,Yes,No,No,No,8.0,2.2,720.0,1600.0,No Notch,12.0,64.0,Other,snapdragon,Mid-Range,1-4 GB,1-32 GB,3000-5000 mAh,0-50W,v10-v16,6-9 inches,5-14 mp,1-8 mp,2-3 GHz,640-1080 Width,1480-2160 Height,60-70 rating
Motorola,18999,Android,Snapdragon_695,6.0,128.0,5000.0,Yes,6.6,120.0,50.0,3.0,16.0,1.0,Yes,30,Yes,Yes,No,Yes,No,8.0,2.2,1080.0,2400.0,Punch Hole,12.0,83.0,Other,snapdragon,Mid-Range,4-8 GB,32-256 GB,3000-5000 mAh,0-50W,v10-v16,6-9 inches,40-60 mp,8-16 mp,2-3 GHz,640-1080 Width,2160-3840 Height,80-90 rating
Realme,13999,Android,Helio_99,4.0,64.0,5000.0,Yes,6.4,90.0,50.0,2.0,16.0,1.0,Yes,33,Yes,No,No,No,No,8.0,2.2,1080.0,2400.0,Punch Hole,12.0,74.0,Realme,helio,Mid-Range,1-4 GB,32-256 GB,3000-5000 mAh,0-50W,v10-v16,6-9 inches,40-60 mp,8-16 mp,2-3 GHz,640-1080 Width,2160-3840 Height,70-80 rating
Realme,14965,Android,Dimensity_810,4.0,64.0,5000.0,Yes,6.6,90.0,50.0,3.0,8.0,1.0,Yes,18,Yes,Yes,No,No,No,8.0,2.4,1080.0,2408.0,Punch Hole,12.0,75.0,Realme,dimensity,Mid-Range,1-4 GB,32-256 GB,3000-5000 mAh,0-50W,v10-v16,6-9 inches,40-60 mp,1-8 mp,2-3 GHz,640-1080 Width,2160-3840 Height,70-80 rating
Apple,74999,iOS,Bionic_15,6.0,128.0,4325.0,Yes,6.7,60.0,12.0,2.0,12.0,1.0,No,0,Yes,Yes,No,Yes,No,6.0,3.22,1284.0,2778.0,Small Notch,16.0,82.0,Apple,bionic,Flagship,4-8 GB,32-256 GB,3000-5000 mAh,0-50W,v10-v16,6-9 inches,5-14 mp,8-16 mp,3-4 GHz,1080-1440 Width,2160-3840 Height,80-90 rating
Xiaomi,10999,Android,Helio_95,6.0,64.0,5000.0,Yes,6.43,60.0,64.0,1.0,13.0,1.0,Yes,33,Yes,No,No,No,Yes,8.0,2.05,1080.0,2400.0,Punch Hole,11.0,78.0,Xiaomi,helio,Mid-Range,4-8 GB,32-256 GB,3000-5000 mAh,0-50W,v10-v16,6-9 inches,60-200 mp,8-16 mp,2-3 GHz,640-1080 Width,2160-3840 Height,70-80 rating
Samsung,84990,Android,Snapdragon_8 Gen2,8.0,256.0,4700.0,Yes,6.6,120.0,50.0,3.0,12.0,1.0,Yes,45,Yes,Yes,Yes,Yes,No,8.0,3.2,1080.0,2340.0,Punch Hole,12.0,89.0,Samsung,snapdragon,Flagship,4-8 GB,32-256 GB,3000-5000 mAh,0-50W,v10-v16,6-9 inches,40-60 mp,8-16 mp,3-4 GHz,640-1080 Width,2160-3840 Height,80-90 rating
Motorola,10499,Android,Snapdragon_680,4.0,64.0,5000.0,Yes,6.55,90.0,50.0,3.0,16.0,1.0,Yes,33,Yes,No,No,No,No,8.0,2.4,1080.0,2400.0,Punch Hole,12.0,75.0,Other,snapdragon,Mid-Range,1-4 GB,32-256 GB,3000-5000 mAh,0-50W,v10-v16,6-9 inches,40-60 mp,8-16 mp,2-3 GHz,640-1080 Width,2160-3840 Height,70-80 rating
Xiaomi,17990,Android,Dimensity_720,6.0,128.0,5000.0,Yes,6.67,120.0,108.0,3.0,16.0,1.0,Yes,67,Yes,Yes,No,Yes,Yes,8.0,2.4,1080.0,2460.0,Punch Hole,12.0,78.0,Xiaomi,dimensity,Mid-Range,4-8 GB,32-256 GB,3000-5000 mAh,50-80W,v10-v16,6-9 inches,60-200 mp,8-16 mp,2-3 GHz,640-1080 Width,2160-3840 Height,70-80 rating
Vivo,29990,Android,Snapdragon_870,8.0,128.0,4600.0,Yes,6.78,120.0,64.0,3.0,50.0,1.0,Yes,66,Yes,Yes,No,Yes,No,8.0,3.2,1080.0,2400.0,Punch Hole,12.0,85.0,Vivo,snapdragon,Premium,4-8 GB,32-256 GB,3000-5000 mAh,50-80W,v10-v16,6-9 inches,60-200 mp,40-60 mp,3-4 GHz,640-1080 Width,2160-3840 Height,80-90 rating
Samsung,18499,Android,Snapdragon_680,6.0,128.0,5000.0,Yes,6.6,60.0,50.0,1.0,8.0,1.0,Yes,25,Yes,No,No,No,No,8.0,2.4,1080.0,2408.0,Water Drop Notch,12.0,79.0,Samsung,snapdragon,Mid-Range,4-8 GB,32-256 GB,3000-5000 mAh,0-50W,v10-v16,6-9 inches,40-60 mp,1-8 mp,2-3 GHz,640-1080 Width,2160-3840 Height,70-80 rating
Vivo,16499,Android,Helio_70,6.0,128.0,5000.0,Yes,6.55,60.0,50.0,2.0,8.0,1.0,Yes,18,Yes,No,No,No,No,8.0,2.4,720.0,1612.0,Water Drop Notch,12.0,75.0,Vivo,helio,Mid-Range,4-8 GB,32-256 GB,3000-5000 mAh,0-50W,v10-v16,6-9 inches,40-60 mp,1-8 mp,2-3 GHz,640-1080 Width,1480-2160 Height,70-80 rating
POCO,14999,Android,Dimensity_810,6.0,128.0,5000.0,Yes,6.6,90.0,50.0,2.0,16.0,1.0,Yes,33,Yes,Yes,No,No,Yes,8.0,2.4,1080.0,2400.0,Punch Hole,11.0,81.0,Other,dimensity,Mid-Range,4-8 GB,32-256 GB,3000-5000 mAh,0-50W,v10-v16,6-9 inches,40-60 mp,8-16 mp,2-3 GHz,640-1080 Width,2160-3840 Height,80-90 rating
Vivo,35499,Android,Dimensity_8200,8.0,256.0,4600.0,Yes,6.78,120.0,50.0,3.0,50.0,1.0,Yes,66,Yes,Yes,No,Yes,No,8.0,3.1,1080.0,2400.0,Punch Hole,12.0,86.0,Vivo,dimensity,Premium,4-8 GB,32-256 GB,3000-5000 mAh,50-80W,v10-v16,6-9 inches,40-60 mp,40-60 mp,3-4 GHz,640-1080 Width,2160-3840 Height,80-90 rating
OnePlus,60999,Android,Snapdragon_8 Gen1,8.0,128.0,5000.0,Yes,6.7,120.0,50.0,3.0,32.0,1.0,Yes,80,Yes,Yes,No,Yes,No,8.0,2.4,1440.0,3216.0,Punch Hole,12.0,89.0,Other,snapdragon,Flagship,4-8 GB,32-256 GB,3000-5000 mAh,50-80W,v10-v16,6-9 inches,40-60 mp,16-40 mp,2-3 GHz,1080-1440 Width,2160-3840 Height,80-90 rating
Xiaomi,32999,Android,Dimensity_1080,12.0,256.0,4980.0,Yes,6.67,120.0,200.0,3.0,16.0,1.0,No,120,Yes,Yes,No,No,Yes,8.0,2.6,1080.0,2400.0,Punch Hole,12.0,87.0,Xiaomi,dimensity,Premium,8-18 GB,32-256 GB,3000-5000 mAh,80-240W,v10-v16,6-9 inches,60-200 mp,8-16 mp,2-3 GHz,640-1080 Width,2160-3840 Height,80-90 rating
Samsung,15999,Android,Snapdragon_750,4.0,128.0,5000.0,Yes,6.6,120.0,50.0,3.0,8.0,1.0,Yes,25,Yes,Yes,No,Yes,No,8.0,2.2,1080.0,2408.0,Water Drop Notch,12.0,78.0,Samsung,snapdragon,Mid-Range,1-4 GB,32-256 GB,3000-5000 mAh,0-50W,v10-v16,6-9 inches,40-60 mp,1-8 mp,2-3 GHz,640-1080 Width,2160-3840 Height,70-80 rating
OPPO,99990,Android,Snapdragon_8,8.0,256.0,5000.0,Yes,7.1,120.0,50.0,1.0,16.0,1.0,Yes,67,Yes,Yes,No,Yes,No,8.0,3.2,1792.0,1920.0,Punch Hole,12.0,80.0,OPPO,snapdragon,Flagship,4-8 GB,32-256 GB,3000-5000 mAh,50-80W,v10-v16,6-9 inches,40-60 mp,8-16 mp,3-4 GHz,1440-2460 Width,1480-2160 Height,70-80 rating
OPPO,9499,Android,Helio_35,3.0,64.0,5000.0,Yes,6.56,60.0,8.0,1.0,5.0,1.0,Yes,0,Yes,No,No,No,No,8.0,2.3,720.0,1612.0,Water Drop Notch,12.0,62.0,OPPO,helio,Budget,1-4 GB,32-256 GB,3000-5000 mAh,0-50W,v10-v16,6-9 inches,5-14 mp,1-8 mp,2-3 GHz,640-1080 Width,1480-2160 Height,60-70 rating
Vivo,27994,Android,Dimensity_920,12.0,256.0,4200.0,Yes,6.44,90.0,64.0,3.0,50.0,2.0,Yes,44,Yes,Yes,No,No,No,8.0,2.5,1080.0,2400.0,Small Notch,12.0,86.0,Vivo,dimensity,Premium,8-18 GB,32-256 GB,3000-5000 mAh,0-50W,v10-v16,6-9 inches,60-200 mp,40-60 mp,2-3 GHz,640-1080 Width,2160-3840 Height,80-90 rating
iQOO,13989,Android,Snapdragon_4,4.0,64.0,5000.0,Yes,6.58,120.0,50.0,2.0,8.0,1.0,Yes,18,Yes,Yes,No,No,No,8.0,2.4,1080.0,2408.0,Water Drop Notch,12.0,75.0,Other,snapdragon,Mid-Range,1-4 GB,32-256 GB,3000-5000 mAh,0-50W,v10-v16,6-9 inches,40-60 mp,1-8 mp,2-3 GHz,640-1080 Width,2160-3840 Height,70-80 rating
OnePlus,44999,Android,Snapdragon_8,8.0,128.0,4800.0,Yes,6.7,120.0,50.0,3.0,16.0,1.0,Yes,150,Yes,Yes,No,Yes,No,8.0,3.2,1080.0,2412.0,Punch Hole,12.0,85.0,Other,snapdragon,Premium,4-8 GB,32-256 GB,3000-5000 mAh,80-240W,v10-v16,6-9 inches,40-60 mp,8-16 mp,3-4 GHz,640-1080 Width,2160-3840 Height,80-90 rating
Xiaomi,13999,Android,Dimensity_700,6.0,128.0,5000.0,Yes,6.5,90.0,48.0,3.0,8.0,1.0,Yes,18,Yes,Yes,No,No,Yes,8.0,2.2,1080.0,2400.0,Punch Hole,11.0,79.0,Xiaomi,dimensity,Mid-Range,4-8 GB,32-256 GB,3000-5000 mAh,0-50W,v10-v16,6-9 inches,40-60 mp,1-8 mp,2-3 GHz,640-1080 Width,2160-3840 Height,70-80 rating
Gionee,6190,HarmonyOS,Other_310,4.0,32.0,3500.0,Yes,6.26,60.0,13.0,1.0,5.0,1.0,Yes,0,Yes,No,No,No,No,4.0,2.4,720.0,1600.0,Large Notch,2.0,80.0,Other,Other,Budget,1-4 GB,1-32 GB,3000-5000 mAh,0-50W,v1-v5,6-9 inches,5-14 mp,1-8 mp,2-3 GHz,640-1080 Width,1480-2160 Height,70-80 rating
Apple,119900,iOS,Bionic_15,6.0,128.0,3095.0,Yes,6.1,120.0,12.0,3.0,12.0,1.0,No,0,Yes,Yes,No,Yes,No,6.0,3.22,1170.0,2532.0,Large Notch,15.0,83.0,Apple,bionic,Luxury,4-8 GB,32-256 GB,3000-5000 mAh,0-50W,v10-v16,6-9 inches,5-14 mp,8-16 mp,3-4 GHz,1080-1440 Width,2160-3840 Height,80-90 rating
OPPO,27660,Android,Snapdragon_6,8.0,128.0,4800.0,Yes,6.58,120.0,64.0,3.0,32.0,1.0,Yes,67,Yes,Yes,No,No,No,8.0,2.2,1080.0,2400.0,Punch Hole,13.0,83.0,OPPO,snapdragon,Premium,4-8 GB,32-256 GB,3000-5000 mAh,50-80W,v10-v16,6-9 inches,60-200 mp,16-40 mp,2-3 GHz,640-1080 Width,2160-3840 Height,80-90 rating
Samsung,24999,Android,Exynos_1280,6.0,128.0,5000.0,Yes,6.5,90.0,48.0,1.0,13.0,1.0,Yes,33,Yes,Yes,No,Yes,No,8.0,2.4,1080.0,2400.0,Punch Hole,12.0,75.0,Samsung,exynos,Mid-Range,4-8 GB,32-256 GB,3000-5000 mAh,0-50W,v10-v16,6-9 inches,40-60 mp,8-16 mp,2-3 GHz,640-1080 Width,2160-3840 Height,70-80 rating
Xiaomi,8388,Android,Helio_25,4.0,64.0,5000.0,Yes,6.53,60.0,13.0,1.0,5.0,1.0,Yes,0,Yes,No,No,No,No,8.0,2.4,720.0,1600.0,Water Drop Notch,11.0,66.0,Xiaomi,helio,Budget,1-4 GB,32-256 GB,3000-5000 mAh,0-50W,v10-v16,6-9 inches,5-14 mp,1-8 mp,2-3 GHz,640-1080 Width,1480-2160 Height,60-70 rating
Motorola,15999,Android,Helio_99,6.0,128.0,5000.0,Yes,6.55,120.0,108.0,3.0,16.0,1.0,Yes,33,Yes,No,No,Yes,No,8.0,2.2,1080.0,2400.0,Punch Hole,12.0,83.0,Other,helio,Mid-Range,4-8 GB,32-256 GB,3000-5000 mAh,0-50W,v10-v16,6-9 inches,60-200 mp,8-16 mp,2-3 GHz,640-1080 Width,2160-3840 Height,80-90 rating
Samsung,20999,Android,Exynos_1330,8.0,128.0,5000.0,Yes,6.6,90.0,50.0,3.0,13.0,1.0,Yes,15,Yes,Yes,No,No,No,8.0,2.4,1080.0,2408.0,Water Drop Notch,13.0,82.0,Samsung,exynos,Mid-Range,4-8 GB,32-256 GB,3000-5000 mAh,0-50W,v10-v16,6-9 inches,40-60 mp,8-16 mp,2-3 GHz,640-1080 Width,2160-3840 Height,80-90 rating
Realme,13999,Android,Dimensity_810,4.0,64.0,5000.0,Yes,6.5,90.0,48.0,3.0,16.0,1.0,Yes,18,Yes,Yes,No,No,No,8.0,2.4,1080.0,2400.0,Punch Hole,11.0,75.0,Realme,dimensity,Mid-Range,1-4 GB,32-256 GB,3000-5000 mAh,0-50W,v10-v16,6-9 inches,40-60 mp,8-16 mp,2-3 GHz,640-1080 Width,2160-3840 Height,70-80 rating
Vivo,19990,Android,Snapdragon_695,8.0,128.0,5000.0,Yes,6.58,120.0,50.0,3.0,16.0,1.0,Yes,18,Yes,Yes,No,No,No,8.0,2.2,1080.0,2408.0,Water Drop Notch,12.0,83.0,Vivo,snapdragon,Mid-Range,4-8 GB,32-256 GB,3000-5000 mAh,0-50W,v10-v16,6-9 inches,40-60 mp,8-16 mp,2-3 GHz,640-1080 Width,2160-3840 Height,80-90 rating
Samsung,13999,Android,Dimensity_700,6.0,128.0,5000.0,Yes,6.5,90.0,50.0,2.0,5.0,1.0,Yes,15,Yes,Yes,No,No,No,8.0,2.2,720.0,1600.0,Water Drop Notch,12.0,75.0,Samsung,dimensity,Mid-Range,4-8 GB,32-256 GB,3000-5000 mAh,0-50W,v10-v16,6-9 inches,40-60 mp,1-8 mp,2-3 GHz,640-1080 Width,1480-2160 Height,70-80 rating
Motorola Edge,22999,Android,Snapdragon_778,6.0,128.0,4020.0,Yes,6.5,144.0,50.0,3.0,32.0,1.0,Yes,33,Yes,Yes,No,Yes,No,8.0,2.5,1080.0,2400.0,Punch Hole,12.0,83.0,Other,snapdragon,Mid-Range,4-8 GB,32-256 GB,3000-5000 mAh,0-50W,v10-v16,6-9 inches,40-60 mp,16-40 mp,2-3 GHz,640-1080 Width,2160-3840 Height,80-90 rating
Samsung,22999,Android,Snapdragon_695,6.0,128.0,5000.0,Yes,6.6,120.0,50.0,1.0,8.0,1.0,Yes,25,Yes,Yes,No,No,No,8.0,2.2,1080.0,2408.0,Water Drop Notch,12.0,79.0,Samsung,snapdragon,Mid-Range,4-8 GB,32-256 GB,3000-5000 mAh,0-50W,v10-v16,6-9 inches,40-60 mp,1-8 mp,2-3 GHz,640-1080 Width,2160-3840 Height,70-80 rating
OPPO,16999,Android,Dimensity_810,8.0,128.0,5000.0,Yes,6.56,90.0,48.0,2.0,8.0,1.0,Yes,33,Yes,Yes,No,No,No,8.0,2.4,720.0,1612.0,Water Drop Notch,12.0,79.0,OPPO,dimensity,Mid-Range,4-8 GB,32-256 GB,3000-5000 mAh,0-50W,v10-v16,6-9 inches,40-60 mp,1-8 mp,2-3 GHz,640-1080 Width,1480-2160 Height,70-80 rating
Xiaomi,14290,Android,Snapdragon_680,6.0,128.0,5000.0,Yes,6.43,90.0,50.0,1.0,13.0,1.0,Yes,33,Yes,No,No,No,Yes,8.0,2.4,1080.0,2400.0,Punch Hole,11.0,80.0,Xiaomi,snapdragon,Mid-Range,4-8 GB,32-256 GB,3000-5000 mAh,0-50W,v10-v16,6-9 inches,40-60 mp,8-16 mp,2-3 GHz,640-1080 Width,2160-3840 Height,70-80 rating
Samsung,41999,Android,Snapdragon_778,8.0,128.0,5000.0,Yes,6.7,120.0,108.0,1.0,32.0,1.0,Yes,25,Yes,Yes,No,Yes,No,8.0,2.4,1080.0,2400.0,Punch Hole,12.0,80.0,Samsung,snapdragon,Premium,4-8 GB,32-256 GB,3000-5000 mAh,0-50W,v10-v16,6-9 inches,60-200 mp,16-40 mp,2-3 GHz,640-1080 Width,2160-3840 Height,70-80 rating
Vivo,13489,Android,Helio_35,4.0,64.0,5000.0,Yes,6.51,60.0,13.0,2.0,8.0,1.0,Yes,18,Yes,No,No,No,No,8.0,2.3,720.0,1600.0,Water Drop Notch,11.0,69.0,Vivo,helio,Mid-Range,1-4 GB,32-256 GB,3000-5000 mAh,0-50W,v10-v16,6-9 inches,5-14 mp,1-8 mp,2-3 GHz,640-1080 Width,1480-2160 Height,60-70 rating
OnePlus,22990,Android,Dimensity_8100,8.0,128.0,5000.0,Yes,6.59,120.0,64.0,3.0,16.0,1.0,Yes,0,Yes,Yes,No,Yes,No,8.0,2.85,1080.0,2412.0,Punch Hole,12.0,83.0,Other,dimensity,Mid-Range,4-8 GB,32-256 GB,3000-5000 mAh,0-50W,v10-v16,6-9 inches,60-200 mp,8-16 mp,2-3 GHz,640-1080 Width,2160-3840 Height,80-90 rating
Motorola,16499,Android,Snapdragon_695,8.0,128.0,5000.0,Yes,6.55,120.0,50.0,3.0,16.0,1.0,Yes,0,Yes,Yes,No,No,No,8.0,2.2,1080.0,2400.0,Punch Hole,12.0,84.0,Other,snapdragon,Mid-Range,4-8 GB,32-256 GB,3000-5000 mAh,0-50W,v10-v16,6-9 inches,40-60 mp,8-16 mp,2-3 GHz,640-1080 Width,2160-3840 Height,80-90 rating
Vivo,73999,Android,Snapdragon_8 Gen2,12.0,256.0,4700.0,Yes,6.78,120.0,3.0,1.0,32.0,1.0,Yes,80,Yes,Yes,No,Yes,Yes,8.0,3.2,1440.0,3200.0,Punch Hole,12.0,80.0,Vivo,snapdragon,Flagship,8-18 GB,32-256 GB,3000-5000 mAh,50-80W,v10-v16,6-9 inches,2-5 mp,16-40 mp,3-4 GHz,1080-1440 Width,2160-3840 Height,70-80 rating
Realme,9999,Android,Unisoc_612,4.0,64.0,5000.0,Yes,6.5,60.0,50.0,2.0,5.0,1.0,Yes,0,Yes,No,No,No,No,8.0,1.8,720.0,1600.0,Water Drop Notch,12.0,67.0,Realme,unisoc,Budget,1-4 GB,32-256 GB,3000-5000 mAh,0-50W,v10-v16,6-9 inches,40-60 mp,1-8 mp,0-2 GHz,640-1080 Width,1480-2160 Height,60-70 rating
Realme,12499,Android,Snapdragon_680,4.0,64.0,5000.0,Yes,6.6,90.0,50.0,3.0,16.0,1.0,Yes,33,Yes,No,No,No,No,8.0,2.4,1080.0,2412.0,Punch Hole,11.0,75.0,Realme,snapdragon,Mid-Range,1-4 GB,32-256 GB,3000-5000 mAh,0-50W,v10-v16,6-9 inches,40-60 mp,8-16 mp,2-3 GHz,640-1080 Width,2160-3840 Height,70-80 rating
OPPO,12499,Android,Helio_35,4.0,64.0,5000.0,Yes,6.56,60.0,50.0,2.0,5.0,1.0,Yes,0,Yes,No,No,No,No,8.0,2.3,720.0,1612.0,Water Drop Notch,12.0,72.0,OPPO,helio,Mid-Range,1-4 GB,32-256 GB,3000-5000 mAh,0-50W,v10-v16,6-9 inches,40-60 mp,1-8 mp,2-3 GHz,640-1080 Width,1480-2160 Height,70-80 rating
iQOO,59999,Android,Snapdragon_8 Gen2,8.0,256.0,5000.0,Yes,6.78,144.0,50.0,3.0,16.0,1.0,Yes,120,Yes,Yes,No,Yes,No,8.0,3.2,1440.0,3200.0,Punch Hole,12.0,88.0,Other,snapdragon,Flagship,4-8 GB,32-256 GB,3000-5000 mAh,80-240W,v10-v16,6-9 inches,40-60 mp,8-16 mp,3-4 GHz,1080-1440 Width,2160-3840 Height,80-90 rating
Vivo,106990,Android,Snapdragon_8 Gen1,12.0,256.0,4600.0,Yes,8.03,120.0,50.0,1.0,16.0,1.0,Yes,66,Yes,Yes,No,Yes,No,8.0,2.4,1916.0,2160.0,No Notch,12.0,80.0,Vivo,snapdragon,Luxury,8-18 GB,32-256 GB,3000-5000 mAh,50-80W,v10-v16,6-9 inches,40-60 mp,8-16 mp,2-3 GHz,1440-2460 Width,1480-2160 Height,70-80 rating
Vivo,15990,Android,Snapdragon_695,4.0,128.0,5000.0,Yes,6.58,120.0,50.0,3.0,16.0,1.0,Yes,18,Yes,Yes,No,No,No,8.0,2.2,1080.0,2408.0,Water Drop Notch,12.0,78.0,Vivo,snapdragon,Mid-Range,1-4 GB,32-256 GB,3000-5000 mAh,0-50W,v10-v16,6-9 inches,40-60 mp,8-16 mp,2-3 GHz,640-1080 Width,2160-3840 Height,70-80 rating
Apple,119990,iOS,Bionic_16,6.0,128.0,3200.0,Yes,6.1,120.0,48.0,3.0,12.0,1.0,No,0,Yes,Yes,No,Yes,No,6.0,2.4,1179.0,2556.0,No Notch,16.0,75.0,Apple,bionic,Luxury,4-8 GB,32-256 GB,3000-5000 mAh,0-50W,v10-v16,6-9 inches,40-60 mp,8-16 mp,2-3 GHz,1080-1440 Width,2160-3840 Height,70-80 rating
Xiaomi,19999,Android,Snapdragon_778,6.0,128.0,5200.0,Yes,6.67,120.0,108.0,1.0,32.0,1.0,Yes,33,Yes,Yes,No,No,Yes,8.0,2.4,1080.0,2400.0,Punch Hole,11.0,83.0,Xiaomi,snapdragon,Mid-Range,4-8 GB,32-256 GB,5000-10000 mAh,0-50W,v10-v16,6-9 inches,60-200 mp,16-40 mp,2-3 GHz,640-1080 Width,2160-3840 Height,80-90 rating
Motorola,23990,Android,Snapdragon_888,8.0,128.0,4400.0,Yes,6.55,144.0,50.0,3.0,32.0,1.0,Yes,68,Yes,Yes,No,No,No,8.0,2.9,1080.0,2460.0,Punch Hole,12.0,83.0,Other,snapdragon,Mid-Range,4-8 GB,32-256 GB,3000-5000 mAh,50-80W,v10-v16,6-9 inches,40-60 mp,16-40 mp,2-3 GHz,640-1080 Width,2160-3840 Height,80-90 rating
Realme,12999,Android,Dimensity_810,8.0,128.0,5000.0,Yes,6.6,90.0,50.0,2.0,8.0,1.0,Yes,33,Yes,Yes,No,No,No,8.0,2.4,1080.0,2408.0,Punch Hole,12.0,80.0,Realme,dimensity,Mid-Range,4-8 GB,32-256 GB,3000-5000 mAh,0-50W,v10-v16,6-9 inches,40-60 mp,1-8 mp,2-3 GHz,640-1080 Width,2160-3840 Height,70-80 rating
OPPO,19990,Android,Dimensity_800,8.0,128.0,4310.0,Yes,6.43,60.0,48.0,1.0,16.0,1.0,Yes,50,Yes,Yes,No,No,No,8.0,2.4,1080.0,2400.0,Punch Hole,11.0,82.0,OPPO,dimensity,Mid-Range,4-8 GB,32-256 GB,3000-5000 mAh,0-50W,v10-v16,6-9 inches,40-60 mp,8-16 mp,2-3 GHz,640-1080 Width,2160-3840 Height,80-90 rating
Xiaomi,58990,Android,Snapdragon_8 Gen2,8.0,128.0,4820.0,Yes,6.73,120.0,3.0,3.0,32.0,1.0,No,120,Yes,Yes,No,Yes,Yes,8.0,3.2,1440.0,3200.0,Punch Hole,13.0,80.0,Xiaomi,snapdragon,Flagship,4-8 GB,32-256 GB,3000-5000 mAh,80-240W,v10-v16,6-9 inches,2-5 mp,16-40 mp,3-4 GHz,1080-1440 Width,2160-3840 Height,70-80 rating
Vivo,43999,Android,Dimensity_9000,12.0,256.0,5000.0,Yes,6.73,144.0,108.0,3.0,32.0,1.0,Yes,120,Yes,Yes,No,No,No,8.0,3.2,1080.0,2400.0,Punch Hole,12.0,87.0,Vivo,dimensity,Premium,8-18 GB,32-256 GB,3000-5000 mAh,80-240W,v10-v16,6-9 inches,60-200 mp,16-40 mp,3-4 GHz,640-1080 Width,2160-3840 Height,80-90 rating
Samsung,49999,Android,Snapdragon_8 Gen1,8.0,128.0,3700.0,Yes,6.1,120.0,50.0,3.0,10.0,1.0,Yes,25,Yes,Yes,No,Yes,No,8.0,2.4,1080.0,2340.0,Punch Hole,12.0,86.0,Samsung,snapdragon,Premium,4-8 GB,32-256 GB,3000-5000 mAh,0-50W,v10-v16,6-9 inches,40-60 mp,8-16 mp,2-3 GHz,640-1080 Width,2160-3840 Height,80-90 rating
Vivo,15999,Android,Snapdragon_680,6.0,128.0,5000.0,Yes,6.44,60.0,50.0,3.0,16.0,1.0,Yes,44,Yes,No,No,No,No,8.0,2.4,1080.0,2408.0,Water Drop Notch,12.0,79.0,Vivo,snapdragon,Mid-Range,4-8 GB,32-256 GB,3000-5000 mAh,0-50W,v10-v16,6-9 inches,40-60 mp,8-16 mp,2-3 GHz,640-1080 Width,2160-3840 Height,70-80 rating
OnePlus,36999,Android,Dimensity_8100,12.0,256.0,5000.0,Yes,6.7,120.0,50.0,3.0,16.0,1.0,Yes,80,Yes,Yes,No,Yes,No,8.0,2.85,1080.0,2412.0,Punch Hole,12.0,87.0,Other,dimensity,Premium,8-18 GB,32-256 GB,3000-5000 mAh,50-80W,v10-v16,6-9 inches,40-60 mp,8-16 mp,2-3 GHz,640-1080 Width,2160-3840 Height,80-90 rating
Tecno,39999,Android,Dimensity_9000,8.0,256.0,5160.0,Yes,6.8,120.0,64.0,3.0,32.0,1.0,Yes,45,Yes,Yes,No,Yes,No,8.0,3.05,1080.0,2400.0,Punch Hole,12.0,85.0,Other,dimensity,Premium,4-8 GB,32-256 GB,5000-10000 mAh,0-50W,v10-v16,6-9 inches,60-200 mp,16-40 mp,3-4 GHz,640-1080 Width,2160-3840 Height,80-90 rating
Apple,51999,iOS,Bionic_14,4.0,64.0,5000.0,Yes,6.58,90.0,50.0,1.0,16.0,1.0,Yes,0,Yes,Yes,No,Yes,No,6.0,3.1,1080.0,2400.0,Unknown,12.0,74.0,Apple,bionic,Flagship,1-4 GB,32-256 GB,3000-5000 mAh,0-50W,v10-v16,6-9 inches,40-60 mp,8-16 mp,3-4 GHz,640-1080 Width,2160-3840 Height,70-80 rating
Xiaomi,22999,Android,Dimensity_8100,6.0,128.0,5080.0,Yes,6.6,144.0,64.0,3.0,16.0,1.0,Yes,67,Yes,Yes,No,No,Yes,8.0,2.85,1080.0,2460.0,Punch Hole,12.0,82.0,Xiaomi,dimensity,Mid-Range,4-8 GB,32-256 GB,5000-10000 mAh,50-80W,v10-v16,6-9 inches,60-200 mp,8-16 mp,2-3 GHz,640-1080 Width,2160-3840 Height,80-90 rating
Samsung,31999,Android,Exynos_1280,6.0,128.0,5000.0,Yes,6.5,120.0,64.0,1.0,32.0,1.0,Yes,25,Yes,Yes,No,Yes,No,8.0,2.4,1080.0,2400.0,Punch Hole,12.0,87.0,Samsung,exynos,Premium,4-8 GB,32-256 GB,3000-5000 mAh,0-50W,v10-v16,6-9 inches,60-200 mp,16-40 mp,2-3 GHz,640-1080 Width,2160-3840 Height,80-90 rating
Xiaomi,6171,Android,Helio_22,2.0,32.0,5000.0,Yes,6.52,60.0,8.0,1.0,5.0,1.0,Yes,10,Yes,No,No,No,No,4.0,2.4,720.0,1600.0,Water Drop Notch,12.0,80.0,Xiaomi,helio,Budget,1-4 GB,1-32 GB,3000-5000 mAh,0-50W,v10-v16,6-9 inches,5-14 mp,1-8 mp,2-3 GHz,640-1080 Width,1480-2160 Height,70-80 rating
OPPO,29340,Android,Dimensity_1300,8.0,128.0,4500.0,Yes,6.43,90.0,50.0,3.0,32.0,1.0,Yes,80,Yes,Yes,No,Yes,No,8.0,2.4,1080.0,2400.0,Punch Hole,12.0,83.0,OPPO,dimensity,Premium,4-8 GB,32-256 GB,3000-5000 mAh,50-80W,v10-v16,6-9 inches,40-60 mp,16-40 mp,2-3 GHz,640-1080 Width,2160-3840 Height,80-90 rating
Samsung,25289,Android,Dimensity_900,8.0,128.0,5000.0,Yes,6.7,120.0,108.0,1.0,32.0,1.0,Yes,25,Yes,Yes,No,No,No,8.0,2.4,1080.0,2400.0,Punch Hole,12.0,87.0,Samsung,dimensity,Premium,4-8 GB,32-256 GB,3000-5000 mAh,0-50W,v10-v16,6-9 inches,60-200 mp,16-40 mp,2-3 GHz,640-1080 Width,2160-3840 Height,80-90 rating
iQOO,21788,Android,Snapdragon_778,6.0,128.0,4700.0,Yes,6.44,90.0,64.0,3.0,16.0,1.0,No,66,Yes,Yes,No,No,No,8.0,2.4,1080.0,2404.0,Water Drop Notch,12.0,78.0,Other,snapdragon,Mid-Range,4-8 GB,32-256 GB,3000-5000 mAh,50-80W,v10-v16,6-9 inches,60-200 mp,8-16 mp,2-3 GHz,640-1080 Width,2160-3840 Height,70-80 rating
Tesla,69999,Android,Other_Unknown,16.0,512.0,5000.0,Yes,6.73,165.0,50.0,3.0,32.0,1.0,No,120,Yes,Yes,No,Yes,No,8.0,2.4,1080.0,2448.0,No Notch,13.0,83.0,Other,Other,Flagship,8-18 GB,256-1024 GB,3000-5000 mAh,80-240W,v10-v16,6-9 inches,40-60 mp,16-40 mp,2-3 GHz,640-1080 Width,2160-3840 Height,80-90 rating
Samsung,70990,Android,Snapdragon_8 Gen2,8.0,128.0,3900.0,Yes,6.1,120.0,50.0,3.0,12.0,1.0,Yes,25,Yes,Yes,Yes,Yes,No,8.0,3.2,1080.0,2340.0,Punch Hole,12.0,88.0,Samsung,snapdragon,Flagship,4-8 GB,32-256 GB,3000-5000 mAh,0-50W,v10-v16,6-9 inches,40-60 mp,8-16 mp,3-4 GHz,640-1080 Width,2160-3840 Height,80-90 rating
Motorola Edge,34999,Android,Snapdragon_8 Gen1,8.0,128.0,4800.0,Yes,6.7,144.0,50.0,3.0,60.0,1.0,Yes,68,Yes,Yes,No,Yes,No,8.0,2.4,1080.0,2400.0,Punch Hole,12.0,89.0,Other,snapdragon,Premium,4-8 GB,32-256 GB,3000-5000 mAh,50-80W,v10-v16,6-9 inches,40-60 mp,40-60 mp,2-3 GHz,640-1080 Width,2160-3840 Height,80-90 rating
OnePlus,33900,Android,Dimensity_1300,12.0,256.0,4500.0,Yes,6.43,90.0,50.0,3.0,32.0,1.0,Yes,80,Yes,Yes,No,Yes,No,8.0,2.4,1080.0,2400.0,Punch Hole,12.0,85.0,Other,dimensity,Premium,8-18 GB,32-256 GB,3000-5000 mAh,50-80W,v10-v16,6-9 inches,40-60 mp,16-40 mp,2-3 GHz,640-1080 Width,2160-3840 Height,80-90 rating
Google,29999,Android,Other_Unknown,6.0,128.0,4410.0,Yes,6.14,60.0,2.0,2.0,8.0,1.0,No,0,Yes,Yes,No,Yes,No,8.0,2.4,1080.0,2400.0,Punch Hole,12.0,71.0,Other,Other,Premium,4-8 GB,32-256 GB,3000-5000 mAh,0-50W,v10-v16,6-9 inches,2-5 mp,1-8 mp,2-3 GHz,640-1080 Width,2160-3840 Height,70-80 rating
Infinix,18999,Android,Dimensity_810,8.0,128.0,5000.0,Yes,6.7,60.0,108.0,3.0,16.0,1.0,Yes,33,Yes,Yes,No,No,No,8.0,2.4,1080.0,2400.0,Punch Hole,12.0,84.0,Other,dimensity,Mid-Range,4-8 GB,32-256 GB,3000-5000 mAh,0-50W,v10-v16,6-9 inches,60-200 mp,8-16 mp,2-3 GHz,640-1080 Width,2160-3840 Height,80-90 rating
Samsung,19499,Android,Exynos_1280,8.0,128.0,6000.0,Yes,6.6,120.0,50.0,1.0,8.0,1.0,Yes,25,Yes,Yes,No,Yes,No,8.0,2.4,1080.0,2400.0,Water Drop Notch,12.0,84.0,Samsung,exynos,Mid-Range,4-8 GB,32-256 GB,5000-10000 mAh,0-50W,v10-v16,6-9 inches,40-60 mp,1-8 mp,2-3 GHz,640-1080 Width,2160-3840 Height,80-90 rating
Vivo,24994,Android,Dimensity_920,8.0,128.0,4200.0,Yes,6.44,90.0,64.0,3.0,50.0,2.0,No,44,Yes,Yes,No,No,No,8.0,2.5,1080.0,2400.0,Small Notch,12.0,83.0,Vivo,dimensity,Mid-Range,4-8 GB,32-256 GB,3000-5000 mAh,0-50W,v10-v16,6-9 inches,60-200 mp,40-60 mp,2-3 GHz,640-1080 Width,2160-3840 Height,80-90 rating
Motorola,10999,Android,Snapdragon_680,4.0,64.0,5000.0,Yes,6.47,60.0,50.0,3.0,16.0,1.0,Yes,20,Yes,No,No,Yes,No,8.0,2.4,1080.0,2400.0,Punch Hole,12.0,78.0,Other,snapdragon,Mid-Range,1-4 GB,32-256 GB,3000-5000 mAh,0-50W,v10-v16,6-9 inches,40-60 mp,8-16 mp,2-3 GHz,640-1080 Width,2160-3840 Height,70-80 rating
OnePlus,24999,Android,Snapdragon_695,8.0,256.0,5000.0,Yes,6.59,120.0,64.0,3.0,16.0,1.0,Yes,33,Yes,Yes,No,No,No,8.0,2.2,1080.0,2412.0,Punch Hole,12.0,85.0,Other,snapdragon,Mid-Range,4-8 GB,32-256 GB,3000-5000 mAh,0-50W,v10-v16,6-9 inches,60-200 mp,8-16 mp,2-3 GHz,640-1080 Width,2160-3840 Height,80-90 rating
Samsung,25999,Android,Exynos_1280,6.0,128.0,5000.0,Yes,6.4,90.0,48.0,1.0,13.0,1.0,Yes,25,Yes,Yes,No,Yes,No,8.0,2.4,1080.0,2400.0,Punch Hole,12.0,82.0,Samsung,exynos,Premium,4-8 GB,32-256 GB,3000-5000 mAh,0-50W,v10-v16,6-9 inches,40-60 mp,8-16 mp,2-3 GHz,640-1080 Width,2160-3840 Height,80-90 rating
Google,34990,Android,Other_Unknown,6.0,128.0,4410.0,Yes,6.1,90.0,2.0,2.0,8.0,1.0,No,0,Yes,Yes,No,Yes,No,8.0,2.4,1080.0,2400.0,Punch Hole,12.0,69.0,Other,Other,Premium,4-8 GB,32-256 GB,3000-5000 mAh,0-50W,v10-v16,6-9 inches,2-5 mp,1-8 mp,2-3 GHz,640-1080 Width,2160-3840 Height,60-70 rating
Xiaomi,13466,Android,Dimensity_700,4.0,64.0,5000.0,Yes,6.58,90.0,50.0,2.0,5.0,1.0,Yes,18,Yes,Yes,No,No,Yes,8.0,2.2,1080.0,2408.0,Water Drop Notch,12.0,74.0,Xiaomi,dimensity,Mid-Range,1-4 GB,32-256 GB,3000-5000 mAh,0-50W,v10-v16,6-9 inches,40-60 mp,1-8 mp,2-3 GHz,640-1080 Width,2160-3840 Height,70-80 rating
Xiaomi,9999,Android,Snapdragon_720,4.0,64.0,5020.0,Yes,6.67,60.0,48.0,1.0,16.0,1.0,Yes,18,Yes,No,No,No,Yes,8.0,2.3,1080.0,2400.0,Punch Hole,10.0,76.0,Xiaomi,snapdragon,Budget,1-4 GB,32-256 GB,5000-10000 mAh,0-50W,v5-v10,6-9 inches,40-60 mp,8-16 mp,2-3 GHz,640-1080 Width,2160-3840 Height,70-80 rating
Motorola,7999,Android,Other_700,4.0,64.0,5000.0,Yes,6.5,90.0,48.0,3.0,8.0,1.0,Yes,0,Yes,No,No,No,No,8.0,1.8,720.0,1600.0,Punch Hole,11.0,71.0,Other,Other,Budget,1-4 GB,32-256 GB,3000-5000 mAh,0-50W,v10-v16,6-9 inches,40-60 mp,1-8 mp,0-2 GHz,640-1080 Width,1480-2160 Height,70-80 rating
Nothing,28249,Android,Snapdragon_778,8.0,256.0,4500.0,Yes,6.55,120.0,50.0,2.0,16.0,1.0,Yes,33,Yes,Yes,No,Yes,No,8.0,2.5,1080.0,2400.0,Punch Hole,12.0,86.0,Other,snapdragon,Premium,4-8 GB,32-256 GB,3000-5000 mAh,0-50W,v10-v16,6-9 inches,40-60 mp,8-16 mp,2-3 GHz,640-1080 Width,2160-3840 Height,80-90 rating
POCO,16499,Android,Snapdragon_695,6.0,128.0,5000.0,Yes,6.67,120.0,64.0,3.0,16.0,1.0,Yes,67,Yes,Yes,No,No,Yes,8.0,2.2,1080.0,2400.0,Punch Hole,11.0,82.0,Other,snapdragon,Mid-Range,4-8 GB,32-256 GB,3000-5000 mAh,50-80W,v10-v16,6-9 inches,60-200 mp,8-16 mp,2-3 GHz,640-1080 Width,2160-3840 Height,80-90 rating
Xiaomi,22999,Android,Snapdragon_695,8.0,256.0,5000.0,Yes,6.67,120.0,108.0,3.0,16.0,1.0,Yes,67,Yes,Yes,No,No,Yes,8.0,2.2,1080.0,2400.0,Punch Hole,11.0,87.0,Xiaomi,snapdragon,Mid-Range,4-8 GB,32-256 GB,3000-5000 mAh,50-80W,v10-v16,6-9 inches,60-200 mp,8-16 mp,2-3 GHz,640-1080 Width,2160-3840 Height,80-90 rating
Apple,46999,iOS,Bionic_13,4.0,128.0,3110.0,Yes,6.1,60.0,12.0,2.0,12.0,1.0,No,0,Yes,No,No,Yes,No,6.0,2.65,828.0,1792.0,Large Notch,13.0,75.0,Apple,bionic,Premium,1-4 GB,32-256 GB,3000-5000 mAh,0-50W,v10-v16,6-9 inches,5-14 mp,8-16 mp,2-3 GHz,640-1080 Width,1480-2160 Height,70-80 rating
Realme,13999,Android,Other_616,6.0,128.0,5000.0,Yes,6.6,90.0,50.0,3.0,8.0,1.0,Yes,18,Yes,No,No,No,No,8.0,1.8,1080.0,2408.0,Water Drop Notch,11.0,74.0,Realme,Other,Mid-Range,4-8 GB,32-256 GB,3000-5000 mAh,0-50W,v10-v16,6-9 inches,40-60 mp,1-8 mp,0-2 GHz,640-1080 Width,2160-3840 Height,70-80 rating
OPPO,13490,Android,Snapdragon_680,6.0,128.0,5000.0,Yes,6.59,90.0,50.0,3.0,16.0,1.0,Yes,33,Yes,No,No,No,No,8.0,2.4,1080.0,2412.0,Punch Hole,11.0,78.0,OPPO,snapdragon,Mid-Range,4-8 GB,32-256 GB,3000-5000 mAh,0-50W,v10-v16,6-9 inches,40-60 mp,8-16 mp,2-3 GHz,640-1080 Width,2160-3840 Height,70-80 rating
iQOO,28999,Android,Snapdragon_870,8.0,128.0,4700.0,Yes,6.62,120.0,64.0,3.0,16.0,1.0,Yes,80,Yes,Yes,No,No,Yes,8.0,3.2,1080.0,2400.0,Punch Hole,12.0,82.0,Other,snapdragon,Premium,4-8 GB,32-256 GB,3000-5000 mAh,50-80W,v10-v16,6-9 inches,60-200 mp,8-16 mp,3-4 GHz,640-1080 Width,2160-3840 Height,80-90 rating
iQOO,15499,Android,Snapdragon_695,4.0,128.0,5000.0,Yes,6.58,120.0,50.0,3.0,16.0,1.0,Yes,18,Yes,Yes,No,No,No,8.0,2.2,1080.0,2408.0,Water Drop Notch,12.0,78.0,Other,snapdragon,Mid-Range,1-4 GB,32-256 GB,3000-5000 mAh,0-50W,v10-v16,6-9 inches,40-60 mp,8-16 mp,2-3 GHz,640-1080 Width,2160-3840 Height,70-80 rating
OPPO,39999,Android,Dimensity_8100,16.0,256.0,4500.0,Yes,6.7,120.0,50.0,2.0,32.0,1.0,Yes,67,Yes,Yes,No,Yes,No,8.0,2.85,1080.0,2412.0,Punch Hole,12.0,86.0,OPPO,dimensity,Premium,8-18 GB,32-256 GB,3000-5000 mAh,50-80W,v10-v16,6-9 inches,40-60 mp,16-40 mp,2-3 GHz,640-1080 Width,2160-3840 Height,80-90 rating
POCO,12999,Android,Dimensity_810,4.0,64.0,5000.0,Yes,6.6,90.0,50.0,2.0,16.0,1.0,Yes,33,Yes,Yes,No,No,Yes,8.0,2.4,1080.0,2400.0,Punch Hole,11.0,76.0,Other,dimensity,Mid-Range,1-4 GB,32-256 GB,3000-5000 mAh,0-50W,v10-v16,6-9 inches,40-60 mp,8-16 mp,2-3 GHz,640-1080 Width,2160-3840 Height,70-80 rating
Jio,4499,Android,Other_1,2.0,64.0,2800.0,Yes,5.0,60.0,5.0,1.0,2.0,1.0,Yes,0,Yes,No,No,No,No,4.0,1.4,720.0,1280.0,No Notch,8.1,80.0,Other,Other,Budget,1-4 GB,32-256 GB,800-3000 mAh,0-50W,v5-v10,4-6 inches,2-5 mp,1-8 mp,0-2 GHz,640-1080 Width,640-1480 Height,70-80 rating
OnePlus,14999,Android,Snapdragon_460,4.0,64.0,6000.0,Yes,6.52,60.0,13.0,3.0,8.0,1.0,Yes,18,Yes,No,No,No,No,8.0,1.8,720.0,1560.0,Punch Hole,10.0,69.0,Other,snapdragon,Mid-Range,1-4 GB,32-256 GB,5000-10000 mAh,0-50W,v5-v10,6-9 inches,5-14 mp,1-8 mp,0-2 GHz,640-1080 Width,1480-2160 Height,60-70 rating
Samsung,8499,Android,Helio_35,4.0,64.0,5000.0,Yes,6.5,60.0,13.0,2.0,5.0,1.0,Yes,15,Yes,No,No,No,No,8.0,2.3,720.0,1600.0,Water Drop Notch,12.0,68.0,Samsung,helio,Budget,1-4 GB,32-256 GB,3000-5000 mAh,0-50W,v10-v16,6-9 inches,5-14 mp,1-8 mp,2-3 GHz,640-1080 Width,1480-2160 Height,60-70 rating
iQOO,24990,Android,Snapdragon_870,8.0,128.0,4400.0,Yes,6.62,120.0,48.0,3.0,16.0,1.0,Yes,66,Yes,Yes,No,Yes,No,8.0,3.2,1080.0,2400.0,Punch Hole,12.0,83.0,Other,snapdragon,Mid-Range,4-8 GB,32-256 GB,3000-5000 mAh,50-80W,v10-v16,6-9 inches,40-60 mp,8-16 mp,3-4 GHz,640-1080 Width,2160-3840 Height,80-90 rating
Samsung,16999,Android,Exynos_1200,6.0,128.0,6000.0,Yes,6.5,120.0,64.0,1.0,32.0,1.0,Yes,25,Yes,Yes,No,Yes,No,8.0,2.4,1080.0,2400.0,Punch Hole,12.0,84.0,Samsung,exynos,Mid-Range,4-8 GB,32-256 GB,5000-10000 mAh,0-50W,v10-v16,6-9 inches,60-200 mp,16-40 mp,2-3 GHz,640-1080 Width,2160-3840 Height,80-90 rating
Xiaomi,9589,Android,Snapdragon_680,4.0,64.0,6000.0,Yes,6.7,60.0,50.0,2.0,5.0,1.0,Yes,18,Yes,No,No,No,No,8.0,2.4,720.0,1600.0,Water Drop Notch,11.0,71.0,Xiaomi,snapdragon,Budget,1-4 GB,32-256 GB,5000-10000 mAh,0-50W,v10-v16,6-9 inches,40-60 mp,1-8 mp,2-3 GHz,640-1080 Width,1480-2160 Height,70-80 rating
Apple,40999,iOS,Bionic_14,4.0,64.0,5000.0,Yes,6.58,90.0,50.0,1.0,16.0,1.0,Yes,0,Yes,Yes,No,Yes,No,6.0,3.1,1080.0,2400.0,Unknown,12.0,74.0,Apple,bionic,Premium,1-4 GB,32-256 GB,3000-5000 mAh,0-50W,v10-v16,6-9 inches,40-60 mp,8-16 mp,3-4 GHz,640-1080 Width,2160-3840 Height,70-80 rating
Xiaomi,19988,Android,Snapdragon_4,6.0,128.0,5000.0,Yes,6.67,120.0,48.0,3.0,13.0,1.0,Yes,33,Yes,Yes,No,No,Yes,8.0,2.4,1080.0,2400.0,Punch Hole,12.0,79.0,Xiaomi,snapdragon,Mid-Range,4-8 GB,32-256 GB,3000-5000 mAh,0-50W,v10-v16,6-9 inches,40-60 mp,8-16 mp,2-3 GHz,640-1080 Width,2160-3840 Height,70-80 rating
Motorola,11999,Android,Snapdragon_680,4.0,64.0,5000.0,Yes,6.6,90.0,50.0,3.0,16.0,1.0,Yes,33,Yes,No,No,Yes,No,8.0,2.4,2460.0,1080.0,Punch Hole,12.0,75.0,Other,snapdragon,Mid-Range,1-4 GB,32-256 GB,3000-5000 mAh,0-50W,v10-v16,6-9 inches,40-60 mp,8-16 mp,2-3 GHz,1440-2460 Width,640-1480 Height,70-80 rating
Apple,142990,iOS,Bionic_16,8.0,256.0,4352.0,Yes,6.68,120.0,50.0,3.0,12.0,1.0,No,25,Yes,Yes,No,Yes,No,8.0,2.4,1284.0,2778.0,Punch Hole,15.0,79.0,Apple,bionic,Luxury,4-8 GB,32-256 GB,3000-5000 mAh,0-50W,v10-v16,6-9 inches,40-60 mp,8-16 mp,2-3 GHz,1080-1440 Width,2160-3840 Height,70-80 rating
OPPO,30990,Android,Snapdragon_8 Gen1,8.0,128.0,5000.0,Yes,6.7,120.0,108.0,2.0,16.0,1.0,Yes,67,Yes,Yes,No,Yes,No,8.0,2.4,1080.0,2412.0,Water Drop Notch,12.0,87.0,OPPO,snapdragon,Premium,4-8 GB,32-256 GB,3000-5000 mAh,50-80W,v10-v16,6-9 inches,60-200 mp,8-16 mp,2-3 GHz,640-1080 Width,2160-3840 Height,80-90 rating
Infinix,19499,Android,Dimensity_1080,8.0,256.0,5000.0,Yes,6.78,120.0,50.0,3.0,16.0,1.0,Yes,33,Yes,Yes,No,No,No,8.0,2.6,1080.0,2460.0,Punch Hole,12.0,85.0,Other,dimensity,Mid-Range,4-8 GB,32-256 GB,3000-5000 mAh,0-50W,v10-v16,6-9 inches,40-60 mp,8-16 mp,2-3 GHz,640-1080 Width,2160-3840 Height,80-90 rating
Nokia,4990,Android,Snapdragon_215,4.0,0.5,1450.0,Yes,2.7,60.0,50.0,1.0,16.0,1.0,Yes,0,Yes,No,No,No,No,4.0,1.3,240.0,320.0,No Notch,12.0,80.0,Other,snapdragon,Budget,1-4 GB,0-1 GB,800-3000 mAh,0-50W,v10-v16,1-4 inches,40-60 mp,8-16 mp,0-2 GHz,120-640 Width,160-640 Height,70-80 rating
Realme,5299,Android,Other_612,2.0,32.0,5000.0,Yes,6.5,60.0,8.0,1.0,5.0,1.0,Yes,0,Yes,No,No,No,No,8.0,1.82,720.0,1600.0,Water Drop Notch,11.0,80.0,Realme,Other,Budget,1-4 GB,1-32 GB,3000-5000 mAh,0-50W,v10-v16,6-9 inches,5-14 mp,1-8 mp,0-2 GHz,640-1080 Width,1480-2160 Height,70-80 rating
OPPO,25969,Android,Snapdragon_695,8.0,128.0,4500.0,Yes,6.43,60.0,64.0,3.0,16.0,1.0,Yes,33,Yes,Yes,No,No,No,8.0,2.2,1080.0,2400.0,Punch Hole,12.0,82.0,OPPO,snapdragon,Premium,4-8 GB,32-256 GB,3000-5000 mAh,0-50W,v10-v16,6-9 inches,60-200 mp,8-16 mp,2-3 GHz,640-1080 Width,2160-3840 Height,80-90 rating
Realme,28999,Android,Snapdragon_8 Gen1,6.0,128.0,5000.0,Yes,6.4,120.0,64.0,3.0,32.0,1.0,Yes,65,Yes,Yes,No,No,No,8.0,2.4,1080.0,2400.0,Punch Hole,12.0,82.0,Realme,snapdragon,Premium,4-8 GB,32-256 GB,3000-5000 mAh,50-80W,v10-v16,6-9 inches,60-200 mp,16-40 mp,2-3 GHz,640-1080 Width,2160-3840 Height,80-90 rating
OPPO,94990,Android,Snapdragon_8,12.0,256.0,4520.0,Yes,7.1,120.0,50.0,1.0,16.0,1.0,Yes,67,Yes,Yes,No,Yes,No,8.0,3.2,1792.0,1920.0,Punch Hole,12.0,80.0,OPPO,snapdragon,Flagship,8-18 GB,32-256 GB,3000-5000 mAh,50-80W,v10-v16,6-9 inches,40-60 mp,8-16 mp,3-4 GHz,1440-2460 Width,1480-2160 Height,70-80 rating
Realme,14999,Android,Snapdragon_680,6.0,128.0,5000.0,Yes,6.4,90.0,108.0,3.0,16.0,1.0,Yes,33,Yes,No,No,No,No,8.0,2.4,1080.0,2400.0,Punch Hole,12.0,81.0,Realme,snapdragon,Mid-Range,4-8 GB,32-256 GB,3000-5000 mAh,0-50W,v10-v16,6-9 inches,60-200 mp,8-16 mp,2-3 GHz,640-1080 Width,2160-3840 Height,80-90 rating
Cola,14999,Android,Helio_99,4.0,64.0,5000.0,Yes,6.4,90.0,50.0,2.0,16.0,1.0,Yes,33,Yes,No,No,No,No,8.0,2.2,1080.0,2400.0,Punch Hole,12.0,74.0,Other,helio,Mid-Range,1-4 GB,32-256 GB,3000-5000 mAh,0-50W,v10-v16,6-9 inches,40-60 mp,8-16 mp,2-3 GHz,640-1080 Width,2160-3840 Height,70-80 rating
Apple,129900,iOS,Bionic_15,6.0,128.0,4352.0,Yes,6.7,120.0,12.0,3.0,12.0,1.0,No,0,Yes,Yes,No,Yes,No,6.0,3.22,1284.0,2778.0,Small Notch,15.0,84.0,Apple,bionic,Luxury,4-8 GB,32-256 GB,3000-5000 mAh,0-50W,v10-v16,6-9 inches,5-14 mp,8-16 mp,3-4 GHz,1080-1440 Width,2160-3840 Height,80-90 rating
OPPO,58990,Android,Snapdragon_8 Gen2,12.0,256.0,4700.0,Yes,6.73,120.0,64.0,1.0,32.0,1.0,Yes,80,Yes,Yes,No,Yes,No,8.0,3.2,1080.0,2412.0,Punch Hole,12.0,88.0,OPPO,snapdragon,Flagship,8-18 GB,32-256 GB,3000-5000 mAh,50-80W,v10-v16,6-9 inches,60-200 mp,16-40 mp,3-4 GHz,640-1080 Width,2160-3840 Height,80-90 rating
Vivo,41990,Android,Dimensity_9200,8.0,128.0,4810.0,Yes,6.78,120.0,50.0,3.0,32.0,1.0,No,120,Yes,Yes,No,Yes,Yes,8.0,3.05,1260.0,2800.0,Punch Hole,13.0,88.0,Vivo,dimensity,Premium,4-8 GB,32-256 GB,3000-5000 mAh,80-240W,v10-v16,6-9 inches,40-60 mp,16-40 mp,3-4 GHz,1080-1440 Width,2160-3840 Height,80-90 rating
Samsung,10999,Android,Exynos_850,4.0,64.0,6000.0,Yes,6.6,60.0,50.0,3.0,8.0,1.0,Yes,15,Yes,No,No,Yes,No,8.0,2.4,2408.0,1080.0,Water Drop Notch,12.0,74.0,Samsung,exynos,Mid-Range,1-4 GB,32-256 GB,5000-10000 mAh,0-50W,v10-v16,6-9 inches,40-60 mp,1-8 mp,2-3 GHz,1440-2460 Width,640-1480 Height,70-80 rating
Xiaomi,11999,Android,Helio_95,6.0,128.0,5000.0,Yes,6.43,60.0,64.0,1.0,13.0,1.0,Yes,33,Yes,No,No,No,Yes,8.0,2.05,1080.0,2400.0,Punch Hole,11.0,79.0,Xiaomi,helio,Mid-Range,4-8 GB,32-256 GB,3000-5000 mAh,0-50W,v10-v16,6-9 inches,60-200 mp,8-16 mp,2-3 GHz,640-1080 Width,2160-3840 Height,70-80 rating
Realme,16999,Android,Helio_99,8.0,128.0,5000.0,Yes,6.4,90.0,50.0,2.0,16.0,1.0,Yes,33,Yes,No,No,No,No,8.0,2.2,1080.0,2400.0,Punch Hole,12.0,79.0,Realme,helio,Mid-Range,4-8 GB,32-256 GB,3000-5000 mAh,0-50W,v10-v16,6-9 inches,40-60 mp,8-16 mp,2-3 GHz,640-1080 Width,2160-3840 Height,70-80 rating
iQOO,30990,Android,Snapdragon_888,8.0,128.0,4500.0,Yes,6.62,120.0,48.0,3.0,16.0,1.0,Yes,66,Yes,Yes,No,Yes,No,8.0,2.84,1080.0,2400.0,Punch Hole,12.0,83.0,Other,snapdragon,Premium,4-8 GB,32-256 GB,3000-5000 mAh,50-80W,v10-v16,6-9 inches,40-60 mp,8-16 mp,2-3 GHz,640-1080 Width,2160-3840 Height,80-90 rating
Infinix,17999,Android,Dimensity_810,4.0,64.0,5000.0,Yes,6.6,120.0,50.0,1.0,8.0,1.0,Yes,18,Yes,Yes,No,No,No,8.0,2.4,1080.0,2408.0,Water Drop Notch,12.0,75.0,Other,dimensity,Mid-Range,1-4 GB,32-256 GB,3000-5000 mAh,0-50W,v10-v16,6-9 inches,40-60 mp,1-8 mp,2-3 GHz,640-1080 Width,2160-3840 Height,70-80 rating
Letv,5499,Android,Other_310,4.0,32.0,4000.0,Yes,6.54,60.0,8.0,1.0,5.0,1.0,Yes,0,Yes,No,No,No,No,4.0,2.4,720.0,1560.0,Small Notch,12.0,80.0,Other,Other,Budget,1-4 GB,1-32 GB,3000-5000 mAh,0-50W,v10-v16,6-9 inches,5-14 mp,1-8 mp,2-3 GHz,640-1080 Width,1480-2160 Height,70-80 rating
Xiaomi,20499,Android,Snapdragon_7 Gen1,6.0,128.0,5200.0,Yes,6.67,120.0,108.0,1.0,32.0,1.0,Yes,67,Yes,Yes,No,No,Yes,8.0,2.36,1080.0,2460.0,Punch Hole,12.0,83.0,Xiaomi,snapdragon,Mid-Range,4-8 GB,32-256 GB,5000-10000 mAh,50-80W,v10-v16,6-9 inches,60-200 mp,16-40 mp,2-3 GHz,640-1080 Width,2160-3840 Height,80-90 rating
Realme Narzo,20490,Android,Dimensity_920,6.0,128.0,5000.0,Yes,6.4,90.0,48.0,3.0,16.0,1.0,Yes,33,Yes,Yes,No,No,No,8.0,2.5,1080.0,2400.0,Punch Hole,12.0,81.0,Other,dimensity,Mid-Range,4-8 GB,32-256 GB,3000-5000 mAh,0-50W,v10-v16,6-9 inches,40-60 mp,8-16 mp,2-3 GHz,640-1080 Width,2160-3840 Height,80-90 rating
OPPO,15490,Android,Snapdragon_480,6.0,128.0,5000.0,Yes,6.5,90.0,48.0,3.0,8.0,1.0,Yes,18,Yes,Yes,No,No,No,8.0,2.4,1080.0,2400.0,Punch Hole,11.0,77.0,OPPO,snapdragon,Mid-Range,4-8 GB,32-256 GB,3000-5000 mAh,0-50W,v10-v16,6-9 inches,40-60 mp,1-8 mp,2-3 GHz,640-1080 Width,2160-3840 Height,70-80 rating
Apple,29990,iOS,Bionic_13,3.0,64.0,2050.0,No,4.7,60.0,12.0,1.0,7.0,1.0,No,0,Yes,No,No,Yes,No,6.0,2.65,750.0,1334.0,Large Notch,13.0,61.0,Apple,bionic,Premium,1-4 GB,32-256 GB,800-3000 mAh,0-50W,v10-v16,4-6 inches,5-14 mp,1-8 mp,2-3 GHz,640-1080 Width,640-1480 Height,60-70 rating
iQOO,15499,Android,Snapdragon_4,6.0,128.0,5000.0,Yes,6.58,120.0,50.0,2.0,8.0,1.0,Yes,18,Yes,Yes,No,No,No,8.0,2.4,1080.0,2408.0,Water Drop Notch,12.0,79.0,Other,snapdragon,Mid-Range,4-8 GB,32-256 GB,3000-5000 mAh,0-50W,v10-v16,6-9 inches,40-60 mp,1-8 mp,2-3 GHz,640-1080 Width,2160-3840 Height,70-80 rating
Xiaomi,11999,Android,Helio_95,6.0,64.0,5000.0,Yes,6.43,60.0,64.0,1.0,13.0,1.0,Yes,33,Yes,No,No,No,Yes,8.0,2.05,1080.0,2400.0,Punch Hole,11.0,80.0,Xiaomi,helio,Mid-Range,4-8 GB,32-256 GB,3000-5000 mAh,0-50W,v10-v16,6-9 inches,60-200 mp,8-16 mp,2-3 GHz,640-1080 Width,2160-3840 Height,70-80 rating
Realme Narzo,10999,Android,Helio_96,4.0,64.0,5000.0,Yes,6.6,120.0,50.0,3.0,16.0,1.0,Yes,33,Yes,No,No,No,No,8.0,2.4,1080.0,2412.0,Punch Hole,11.0,74.0,Other,helio,Mid-Range,1-4 GB,32-256 GB,3000-5000 mAh,0-50W,v10-v16,6-9 inches,40-60 mp,8-16 mp,2-3 GHz,640-1080 Width,2160-3840 Height,70-80 rating
Vivo,21990,Android,Dimensity_700,8.0,128.0,5000.0,Yes,6.58,60.0,50.0,3.0,16.0,1.0,Yes,18,Yes,Yes,No,No,No,8.0,2.2,1080.0,2408.0,Water Drop Notch,12.0,82.0,Vivo,dimensity,Mid-Range,4-8 GB,32-256 GB,3000-5000 mAh,0-50W,v10-v16,6-9 inches,40-60 mp,8-16 mp,2-3 GHz,640-1080 Width,2160-3840 Height,80-90 rating
Vivo,31999,Android,Dimensity_900,12.0,256.0,4500.0,Yes,6.44,90.0,64.0,3.0,50.0,1.0,Yes,44,Yes,Yes,No,No,No,8.0,2.4,1080.0,2408.0,Water Drop Notch,12.0,85.0,Vivo,dimensity,Premium,8-18 GB,32-256 GB,3000-5000 mAh,0-50W,v10-v16,6-9 inches,60-200 mp,40-60 mp,2-3 GHz,640-1080 Width,2160-3840 Height,80-90 rating
POCO,11999,Android,Helio_96,6.0,64.0,5000.0,Yes,6.43,90.0,64.0,3.0,16.0,1.0,Yes,33,Yes,No,No,No,Yes,8.0,2.05,1080.0,2400.0,Punch Hole,11.0,77.0,Other,helio,Mid-Range,4-8 GB,32-256 GB,3000-5000 mAh,0-50W,v10-v16,6-9 inches,60-200 mp,8-16 mp,2-3 GHz,640-1080 Width,2160-3840 Height,70-80 rating
Infinix,36999,Android,Dimensity_920,8.0,256.0,4500.0,Yes,6.8,120.0,200.0,3.0,32.0,1.0,Yes,180,Yes,Yes,No,No,No,8.0,2.5,1080.0,2400.0,Punch Hole,12.0,89.0,Other,dimensity,Premium,4-8 GB,32-256 GB,3000-5000 mAh,80-240W,v10-v16,6-9 inches,60-200 mp,16-40 mp,2-3 GHz,640-1080 Width,2160-3840 Height,80-90 rating
Tecno,6999,Android,Helio_22,3.0,32.0,5000.0,Yes,6.56,60.0,13.0,1.0,5.0,1.0,Yes,10,Yes,No,No,No,No,4.0,2.4,720.0,1600.0,Water Drop Notch,12.0,62.0,Other,helio,Budget,1-4 GB,1-32 GB,3000-5000 mAh,0-50W,v10-v16,6-9 inches,5-14 mp,1-8 mp,2-3 GHz,640-1080 Width,1480-2160 Height,60-70 rating
Motorola,39999,Android,Snapdragon_8 Gen2,8.0,128.0,4600.0,Yes,6.7,165.0,50.0,3.0,60.0,1.0,Yes,125,Yes,Yes,No,Yes,No,8.0,3.2,1080.0,2400.0,No Notch,12.0,89.0,Other,snapdragon,Premium,4-8 GB,32-256 GB,3000-5000 mAh,80-240W,v10-v16,6-9 inches,40-60 mp,40-60 mp,3-4 GHz,640-1080 Width,2160-3840 Height,80-90 rating
Samsung,14999,Android,Snapdragon_695,4.0,128.0,5000.0,Yes,6.6,120.0,50.0,3.0,8.0,1.0,Yes,25,Yes,Yes,No,Yes,No,8.0,2.2,1080.0,2408.0,Water Drop Notch,12.0,78.0,Samsung,snapdragon,Mid-Range,1-4 GB,32-256 GB,3000-5000 mAh,0-50W,v10-v16,6-9 inches,40-60 mp,1-8 mp,2-3 GHz,640-1080 Width,2160-3840 Height,70-80 rating
Realme,14499,Android,Dimensity_700,8.0,128.0,5000.0,Yes,6.6,90.0,50.0,2.0,8.0,1.0,Yes,33,Yes,Yes,No,No,No,8.0,2.2,1080.0,2408.0,Water Drop Notch,12.0,79.0,Realme,dimensity,Mid-Range,4-8 GB,32-256 GB,3000-5000 mAh,0-50W,v10-v16,6-9 inches,40-60 mp,1-8 mp,2-3 GHz,640-1080 Width,2160-3840 Height,70-80 rating
OnePlus,27999,Android,Dimensity_8200,8.0,128.0,4200.0,Yes,6.43,90.0,50.0,3.0,32.0,1.0,Yes,120,Yes,Yes,No,Yes,No,8.0,3.1,1080.0,2400.0,Punch Hole,12.0,84.0,Other,dimensity,Premium,4-8 GB,32-256 GB,3000-5000 mAh,80-240W,v10-v16,6-9 inches,40-60 mp,16-40 mp,3-4 GHz,640-1080 Width,2160-3840 Height,80-90 rating
Motorola,20499,Android,Snapdragon_695,8.0,128.0,5000.0,Yes,6.6,120.0,50.0,3.0,16.0,1.0,Yes,30,Yes,Yes,No,Yes,No,8.0,2.2,1080.0,2400.0,Punch Hole,12.0,86.0,Other,snapdragon,Mid-Range,4-8 GB,32-256 GB,3000-5000 mAh,0-50W,v10-v16,6-9 inches,40-60 mp,8-16 mp,2-3 GHz,640-1080 Width,2160-3840 Height,80-90 rating
iKall,8099,Android,Other_1,4.0,64.0,5000.0,Yes,6.5,60.0,13.0,1.0,8.0,1.0,Yes,0,Yes,No,No,No,No,4.0,1.6,720.0,1600.0,Water Drop Notch,11.0,60.0,Other,Other,Budget,1-4 GB,32-256 GB,3000-5000 mAh,0-50W,v10-v16,6-9 inches,5-14 mp,1-8 mp,0-2 GHz,640-1080 Width,1480-2160 Height,60-70 rating
LeEco,10999,Android,Other_7150,8.0,128.0,5000.0,Yes,6.5,60.0,13.0,1.0,5.0,1.0,Yes,10,Yes,No,No,No,No,4.0,1.8,720.0,1600.0,Small Notch,12.0,65.0,Other,Other,Mid-Range,4-8 GB,32-256 GB,3000-5000 mAh,0-50W,v10-v16,6-9 inches,5-14 mp,1-8 mp,0-2 GHz,640-1080 Width,1480-2160 Height,60-70 rating
Realme,3499,Android,Helio_22,3.0,32.0,4000.0,Yes,6.1,60.0,13.0,2.0,5.0,1.0,Yes,0,Yes,No,No,No,No,8.0,2.4,720.0,1560.0,Water Drop Notch,9.0,63.0,Realme,helio,Budget,1-4 GB,1-32 GB,3000-5000 mAh,0-50W,v5-v10,6-9 inches,5-14 mp,1-8 mp,2-3 GHz,640-1080 Width,1480-2160 Height,60-70 rating
Duoqin,9990,Android,Helio_85,4.0,64.0,2150.0,Yes,3.54,60.0,8.0,1.0,2.0,1.0,Yes,0,Yes,No,No,No,No,8.0,2.4,640.0,960.0,No Notch,12.0,80.0,Other,helio,Budget,1-4 GB,32-256 GB,800-3000 mAh,0-50W,v10-v16,1-4 inches,5-14 mp,1-8 mp,2-3 GHz,120-640 Width,640-1480 Height,70-80 rating
Samsung,34999,Android,Snapdragon_888,6.0,128.0,6000.0,Yes,6.67,90.0,64.0,3.0,32.0,1.0,Yes,25,Yes,Yes,No,No,No,8.0,2.84,1080.0,2412.0,Punch Hole,12.0,85.0,Samsung,snapdragon,Premium,4-8 GB,32-256 GB,5000-10000 mAh,0-50W,v10-v16,6-9 inches,60-200 mp,16-40 mp,2-3 GHz,640-1080 Width,2160-3840 Height,80-90 rating
Nokia,46999,Android,Snapdragon_8 Gen1,12.0,256.0,6000.0,Yes,6.9,120.0,200.0,1.0,32.0,1.0,Yes,65,Yes,Yes,No,No,No,8.0,2.4,1400.0,3200.0,Punch Hole,12.1,80.0,Other,snapdragon,Premium,8-18 GB,32-256 GB,5000-10000 mAh,50-80W,v10-v16,6-9 inches,60-200 mp,16-40 mp,2-3 GHz,1080-1440 Width,2160-3840 Height,70-80 rating
Motorola Edge,39999,Android,Snapdragon_888,8.0,128.0,4400.0,Yes,6.55,144.0,50.0,3.0,32.0,1.0,No,68,Yes,Yes,No,Yes,No,8.0,2.9,1080.0,2400.0,Punch Hole,12.0,88.0,Other,snapdragon,Premium,4-8 GB,32-256 GB,3000-5000 mAh,50-80W,v10-v16,6-9 inches,40-60 mp,16-40 mp,2-3 GHz,640-1080 Width,2160-3840 Height,80-90 rating
Realme,11828,Android,Other_616,4.0,64.0,5000.0,Yes,6.6,60.0,50.0,3.0,8.0,1.0,Yes,18,Yes,No,No,No,No,8.0,1.8,1080.0,2408.0,Water Drop Notch,11.0,70.0,Realme,Other,Mid-Range,1-4 GB,32-256 GB,3000-5000 mAh,0-50W,v10-v16,6-9 inches,40-60 mp,1-8 mp,0-2 GHz,640-1080 Width,2160-3840 Height,60-70 rating
OPPO,45999,Android,Dimensity_8100,12.0,256.0,4500.0,Yes,6.7,120.0,50.0,3.0,32.0,1.0,Yes,80,Yes,Yes,No,Yes,No,8.0,2.85,1080.0,2412.0,Punch Hole,12.0,86.0,OPPO,dimensity,Premium,8-18 GB,32-256 GB,3000-5000 mAh,50-80W,v10-v16,6-9 inches,40-60 mp,16-40 mp,2-3 GHz,640-1080 Width,2160-3840 Height,80-90 rating
OnePlus,18999,Android,Snapdragon_695,6.0,128.0,5000.0,Yes,6.59,120.0,50.0,3.0,16.0,1.0,Yes,33,Yes,Yes,No,No,No,8.0,2.2,1080.0,2412.0,Punch Hole,12.0,81.0,Other,snapdragon,Mid-Range,4-8 GB,32-256 GB,3000-5000 mAh,0-50W,v10-v16,6-9 inches,40-60 mp,8-16 mp,2-3 GHz,640-1080 Width,2160-3840 Height,80-90 rating
POCO,17999,Android,Snapdragon_695,8.0,128.0,5000.0,Yes,6.67,120.0,64.0,3.0,16.0,1.0,Yes,67,Yes,Yes,No,No,Yes,8.0,2.2,1080.0,2400.0,Punch Hole,11.0,84.0,Other,snapdragon,Mid-Range,4-8 GB,32-256 GB,3000-5000 mAh,50-80W,v10-v16,6-9 inches,60-200 mp,8-16 mp,2-3 GHz,640-1080 Width,2160-3840 Height,80-90 rating
Samsung,8499,Android,Helio_35,4.0,64.0,5000.0,Yes,6.5,60.0,13.0,2.0,5.0,1.0,Yes,15,Yes,No,No,No,No,8.0,2.3,720.0,1600.0,Water Drop Notch,12.0,66.0,Samsung,helio,Budget,1-4 GB,32-256 GB,3000-5000 mAh,0-50W,v10-v16,6-9 inches,5-14 mp,1-8 mp,2-3 GHz,640-1080 Width,1480-2160 Height,60-70 rating
OPPO,17999,Android,Snapdragon_680,8.0,128.0,5000.0,Yes,6.56,90.0,50.0,2.0,8.0,1.0,Yes,33,Yes,No,No,No,No,8.0,2.4,720.0,1600.0,Water Drop Notch,12.0,76.0,OPPO,snapdragon,Mid-Range,4-8 GB,32-256 GB,3000-5000 mAh,0-50W,v10-v16,6-9 inches,40-60 mp,1-8 mp,2-3 GHz,640-1080 Width,1480-2160 Height,70-80 rating
Samsung,14450,Android,Other_2,4.0,64.0,5000.0,Yes,6.6,60.0,50.0,1.0,8.0,1.0,Yes,25,Yes,No,No,No,No,8.0,2.4,1080.0,2408.0,Water Drop Notch,12.0,75.0,Samsung,Other,Mid-Range,1-4 GB,32-256 GB,3000-5000 mAh,0-50W,v10-v16,6-9 inches,40-60 mp,1-8 mp,2-3 GHz,640-1080 Width,2160-3840 Height,70-80 rating
Motorola Edge,54999,Android,Snapdragon_8,8.0,128.0,4610.0,Yes,6.67,144.0,200.0,3.0,60.0,1.0,Yes,125,Yes,Yes,No,Yes,No,8.0,3.2,1080.0,2400.0,Punch Hole,12.0,80.0,Other,snapdragon,Flagship,4-8 GB,32-256 GB,3000-5000 mAh,80-240W,v10-v16,6-9 inches,60-200 mp,40-60 mp,3-4 GHz,640-1080 Width,2160-3840 Height,70-80 rating
Xiaomi,71999,Android,Snapdragon_8 Gen2,12.0,256.0,5000.0,Yes,6.6,120.0,108.0,1.0,32.0,1.0,Yes,120,Yes,Yes,No,Yes,Yes,8.0,3.2,1440.0,3200.0,Punch Hole,12.0,80.0,Xiaomi,snapdragon,Flagship,8-18 GB,32-256 GB,3000-5000 mAh,80-240W,v10-v16,6-9 inches,60-200 mp,16-40 mp,3-4 GHz,1080-1440 Width,2160-3840 Height,70-80 rating
Motorola,12999,Android,Snapdragon_680,6.0,128.0,5000.0,Yes,6.6,90.0,50.0,3.0,16.0,1.0,Yes,33,Yes,No,No,Yes,No,8.0,2.4,2460.0,1080.0,Punch Hole,12.0,79.0,Other,snapdragon,Mid-Range,4-8 GB,32-256 GB,3000-5000 mAh,0-50W,v10-v16,6-9 inches,40-60 mp,8-16 mp,2-3 GHz,1440-2460 Width,640-1480 Height,70-80 rating
POCO,11499,Android,Dimensity_700,4.0,64.0,5000.0,Yes,6.58,90.0,50.0,2.0,8.0,1.0,Yes,18,Yes,Yes,No,No,Yes,8.0,2.2,1080.0,2400.0,Water Drop Notch,12.0,75.0,Other,dimensity,Mid-Range,1-4 GB,32-256 GB,3000-5000 mAh,0-50W,v10-v16,6-9 inches,40-60 mp,1-8 mp,2-3 GHz,640-1080 Width,2160-3840 Height,70-80 rating
Nothing,35999,Android,Snapdragon_778,12.0,256.0,4500.0,Yes,6.55,120.0,50.0,2.0,16.0,1.0,Yes,33,Yes,Yes,No,Yes,No,8.0,2.5,1080.0,2400.0,Punch Hole,12.0,87.0,Other,snapdragon,Premium,8-18 GB,32-256 GB,3000-5000 mAh,0-50W,v10-v16,6-9 inches,40-60 mp,8-16 mp,2-3 GHz,640-1080 Width,2160-3840 Height,80-90 rating
Samsung,34999,Android,Exynos_1380,6.0,128.0,5000.0,Yes,6.4,120.0,50.0,3.0,32.0,1.0,Yes,25,Yes,Yes,No,Yes,No,8.0,2.4,1080.0,2400.0,Punch Hole,13.0,76.0,Samsung,exynos,Premium,4-8 GB,32-256 GB,3000-5000 mAh,0-50W,v10-v16,6-9 inches,40-60 mp,16-40 mp,2-3 GHz,640-1080 Width,2160-3840 Height,70-80 rating
Tecno,11999,Android,Helio_99,8.0,128.0,6000.0,Yes,6.82,90.0,50.0,1.0,8.0,1.0,Yes,18,Yes,No,No,No,No,8.0,2.2,720.0,1600.0,Water Drop Notch,12.0,73.0,Other,helio,Mid-Range,4-8 GB,32-256 GB,5000-10000 mAh,0-50W,v10-v16,6-9 inches,40-60 mp,1-8 mp,2-3 GHz,640-1080 Width,1480-2160 Height,70-80 rating
Xiaomi,27994,Android,Dimensity_1080,8.0,256.0,5000.0,Yes,6.67,120.0,50.0,3.0,16.0,1.0,Yes,67,Yes,Yes,No,No,Yes,8.0,2.6,1080.0,2400.0,Punch Hole,12.0,82.0,Xiaomi,dimensity,Premium,4-8 GB,32-256 GB,3000-5000 mAh,50-80W,v10-v16,6-9 inches,40-60 mp,8-16 mp,2-3 GHz,640-1080 Width,2160-3840 Height,80-90 rating
Apple,139990,iOS,Bionic_16,6.0,256.0,4323.0,Yes,6.7,120.0,48.0,3.0,12.0,1.0,No,0,Yes,Yes,No,Yes,No,6.0,2.4,1290.0,2796.0,No Notch,16.0,77.0,Apple,bionic,Luxury,4-8 GB,32-256 GB,3000-5000 mAh,0-50W,v10-v16,6-9 inches,40-60 mp,8-16 mp,2-3 GHz,1080-1440 Width,2160-3840 Height,70-80 rating
Vivo,39999,Android,Dimensity_1300,12.0,256.0,4830.0,Yes,6.56,120.0,64.0,3.0,32.0,1.0,Yes,66,Yes,Yes,No,No,No,8.0,2.4,1080.0,2376.0,Punch Hole,12.0,86.0,Vivo,dimensity,Premium,8-18 GB,32-256 GB,3000-5000 mAh,50-80W,v10-v16,6-9 inches,60-200 mp,16-40 mp,2-3 GHz,640-1080 Width,2160-3840 Height,80-90 rating
Realme,15499,Android,Dimensity_810,6.0,128.0,5000.0,Yes,6.5,90.0,48.0,3.0,16.0,1.0,Yes,18,Yes,Yes,No,No,No,8.0,2.4,1080.0,2400.0,Punch Hole,11.0,79.0,Realme,dimensity,Mid-Range,4-8 GB,32-256 GB,3000-5000 mAh,0-50W,v10-v16,6-9 inches,40-60 mp,8-16 mp,2-3 GHz,640-1080 Width,2160-3840 Height,70-80 rating
Realme,18999,Android,Snapdragon_695,6.0,128.0,5000.0,Yes,6.6,120.0,64.0,3.0,16.0,1.0,Yes,33,Yes,Yes,No,No,No,8.0,2.2,1080.0,2412.0,Punch Hole,12.0,80.0,Realme,snapdragon,Mid-Range,4-8 GB,32-256 GB,3000-5000 mAh,0-50W,v10-v16,6-9 inches,60-200 mp,8-16 mp,2-3 GHz,640-1080 Width,2160-3840 Height,70-80 rating
Lava,10999,Android,Dimensity_700,4.0,128.0,5000.0,Yes,6.5,90.0,50.0,2.0,8.0,1.0,Yes,0,Yes,Yes,No,No,No,8.0,2.2,1600.0,720.0,Water Drop Notch,12.0,73.0,Other,dimensity,Mid-Range,1-4 GB,32-256 GB,3000-5000 mAh,0-50W,v10-v16,6-9 inches,40-60 mp,1-8 mp,2-3 GHz,1440-2460 Width,640-1480 Height,70-80 rating
Honor,27999,Android,Snapdragon_695,8.0,256.0,5100.0,Yes,6.67,120.0,64.0,3.0,16.0,1.0,Yes,40,Yes,Yes,No,Yes,Yes,8.0,2.2,1080.0,2400.0,Punch Hole,12.0,81.0,Other,snapdragon,Premium,4-8 GB,32-256 GB,5000-10000 mAh,0-50W,v10-v16,6-9 inches,60-200 mp,8-16 mp,2-3 GHz,640-1080 Width,2160-3840 Height,80-90 rating
Google,81999,Android,Other_2,12.0,128.0,5000.0,Yes,6.7,120.0,50.0,3.0,8.0,1.0,Yes,30,Yes,Yes,No,Yes,No,8.0,2.85,1440.0,3120.0,Punch Hole,12.0,80.0,Other,Other,Flagship,8-18 GB,32-256 GB,3000-5000 mAh,0-50W,v10-v16,6-9 inches,40-60 mp,1-8 mp,2-3 GHz,1080-1440 Width,2160-3840 Height,70-80 rating
Tecno,9999,Android,Helio_88,4.0,64.0,7000.0,Yes,6.95,90.0,50.0,3.0,8.0,1.0,Yes,33,Yes,No,No,No,No,8.0,2.4,1080.0,2460.0,Punch Hole,11.0,74.0,Other,helio,Budget,1-4 GB,32-256 GB,5000-10000 mAh,0-50W,v10-v16,6-9 inches,40-60 mp,1-8 mp,2-3 GHz,640-1080 Width,2160-3840 Height,70-80 rating
Vivo,31994,Android,Dimensity_1200,8.0,128.0,4300.0,Yes,6.56,90.0,108.0,3.0,50.0,2.0,No,44,Yes,Yes,No,No,No,8.0,2.4,1080.0,2376.0,Small Notch,12.0,85.0,Vivo,dimensity,Premium,4-8 GB,32-256 GB,3000-5000 mAh,0-50W,v10-v16,6-9 inches,60-200 mp,40-60 mp,2-3 GHz,640-1080 Width,2160-3840 Height,80-90 rating
Samsung,9299,Android,Helio_35,3.0,32.0,5000.0,Yes,6.5,60.0,13.0,2.0,5.0,1.0,Yes,0,Yes,No,No,No,No,8.0,2.3,720.0,1600.0,Water Drop Notch,12.0,65.0,Samsung,helio,Budget,1-4 GB,1-32 GB,3000-5000 mAh,0-50W,v10-v16,6-9 inches,5-14 mp,1-8 mp,2-3 GHz,640-1080 Width,1480-2160 Height,60-70 rating
Xiaomi,29990,Android,Snapdragon_8,8.0,128.0,5500.0,Yes,6.67,120.0,64.0,3.0,16.0,1.0,Yes,67,Yes,Yes,No,Yes,Yes,8.0,3.2,1440.0,3200.0,Punch Hole,12.0,84.0,Xiaomi,snapdragon,Premium,4-8 GB,32-256 GB,5000-10000 mAh,50-80W,v10-v16,6-9 inches,60-200 mp,8-16 mp,3-4 GHz,1080-1440 Width,2160-3840 Height,80-90 rating
Realme,25900,Android,Dimensity_920,6.0,128.0,4500.0,Yes,6.4,90.0,50.0,3.0,16.0,1.0,No,60,Yes,Yes,No,No,No,8.0,2.5,1080.0,2400.0,Punch Hole,12.0,78.0,Realme,dimensity,Premium,4-8 GB,32-256 GB,3000-5000 mAh,50-80W,v10-v16,6-9 inches,40-60 mp,8-16 mp,2-3 GHz,640-1080 Width,2160-3840 Height,70-80 rating
Realme,16999,Android,Dimensity_810,6.0,128.0,5000.0,Yes,6.6,90.0,50.0,3.0,8.0,1.0,Yes,18,Yes,Yes,No,No,No,8.0,2.4,1080.0,2408.0,Punch Hole,12.0,78.0,Realme,dimensity,Mid-Range,4-8 GB,32-256 GB,3000-5000 mAh,0-50W,v10-v16,6-9 inches,40-60 mp,1-8 mp,2-3 GHz,640-1080 Width,2160-3840 Height,70-80 rating
Motorola Edge,24999,Android,Snapdragon_778,8.0,128.0,4020.0,Yes,6.5,144.0,50.0,3.0,32.0,1.0,Yes,33,Yes,Yes,No,Yes,No,8.0,2.5,1080.0,2400.0,Punch Hole,12.0,85.0,Other,snapdragon,Mid-Range,4-8 GB,32-256 GB,3000-5000 mAh,0-50W,v10-v16,6-9 inches,40-60 mp,16-40 mp,2-3 GHz,640-1080 Width,2160-3840 Height,80-90 rating
Xiaomi,12188,Android,Snapdragon_680,6.0,64.0,5000.0,Yes,6.43,90.0,50.0,1.0,13.0,1.0,Yes,33,Yes,No,No,No,Yes,8.0,2.4,1080.0,2400.0,Punch Hole,11.0,79.0,Xiaomi,snapdragon,Mid-Range,4-8 GB,32-256 GB,3000-5000 mAh,0-50W,v10-v16,6-9 inches,40-60 mp,8-16 mp,2-3 GHz,640-1080 Width,2160-3840 Height,70-80 rating
Vivo,8999,Android,Helio_Unknown,3.0,32.0,5000.0,Yes,6.51,60.0,8.0,1.0,5.0,1.0,Yes,10,Yes,No,No,No,No,8.0,2.4,720.0,1600.0,Water Drop Notch,12.0,80.0,Vivo,helio,Budget,1-4 GB,1-32 GB,3000-5000 mAh,0-50W,v10-v16,6-9 inches,5-14 mp,1-8 mp,2-3 GHz,640-1080 Width,1480-2160 Height,70-80 rating
POCO,7499,Android,Helio_35,4.0,64.0,5000.0,Yes,6.53,60.0,13.0,3.0,5.0,1.0,Yes,0,Yes,No,No,No,No,8.0,2.3,720.0,1600.0,Water Drop Notch,10.0,68.0,Other,helio,Budget,1-4 GB,32-256 GB,3000-5000 mAh,0-50W,v5-v10,6-9 inches,5-14 mp,1-8 mp,2-3 GHz,640-1080 Width,1480-2160 Height,60-70 rating
Realme Narzo,17999,Android,Dimensity_810,6.0,128.0,5000.0,Yes,6.6,90.0,48.0,3.0,16.0,1.0,Yes,33,Yes,Yes,No,No,No,8.0,2.4,1080.0,2400.0,Punch Hole,11.0,79.0,Other,dimensity,Mid-Range,4-8 GB,32-256 GB,3000-5000 mAh,0-50W,v10-v16,6-9 inches,40-60 mp,8-16 mp,2-3 GHz,640-1080 Width,2160-3840 Height,70-80 rating
Realme,24999,Android,Snapdragon_870,6.0,128.0,5000.0,Yes,6.62,120.0,64.0,3.0,16.0,1.0,Yes,80,Yes,Yes,No,No,No,8.0,3.2,1080.0,2400.0,Punch Hole,12.0,79.0,Realme,snapdragon,Mid-Range,4-8 GB,32-256 GB,3000-5000 mAh,50-80W,v10-v16,6-9 inches,60-200 mp,8-16 mp,3-4 GHz,640-1080 Width,2160-3840 Height,70-80 rating
OnePlus,65499,Android,Snapdragon_8 Gen1,12.0,256.0,5000.0,Yes,6.7,120.0,50.0,3.0,32.0,1.0,Yes,80,Yes,Yes,No,Yes,No,8.0,2.4,1440.0,3216.0,Punch Hole,12.0,80.0,Other,snapdragon,Flagship,8-18 GB,32-256 GB,3000-5000 mAh,50-80W,v10-v16,6-9 inches,40-60 mp,16-40 mp,2-3 GHz,1080-1440 Width,2160-3840 Height,70-80 rating
iQOO,58990,Android,Snapdragon_8 Gen2,8.0,256.0,4700.0,Yes,6.78,144.0,50.0,3.0,16.0,1.0,Yes,200,Yes,Yes,No,Yes,Yes,8.0,3.2,1440.0,3200.0,Punch Hole,12.0,89.0,Other,snapdragon,Flagship,4-8 GB,32-256 GB,3000-5000 mAh,80-240W,v10-v16,6-9 inches,40-60 mp,8-16 mp,3-4 GHz,1080-1440 Width,2160-3840 Height,80-90 rating
Vivo,11999,Android,Snapdragon_680,4.0,64.0,5000.0,Yes,6.58,90.0,50.0,2.0,8.0,1.0,Yes,18,Yes,No,No,No,No,8.0,2.4,1080.0,2408.0,Water Drop Notch,12.0,74.0,Vivo,snapdragon,Mid-Range,1-4 GB,32-256 GB,3000-5000 mAh,0-50W,v10-v16,6-9 inches,40-60 mp,1-8 mp,2-3 GHz,640-1080 Width,2160-3840 Height,70-80 rating
Xiaomi,11999,Android,Snapdragon_680,8.0,128.0,6000.0,Yes,6.7,60.0,50.0,2.0,5.0,1.0,Yes,18,Yes,No,No,No,Yes,8.0,2.4,720.0,1650.0,Punch Hole,11.0,77.0,Xiaomi,snapdragon,Mid-Range,4-8 GB,32-256 GB,5000-10000 mAh,0-50W,v10-v16,6-9 inches,40-60 mp,1-8 mp,2-3 GHz,640-1080 Width,1480-2160 Height,70-80 rating
OPPO,18990,Android,Dimensity_700,6.0,128.0,5000.0,Yes,6.56,90.0,50.0,2.0,8.0,1.0,Yes,33,Yes,Yes,No,No,No,8.0,2.2,720.0,1612.0,Water Drop Notch,12.0,76.0,OPPO,dimensity,Mid-Range,4-8 GB,32-256 GB,3000-5000 mAh,0-50W,v10-v16,6-9 inches,40-60 mp,1-8 mp,2-3 GHz,640-1080 Width,1480-2160 Height,70-80 rating
Vivo,14499,Android,Snapdragon_680,4.0,128.0,5000.0,Yes,6.44,60.0,50.0,3.0,16.0,1.0,Yes,44,Yes,No,No,No,No,8.0,2.4,1080.0,2408.0,Water Drop Notch,12.0,77.0,Vivo,snapdragon,Mid-Range,1-4 GB,32-256 GB,3000-5000 mAh,0-50W,v10-v16,6-9 inches,40-60 mp,8-16 mp,2-3 GHz,640-1080 Width,2160-3840 Height,70-80 rating
Xiaomi,106990,Android,Snapdragon_8,12.0,256.0,4500.0,Yes,8.02,120.0,50.0,1.0,16.0,1.0,Yes,67,Yes,Yes,No,Yes,Yes,8.0,3.2,1914.0,2160.0,Punch Hole,12.0,80.0,Xiaomi,snapdragon,Luxury,8-18 GB,32-256 GB,3000-5000 mAh,50-80W,v10-v16,6-9 inches,40-60 mp,8-16 mp,3-4 GHz,1440-2460 Width,1480-2160 Height,70-80 rating
Vivo,10499,Android,Helio_35,3.0,64.0,5000.0,Yes,6.51,60.0,13.0,2.0,5.0,1.0,Yes,10,Yes,No,No,No,No,8.0,2.3,720.0,1600.0,Water Drop Notch,12.0,66.0,Vivo,helio,Mid-Range,1-4 GB,32-256 GB,3000-5000 mAh,0-50W,v10-v16,6-9 inches,5-14 mp,1-8 mp,2-3 GHz,640-1080 Width,1480-2160 Height,60-70 rating
OPPO,26990,Android,Snapdragon_695,8.0,256.0,4500.0,Yes,6.43,60.0,64.0,3.0,16.0,1.0,Yes,33,Yes,Yes,No,Yes,No,8.0,2.2,1080.0,2400.0,Punch Hole,12.0,86.0,OPPO,snapdragon,Premium,4-8 GB,32-256 GB,3000-5000 mAh,0-50W,v10-v16,6-9 inches,60-200 mp,8-16 mp,2-3 GHz,640-1080 Width,2160-3840 Height,80-90 rating
Vivo,19990,Android,Helio_96,8.0,128.0,4050.0,Yes,6.44,60.0,50.0,3.0,44.0,1.0,Yes,44,Yes,No,No,No,No,8.0,2.05,1080.0,2400.0,Water Drop Notch,12.0,82.0,Vivo,helio,Mid-Range,4-8 GB,32-256 GB,3000-5000 mAh,0-50W,v10-v16,6-9 inches,40-60 mp,40-60 mp,2-3 GHz,640-1080 Width,2160-3840 Height,80-90 rating
Xiaomi,24999,Android,Dimensity_1080,8.0,256.0,4300.0,Yes,6.67,120.0,200.0,3.0,16.0,1.0,Yes,120,Yes,Yes,No,Yes,Yes,8.0,2.6,1080.0,2400.0,Punch Hole,12.0,89.0,Xiaomi,dimensity,Mid-Range,4-8 GB,32-256 GB,3000-5000 mAh,80-240W,v10-v16,6-9 inches,60-200 mp,8-16 mp,2-3 GHz,640-1080 Width,2160-3840 Height,80-90 rating
OPPO,13969,Android,Helio_35,4.0,64.0,5000.0,Yes,6.56,60.0,13.0,2.0,8.0,1.0,Yes,33,Yes,No,No,No,No,8.0,2.3,720.0,1612.0,Water Drop Notch,12.0,69.0,OPPO,helio,Mid-Range,1-4 GB,32-256 GB,3000-5000 mAh,0-50W,v10-v16,6-9 inches,5-14 mp,1-8 mp,2-3 GHz,640-1080 Width,1480-2160 Height,60-70 rating
Samsung,44999,Android,Snapdragon_778,8.0,128.0,5000.0,Yes,6.7,120.0,108.0,1.0,32.0,1.0,Yes,67,Yes,Yes,No,Yes,No,8.0,2.4,1080.0,2412.0,Punch Hole,12.0,83.0,Samsung,snapdragon,Premium,4-8 GB,32-256 GB,3000-5000 mAh,50-80W,v10-v16,6-9 inches,60-200 mp,16-40 mp,2-3 GHz,640-1080 Width,2160-3840 Height,80-90 rating
Vivo,24999,Android,Snapdragon_778,8.0,128.0,4700.0,Yes,6.44,90.0,64.0,3.0,16.0,1.0,Yes,66,Yes,Yes,No,No,No,8.0,2.4,1080.0,2404.0,Water Drop Notch,12.0,84.0,Vivo,snapdragon,Mid-Range,4-8 GB,32-256 GB,3000-5000 mAh,50-80W,v10-v16,6-9 inches,60-200 mp,8-16 mp,2-3 GHz,640-1080 Width,2160-3840 Height,80-90 rating
Google,53100,Android,Google Tensor_2,8.0,128.0,4355.0,Yes,6.3,90.0,50.0,2.0,8.0,1.0,Yes,30,Yes,Yes,No,Yes,No,8.0,2.85,1080.0,2400.0,Punch Hole,12.0,86.0,Other,google tensor,Flagship,4-8 GB,32-256 GB,3000-5000 mAh,0-50W,v10-v16,6-9 inches,40-60 mp,1-8 mp,2-3 GHz,640-1080 Width,2160-3840 Height,80-90 rating
Xiaomi,16999,Android,Dimensity_810,6.0,128.0,5000.0,Yes,6.6,90.0,50.0,2.0,16.0,1.0,Yes,33,Yes,Yes,No,No,Yes,8.0,2.4,1080.0,2400.0,Punch Hole,11.0,81.0,Xiaomi,dimensity,Mid-Range,4-8 GB,32-256 GB,3000-5000 mAh,0-50W,v10-v16,6-9 inches,40-60 mp,8-16 mp,2-3 GHz,640-1080 Width,2160-3840 Height,80-90 rating
OPPO,21899,Android,Snapdragon_680,8.0,128.0,4500.0,Yes,6.43,90.0,64.0,3.0,32.0,1.0,Yes,33,Yes,No,No,No,No,8.0,2.4,1080.0,2400.0,Punch Hole,12.0,82.0,OPPO,snapdragon,Mid-Range,4-8 GB,32-256 GB,3000-5000 mAh,0-50W,v10-v16,6-9 inches,60-200 mp,16-40 mp,2-3 GHz,640-1080 Width,2160-3840 Height,80-90 rating
Apple,75999,iOS,Bionic_15,6.0,256.0,3279.0,Yes,6.1,60.0,12.0,2.0,12.0,1.0,No,0,Yes,Yes,No,Yes,No,6.0,3.22,1170.0,2532.0,Small Notch,16.0,82.0,Apple,bionic,Flagship,4-8 GB,32-256 GB,3000-5000 mAh,0-50W,v10-v16,6-9 inches,5-14 mp,8-16 mp,3-4 GHz,1080-1440 Width,2160-3840 Height,80-90 rating
Motorola,25999,Android,Dimensity_930,8.0,256.0,5000.0,Yes,6.5,120.0,50.0,2.0,16.0,1.0,Yes,30,Yes,Yes,No,Yes,No,8.0,2.2,1080.0,2400.0,Punch Hole,13.0,85.0,Other,dimensity,Premium,4-8 GB,32-256 GB,3000-5000 mAh,0-50W,v10-v16,6-9 inches,40-60 mp,8-16 mp,2-3 GHz,640-1080 Width,2160-3840 Height,80-90 rating
Nubia,46990,Android,Snapdragon_8 Gen2,8.0,128.0,6000.0,Yes,6.8,120.0,50.0,3.0,16.0,1.0,Yes,80,Yes,Yes,No,Yes,No,8.0,3.2,1116.0,2480.0,No Notch,12.0,84.0,Other,snapdragon,Premium,4-8 GB,32-256 GB,5000-10000 mAh,50-80W,v10-v16,6-9 inches,40-60 mp,8-16 mp,3-4 GHz,1080-1440 Width,2160-3840 Height,80-90 rating
Motorola,9999,Android,Helio_85,4.0,64.0,5000.0,Yes,6.47,60.0,50.0,3.0,13.0,1.0,Yes,20,Yes,No,No,No,No,8.0,2.4,1080.0,2400.0,Punch Hole,11.0,75.0,Other,helio,Budget,1-4 GB,32-256 GB,3000-5000 mAh,0-50W,v10-v16,6-9 inches,40-60 mp,8-16 mp,2-3 GHz,640-1080 Width,2160-3840 Height,70-80 rating
Tecno,49999,Android,Dimensity_9000,12.0,256.0,5160.0,Yes,6.8,120.0,50.0,3.0,32.0,1.0,Yes,45,Yes,Yes,No,Yes,No,8.0,3.05,1080.0,2400.0,Punch Hole,12.0,89.0,Other,dimensity,Premium,8-18 GB,32-256 GB,5000-10000 mAh,0-50W,v10-v16,6-9 inches,40-60 mp,16-40 mp,3-4 GHz,640-1080 Width,2160-3840 Height,80-90 rating
Infinix,17999,Android,Helio_99,8.0,128.0,4500.0,Yes,6.7,90.0,108.0,3.0,60.0,1.0,Yes,45,Yes,No,No,Yes,No,8.0,2.2,1080.0,2400.0,Water Drop Notch,12.0,87.0,Other,helio,Mid-Range,4-8 GB,32-256 GB,3000-5000 mAh,0-50W,v10-v16,6-9 inches,60-200 mp,40-60 mp,2-3 GHz,640-1080 Width,2160-3840 Height,80-90 rating
iQOO,16940,Android,Snapdragon_695,6.0,128.0,5000.0,Yes,6.58,120.0,50.0,3.0,16.0,1.0,Yes,18,Yes,Yes,No,No,No,8.0,2.2,1080.0,2408.0,Water Drop Notch,12.0,80.0,Other,snapdragon,Mid-Range,4-8 GB,32-256 GB,3000-5000 mAh,0-50W,v10-v16,6-9 inches,40-60 mp,8-16 mp,2-3 GHz,640-1080 Width,2160-3840 Height,70-80 rating
Xiaomi,17990,Android,Snapdragon_695,6.0,64.0,5000.0,Yes,6.67,120.0,108.0,3.0,16.0,1.0,Yes,67,Yes,Yes,No,No,Yes,8.0,2.2,1080.0,2400.0,Punch Hole,11.0,81.0,Xiaomi,snapdragon,Mid-Range,4-8 GB,32-256 GB,3000-5000 mAh,50-80W,v10-v16,6-9 inches,60-200 mp,8-16 mp,2-3 GHz,640-1080 Width,2160-3840 Height,80-90 rating
OPPO,20990,Android,Snapdragon_695,8.0,128.0,4800.0,Yes,6.7,120.0,108.0,2.0,16.0,1.0,Yes,67,Yes,Yes,No,Yes,No,8.0,2.2,1080.0,2412.0,Punch Hole,13.0,84.0,OPPO,snapdragon,Mid-Range,4-8 GB,32-256 GB,3000-5000 mAh,50-80W,v10-v16,6-9 inches,60-200 mp,8-16 mp,2-3 GHz,640-1080 Width,2160-3840 Height,80-90 rating
Samsung,51999,Android,Exynos_2300,8.0,128.0,4200.0,Yes,6.4,120.0,12.0,3.0,32.0,1.0,No,33,Yes,Yes,No,Yes,No,8.0,2.4,1080.0,2400.0,Punch Hole,12.0,79.0,Samsung,exynos,Flagship,4-8 GB,32-256 GB,3000-5000 mAh,0-50W,v10-v16,6-9 inches,5-14 mp,16-40 mp,2-3 GHz,640-1080 Width,2160-3840 Height,70-80 rating
Samsung,64449,Android,Snapdragon_8 Gen1,8.0,128.0,4500.0,Yes,6.6,120.0,50.0,3.0,10.0,1.0,Yes,45,Yes,Yes,No,Yes,No,8.0,2.4,1080.0,2340.0,Punch Hole,12.0,87.0,Samsung,snapdragon,Flagship,4-8 GB,32-256 GB,3000-5000 mAh,0-50W,v10-v16,6-9 inches,40-60 mp,8-16 mp,2-3 GHz,640-1080 Width,2160-3840 Height,80-90 rating
Vivo,8990,Android,Snapdragon_480,6.0,64.0,5000.0,Yes,6.58,90.0,13.0,2.0,8.0,1.0,Yes,18,Yes,Yes,No,No,No,8.0,2.4,1080.0,2408.0,Water Drop Notch,12.0,71.0,Vivo,snapdragon,Budget,4-8 GB,32-256 GB,3000-5000 mAh,0-50W,v10-v16,6-9 inches,5-14 mp,1-8 mp,2-3 GHz,640-1080 Width,2160-3840 Height,70-80 rating
Motorola,19999,Android,Helio_85,4.0,128.0,5000.0,Yes,6.5,90.0,50.0,3.0,16.0,1.0,Yes,30,Yes,No,No,Yes,No,8.0,2.4,720.0,1600.0,Punch Hole,13.0,77.0,Other,helio,Mid-Range,1-4 GB,32-256 GB,3000-5000 mAh,0-50W,v10-v16,6-9 inches,40-60 mp,8-16 mp,2-3 GHz,640-1080 Width,1480-2160 Height,70-80 rating
POCO,13499,Android,Dimensity_700,6.0,128.0,5000.0,Yes,6.58,90.0,50.0,2.0,8.0,1.0,Yes,18,Yes,Yes,No,No,Yes,8.0,2.2,1080.0,2400.0,Water Drop Notch,12.0,79.0,Other,dimensity,Mid-Range,4-8 GB,32-256 GB,3000-5000 mAh,0-50W,v10-v16,6-9 inches,40-60 mp,1-8 mp,2-3 GHz,640-1080 Width,2160-3840 Height,70-80 rating
Tecno,15499,Android,Dimensity_900,8.0,128.0,6000.0,Yes,6.9,120.0,50.0,2.0,16.0,1.0,Yes,18,Yes,Yes,No,No,No,8.0,2.4,1080.0,2460.0,Punch Hole,11.0,78.0,Other,dimensity,Mid-Range,4-8 GB,32-256 GB,5000-10000 mAh,0-50W,v10-v16,6-9 inches,40-60 mp,8-16 mp,2-3 GHz,640-1080 Width,2160-3840 Height,70-80 rating
POCO,6499,Android,Helio_35,3.0,32.0,5000.0,Yes,6.53,60.0,13.0,3.0,5.0,1.0,Yes,0,Yes,No,No,No,No,8.0,2.3,720.0,1600.0,Water Drop Notch,10.0,65.0,Other,helio,Budget,1-4 GB,1-32 GB,3000-5000 mAh,0-50W,v5-v10,6-9 inches,5-14 mp,1-8 mp,2-3 GHz,640-1080 Width,1480-2160 Height,60-70 rating
Apple,71999,iOS,Other_13,4.0,64.0,3060.0,Yes,6.1,60.0,12.0,2.0,7.0,1.0,No,0,Yes,No,No,Yes,No,8.0,2.4,828.0,1792.0,No Notch,12.3,60.0,Apple,bionic,Flagship,1-4 GB,32-256 GB,3000-5000 mAh,0-50W,v10-v16,6-9 inches,5-14 mp,1-8 mp,2-3 GHz,640-1080 Width,1480-2160 Height,60-70 rating
Samsung,36499,Android,Exynos_1280,8.0,256.0,5000.0,Yes,6.5,120.0,64.0,1.0,32.0,1.0,Yes,25,Yes,Yes,No,Yes,No,8.0,2.4,1080.0,2400.0,Punch Hole,12.0,89.0,Samsung,exynos,Premium,4-8 GB,32-256 GB,3000-5000 mAh,0-50W,v10-v16,6-9 inches,60-200 mp,16-40 mp,2-3 GHz,640-1080 Width,2160-3840 Height,80-90 rating
Infinix,15999,Android,Dimensity_810,6.0,64.0,5000.0,Yes,6.7,60.0,50.0,2.0,16.0,1.0,Yes,33,Yes,Yes,No,No,No,8.0,2.4,1080.0,2400.0,Water Drop Notch,12.0,78.0,Other,dimensity,Mid-Range,4-8 GB,32-256 GB,3000-5000 mAh,0-50W,v10-v16,6-9 inches,40-60 mp,8-16 mp,2-3 GHz,640-1080 Width,2160-3840 Height,70-80 rating
OPPO,31994,Android,Dimensity_1200,12.0,256.0,4500.0,Yes,6.55,90.0,50.0,3.0,32.0,1.0,Yes,65,Yes,Yes,No,Yes,No,8.0,2.4,1080.0,2400.0,Punch Hole,11.0,87.0,OPPO,dimensity,Premium,8-18 GB,32-256 GB,3000-5000 mAh,50-80W,v10-v16,6-9 inches,40-60 mp,16-40 mp,2-3 GHz,640-1080 Width,2160-3840 Height,80-90 rating
OnePlus,34999,Android,Snapdragon_8,8.0,128.0,5000.0,Yes,6.7,120.0,50.0,3.0,16.0,1.0,Yes,100,Yes,Yes,No,Yes,No,8.0,3.2,1080.0,2412.0,Punch Hole,12.0,84.0,Other,snapdragon,Premium,4-8 GB,32-256 GB,3000-5000 mAh,80-240W,v10-v16,6-9 inches,40-60 mp,8-16 mp,3-4 GHz,640-1080 Width,2160-3840 Height,80-90 rating
Redmi,18999,Android,Snapdragon_712,6.0,128.0,5000.0,Yes,6.67,120.0,108.0,1.0,16.0,1.0,Yes,67,Yes,No,No,No,Yes,8.0,2.3,1080.0,2400.0,Punch Hole,11.0,81.0,Other,snapdragon,Mid-Range,4-8 GB,32-256 GB,3000-5000 mAh,50-80W,v10-v16,6-9 inches,60-200 mp,8-16 mp,2-3 GHz,640-1080 Width,2160-3840 Height,80-90 rating
Nothing,39990,Android,Snapdragon_8,8.0,128.0,4700.0,Yes,6.67,120.0,50.0,3.0,32.0,1.0,Yes,66,Yes,Yes,No,Yes,No,8.0,3.2,1080.0,2400.0,Punch Hole,12.0,88.0,Other,snapdragon,Premium,4-8 GB,32-256 GB,3000-5000 mAh,50-80W,v10-v16,6-9 inches,40-60 mp,16-40 mp,3-4 GHz,640-1080 Width,2160-3840 Height,80-90 rating
Samsung,16499,Android,Helio_80,8.0,128.0,5000.0,Yes,6.4,90.0,64.0,1.0,20.0,1.0,Yes,15,Yes,No,No,No,No,8.0,2.4,1080.0,2400.0,Water Drop Notch,11.0,82.0,Samsung,helio,Mid-Range,4-8 GB,32-256 GB,3000-5000 mAh,0-50W,v10-v16,6-9 inches,60-200 mp,16-40 mp,2-3 GHz,640-1080 Width,2160-3840 Height,80-90 rating
Nokia,6199,Android,Snapdragon_205,0.5,4.0,1500.0,Yes,2.8,60.0,50.0,1.0,16.0,1.0,Yes,0,Yes,No,No,No,No,2.0,1.1,240.0,320.0,No Notch,12.0,80.0,Other,snapdragon,Budget,0-1 GB,1-32 GB,800-3000 mAh,0-50W,v10-v16,1-4 inches,40-60 mp,8-16 mp,0-2 GHz,120-640 Width,160-640 Height,70-80 rating
Google,54300,Android,Other_2,12.0,128.0,5003.0,Yes,6.71,120.0,50.0,3.0,1.0,1.0,Yes,30,Yes,Yes,No,Yes,No,8.0,2.8,1440.0,3120.0,Punch Hole,12.0,89.0,Other,Other,Flagship,8-18 GB,32-256 GB,5000-10000 mAh,0-50W,v10-v16,6-9 inches,40-60 mp,1-8 mp,2-3 GHz,1080-1440 Width,2160-3840 Height,80-90 rating
Infinix,9999,Android,Helio_85,4.0,64.0,5000.0,Yes,6.7,60.0,50.0,2.0,8.0,1.0,Yes,33,Yes,No,No,No,No,8.0,2.4,1080.0,2400.0,Water Drop Notch,12.0,73.0,Other,helio,Budget,1-4 GB,32-256 GB,3000-5000 mAh,0-50W,v10-v16,6-9 inches,40-60 mp,1-8 mp,2-3 GHz,640-1080 Width,2160-3840 Height,70-80 rating
Xiaomi,15990,Android,Dimensity_700,6.0,128.0,5000.0,Yes,6.58,90.0,50.0,2.0,5.0,1.0,Yes,18,Yes,Yes,No,No,Yes,8.0,2.2,1080.0,2408.0,Water Drop Notch,12.0,77.0,Xiaomi,dimensity,Mid-Range,4-8 GB,32-256 GB,3000-5000 mAh,0-50W,v10-v16,6-9 inches,40-60 mp,1-8 mp,2-3 GHz,640-1080 Width,2160-3840 Height,70-80 rating
Xiaomi,22700,Android,Snapdragon_695,8.0,128.0,5000.0,Yes,6.67,120.0,108.0,3.0,16.0,1.0,Yes,67,Yes,Yes,No,No,Yes,8.0,2.2,1080.0,2400.0,Punch Hole,11.0,86.0,Xiaomi,snapdragon,Mid-Range,4-8 GB,32-256 GB,3000-5000 mAh,50-80W,v10-v16,6-9 inches,60-200 mp,8-16 mp,2-3 GHz,640-1080 Width,2160-3840 Height,80-90 rating
Xiaomi,50990,Android,Snapdragon_8 Gen1,8.0,256.0,4600.0,Yes,6.73,120.0,50.0,3.0,32.0,1.0,Yes,120,Yes,Yes,No,Yes,Yes,8.0,2.4,1440.0,3200.0,Punch Hole,12.0,89.0,Xiaomi,snapdragon,Flagship,4-8 GB,32-256 GB,3000-5000 mAh,80-240W,v10-v16,6-9 inches,40-60 mp,16-40 mp,2-3 GHz,1080-1440 Width,2160-3840 Height,80-90 rating
Apple,64900,iOS,Bionic_15,4.0,128.0,2438.0,Yes,5.4,60.0,12.0,2.0,12.0,1.0,No,0,Yes,Yes,No,Yes,No,6.0,3.22,1080.0,2340.0,Large Notch,15.0,79.0,Apple,bionic,Flagship,1-4 GB,32-256 GB,800-3000 mAh,0-50W,v10-v16,4-6 inches,5-14 mp,8-16 mp,3-4 GHz,640-1080 Width,2160-3840 Height,70-80 rating
Tecno,13799,Android,Helio_88,6.0,128.0,7000.0,Yes,6.9,90.0,50.0,3.0,8.0,1.0,Yes,33,Yes,No,No,No,No,8.0,2.4,1080.0,2460.0,Punch Hole,11.0,77.0,Other,helio,Mid-Range,4-8 GB,32-256 GB,5000-10000 mAh,0-50W,v10-v16,6-9 inches,40-60 mp,1-8 mp,2-3 GHz,640-1080 Width,2160-3840 Height,70-80 rating
Realme,8999,Android,Other_612,4.0,64.0,5000.0,Yes,6.52,60.0,13.0,3.0,5.0,1.0,Yes,0,Yes,No,No,No,No,8.0,1.82,720.0,1600.0,Water Drop Notch,11.0,65.0,Realme,Other,Budget,1-4 GB,32-256 GB,3000-5000 mAh,0-50W,v10-v16,6-9 inches,5-14 mp,1-8 mp,0-2 GHz,640-1080 Width,1480-2160 Height,60-70 rating
Asus,89999,Android,Snapdragon_8,18.0,512.0,6000.0,Yes,6.78,165.0,50.0,3.0,12.0,1.0,No,65,Yes,Yes,No,Yes,No,8.0,3.2,1080.0,2448.0,No Notch,12.0,88.0,Other,snapdragon,Flagship,8-18 GB,256-1024 GB,5000-10000 mAh,50-80W,v10-v16,6-9 inches,40-60 mp,8-16 mp,3-4 GHz,640-1080 Width,2160-3840 Height,80-90 rating
Vivo,21994,Android,Dimensity_810,8.0,128.0,4050.0,Yes,6.44,60.0,50.0,3.0,44.0,1.0,Yes,44,Yes,Yes,No,No,No,8.0,2.4,1080.0,2400.0,Water Drop Notch,12.0,84.0,Vivo,dimensity,Mid-Range,4-8 GB,32-256 GB,3000-5000 mAh,0-50W,v10-v16,6-9 inches,40-60 mp,40-60 mp,2-3 GHz,640-1080 Width,2160-3840 Height,80-90 rating
Apple,69990,iOS,Bionic_16,6.0,128.0,3500.0,Yes,5.42,60.0,12.0,2.0,12.0,1.0,No,0,Yes,No,No,Yes,No,8.0,2.4,1080.0,2340.0,Punch Hole,15.0,70.0,Apple,bionic,Flagship,4-8 GB,32-256 GB,3000-5000 mAh,0-50W,v10-v16,4-6 inches,5-14 mp,8-16 mp,2-3 GHz,640-1080 Width,2160-3840 Height,60-70 rating
Xiaomi,12999,Android,Dimensity_700,4.0,64.0,5000.0,Yes,6.5,90.0,48.0,3.0,8.0,1.0,Yes,18,Yes,Yes,No,No,Yes,8.0,2.2,1080.0,2400.0,Punch Hole,11.0,75.0,Xiaomi,dimensity,Mid-Range,1-4 GB,32-256 GB,3000-5000 mAh,0-50W,v10-v16,6-9 inches,40-60 mp,1-8 mp,2-3 GHz,640-1080 Width,2160-3840 Height,70-80 rating
iQOO,24990,Android,Dimensity_8200,8.0,128.0,5000.0,Yes,6.78,120.0,64.0,3.0,16.0,1.0,No,120,Yes,Yes,No,Yes,No,8.0,3.1,1080.0,2400.0,Punch Hole,13.0,83.0,Other,dimensity,Mid-Range,4-8 GB,32-256 GB,3000-5000 mAh,80-240W,v10-v16,6-9 inches,60-200 mp,8-16 mp,3-4 GHz,640-1080 Width,2160-3840 Height,80-90 rating
Samsung,19990,Android,Snapdragon_680,8.0,128.0,5000.0,Yes,6.6,60.0,50.0,1.0,8.0,1.0,Yes,25,Yes,No,No,No,No,8.0,2.4,1080.0,2408.0,Water Drop Notch,12.0,82.0,Samsung,snapdragon,Mid-Range,4-8 GB,32-256 GB,3000-5000 mAh,0-50W,v10-v16,6-9 inches,40-60 mp,1-8 mp,2-3 GHz,640-1080 Width,2160-3840 Height,80-90 rating
Xiaomi,26999,Android,Dimensity_1080,8.0,128.0,5000.0,Yes,6.67,120.0,50.0,3.0,16.0,1.0,Yes,67,Yes,Yes,No,No,Yes,8.0,2.6,1080.0,2400.0,Punch Hole,12.0,82.0,Xiaomi,dimensity,Premium,4-8 GB,32-256 GB,3000-5000 mAh,50-80W,v10-v16,6-9 inches,40-60 mp,8-16 mp,2-3 GHz,640-1080 Width,2160-3840 Height,80-90 rating
Xiaomi,19999,Android,Snapdragon_778,8.0,128.0,5000.0,Yes,6.67,120.0,50.0,3.0,16.0,1.0,No,67,Yes,Yes,No,Yes,Yes,8.0,2.4,1080.0,2400.0,Punch Hole,13.0,81.0,Xiaomi,snapdragon,Mid-Range,4-8 GB,32-256 GB,3000-5000 mAh,50-80W,v10-v16,6-9 inches,40-60 mp,8-16 mp,2-3 GHz,640-1080 Width,2160-3840 Height,80-90 rating
Infinix,16900,Android,Helio_99,8.0,256.0,5000.0,Yes,6.7,60.0,108.0,2.0,16.0,1.0,Yes,33,Yes,No,No,No,No,8.0,2.2,1080.0,2400.0,Water Drop Notch,12.0,83.0,Other,helio,Mid-Range,4-8 GB,32-256 GB,3000-5000 mAh,0-50W,v10-v16,6-9 inches,60-200 mp,8-16 mp,2-3 GHz,640-1080 Width,2160-3840 Height,80-90 rating
Infinix,19999,Android,Dimensity_810,6.0,128.0,5000.0,Yes,6.6,120.0,50.0,1.0,8.0,1.0,Yes,18,Yes,Yes,No,No,No,8.0,2.4,1080.0,2408.0,Water Drop Notch,12.0,78.0,Other,dimensity,Mid-Range,4-8 GB,32-256 GB,3000-5000 mAh,0-50W,v10-v16,6-9 inches,40-60 mp,1-8 mp,2-3 GHz,640-1080 Width,2160-3840 Height,70-80 rating
Apple,182999,iOS,Bionic_16,6.0,1024.0,4323.0,Yes,6.7,120.0,48.0,3.0,12.0,1.0,No,0,Yes,Yes,No,Yes,No,6.0,2.4,1290.0,2796.0,No Notch,16.0,78.0,Apple,bionic,Luxury,4-8 GB,256-1024 GB,3000-5000 mAh,0-50W,v10-v16,6-9 inches,40-60 mp,8-16 mp,2-3 GHz,1080-1440 Width,2160-3840 Height,70-80 rating
Samsung,12999,Android,Exynos_850,6.0,128.0,6000.0,Yes,6.6,60.0,50.0,3.0,8.0,1.0,Yes,15,Yes,No,No,No,No,8.0,2.4,1080.0,2400.0,Water Drop Notch,12.0,75.0,Samsung,exynos,Mid-Range,4-8 GB,32-256 GB,5000-10000 mAh,0-50W,v10-v16,6-9 inches,40-60 mp,1-8 mp,2-3 GHz,640-1080 Width,2160-3840 Height,70-80 rating
POCO,15999,Android,Dimensity_810,8.0,128.0,5000.0,Yes,6.6,90.0,50.0,2.0,16.0,1.0,Yes,33,Yes,Yes,No,No,Yes,8.0,2.4,1080.0,2400.0,Punch Hole,11.0,82.0,Other,dimensity,Mid-Range,4-8 GB,32-256 GB,3000-5000 mAh,0-50W,v10-v16,6-9 inches,40-60 mp,8-16 mp,2-3 GHz,640-1080 Width,2160-3840 Height,80-90 rating
Xiaomi,13999,Android,Helio_95,8.0,128.0,5000.0,Yes,6.43,60.0,64.0,1.0,13.0,1.0,Yes,33,Yes,No,No,No,Yes,8.0,2.05,1080.0,2400.0,Punch Hole,11.0,82.0,Xiaomi,helio,Mid-Range,4-8 GB,32-256 GB,3000-5000 mAh,0-50W,v10-v16,6-9 inches,60-200 mp,8-16 mp,2-3 GHz,640-1080 Width,2160-3840 Height,80-90 rating
Realme,7749,Android,Other_9863,4.0,64.0,5000.0,Yes,6.52,60.0,8.0,1.0,5.0,1.0,Yes,0,Yes,No,No,No,No,8.0,1.6,720.0,1600.0,Water Drop Notch,11.0,61.0,Realme,Other,Budget,1-4 GB,32-256 GB,3000-5000 mAh,0-50W,v10-v16,6-9 inches,5-14 mp,1-8 mp,0-2 GHz,640-1080 Width,1480-2160 Height,60-70 rating
Samsung,24999,Android,Snapdragon_695,8.0,128.0,5000.0,Yes,6.6,120.0,50.0,1.0,8.0,1.0,Yes,25,Yes,Yes,No,No,No,8.0,2.2,1080.0,2408.0,Water Drop Notch,12.0,81.0,Samsung,snapdragon,Mid-Range,4-8 GB,32-256 GB,3000-5000 mAh,0-50W,v10-v16,6-9 inches,40-60 mp,1-8 mp,2-3 GHz,640-1080 Width,2160-3840 Height,80-90 rating
Motorola Edge,59999,Android,Snapdragon_8,12.0,256.0,4610.0,Yes,6.67,144.0,200.0,3.0,60.0,1.0,Yes,125,Yes,Yes,No,Yes,No,8.0,3.2,1080.0,2400.0,Punch Hole,12.0,80.0,Other,snapdragon,Flagship,8-18 GB,32-256 GB,3000-5000 mAh,80-240W,v10-v16,6-9 inches,60-200 mp,40-60 mp,3-4 GHz,640-1080 Width,2160-3840 Height,70-80 rating
OPPO,25895,Android,Snapdragon_695,8.0,128.0,4500.0,Yes,6.43,60.0,64.0,3.0,16.0,1.0,Yes,33,Yes,Yes,No,No,No,8.0,2.2,1080.0,2400.0,Punch Hole,12.0,82.0,OPPO,snapdragon,Premium,4-8 GB,32-256 GB,3000-5000 mAh,0-50W,v10-v16,6-9 inches,60-200 mp,8-16 mp,2-3 GHz,640-1080 Width,2160-3840 Height,80-90 rating
Xiaomi,46990,Android,Snapdragon_8 Gen2,8.0,128.0,4500.0,Yes,6.36,120.0,50.0,3.0,32.0,1.0,Yes,67,Yes,Yes,No,Yes,Yes,8.0,3.2,1080.0,2400.0,Punch Hole,12.0,89.0,Xiaomi,snapdragon,Premium,4-8 GB,32-256 GB,3000-5000 mAh,50-80W,v10-v16,6-9 inches,40-60 mp,16-40 mp,3-4 GHz,640-1080 Width,2160-3840 Height,80-90 rating
Xiaomi,7499,Android,Helio_25,3.0,32.0,5000.0,Yes,6.53,60.0,13.0,1.0,5.0,1.0,Yes,0,Yes,No,No,No,No,8.0,2.4,720.0,1600.0,Water Drop Notch,11.0,64.0,Xiaomi,helio,Budget,1-4 GB,1-32 GB,3000-5000 mAh,0-50W,v10-v16,6-9 inches,5-14 mp,1-8 mp,2-3 GHz,640-1080 Width,1480-2160 Height,60-70 rating
Vivo,7790,Android,Helio_35,2.0,32.0,5000.0,Yes,6.51,60.0,8.0,1.0,5.0,1.0,Yes,10,Yes,No,No,No,No,8.0,2.3,720.0,1600.0,Water Drop Notch,11.0,60.0,Vivo,helio,Budget,1-4 GB,1-32 GB,3000-5000 mAh,0-50W,v10-v16,6-9 inches,5-14 mp,1-8 mp,2-3 GHz,640-1080 Width,1480-2160 Height,60-70 rating
Xiaomi,25999,Android,Dimensity_8100,8.0,256.0,5080.0,Yes,6.6,144.0,64.0,3.0,16.0,1.0,Yes,67,Yes,Yes,No,No,Yes,8.0,2.85,1080.0,2460.0,Punch Hole,12.0,85.0,Xiaomi,dimensity,Premium,4-8 GB,32-256 GB,5000-10000 mAh,50-80W,v10-v16,6-9 inches,60-200 mp,8-16 mp,2-3 GHz,640-1080 Width,2160-3840 Height,80-90 rating
Realme,6299,Android,Other_612,3.0,32.0,5000.0,Yes,6.5,60.0,8.0,1.0,5.0,1.0,Yes,0,Yes,No,No,No,No,8.0,1.82,720.0,1600.0,Water Drop Notch,11.0,60.0,Realme,Other,Budget,1-4 GB,1-32 GB,3000-5000 mAh,0-50W,v10-v16,6-9 inches,5-14 mp,1-8 mp,0-2 GHz,640-1080 Width,1480-2160 Height,60-70 rating
Motorola,12999,Android,Snapdragon_480,4.0,64.0,5000.0,Yes,6.8,120.0,50.0,3.0,13.0,1.0,Yes,0,Yes,Yes,No,Yes,No,8.0,2.2,1080.0,2400.0,Punch Hole,11.0,77.0,Other,snapdragon,Mid-Range,1-4 GB,32-256 GB,3000-5000 mAh,0-50W,v10-v16,6-9 inches,40-60 mp,8-16 mp,2-3 GHz,640-1080 Width,2160-3840 Height,70-80 rating
Xiaomi,11999,Android,Snapdragon_680,6.0,128.0,6000.0,Yes,6.7,60.0,50.0,2.0,5.0,1.0,Yes,18,Yes,No,No,No,No,8.0,2.4,720.0,1600.0,Water Drop Notch,11.0,75.0,Xiaomi,snapdragon,Mid-Range,4-8 GB,32-256 GB,5000-10000 mAh,0-50W,v10-v16,6-9 inches,40-60 mp,1-8 mp,2-3 GHz,640-1080 Width,1480-2160 Height,70-80 rating
Xiaomi,21890,Android,Snapdragon_778,6.0,128.0,4250.0,Yes,6.55,90.0,64.0,3.0,20.0,1.0,Yes,33,Yes,Yes,No,Yes,Yes,8.0,2.4,1080.0,2400.0,Punch Hole,11.0,83.0,Xiaomi,snapdragon,Mid-Range,4-8 GB,32-256 GB,3000-5000 mAh,0-50W,v10-v16,6-9 inches,60-200 mp,16-40 mp,2-3 GHz,640-1080 Width,2160-3840 Height,80-90 rating
Samsung,69999,Android,Snapdragon_888,8.0,128.0,3300.0,No,6.7,120.0,50.0,1.0,16.0,1.0,Yes,15,Yes,Yes,No,Yes,No,8.0,2.84,1080.0,2640.0,Punch Hole,12.0,84.0,Samsung,snapdragon,Flagship,4-8 GB,32-256 GB,3000-5000 mAh,0-50W,v10-v16,6-9 inches,40-60 mp,8-16 mp,2-3 GHz,640-1080 Width,2160-3840 Height,80-90 rating
Apple,55999,iOS,Bionic_14,4.0,128.0,5000.0,Yes,6.58,90.0,50.0,1.0,16.0,1.0,Yes,0,Yes,Yes,No,Yes,No,6.0,3.1,1080.0,2400.0,Unknown,12.0,75.0,Apple,bionic,Flagship,1-4 GB,32-256 GB,3000-5000 mAh,0-50W,v10-v16,6-9 inches,40-60 mp,8-16 mp,3-4 GHz,640-1080 Width,2160-3840 Height,70-80 rating
OnePlus,55999,Android,Snapdragon_8,16.0,256.0,4800.0,Yes,6.7,120.0,50.0,3.0,16.0,1.0,Yes,150,Yes,Yes,No,Yes,No,8.0,3.2,1080.0,2412.0,Punch Hole,12.0,87.0,Other,snapdragon,Flagship,8-18 GB,32-256 GB,3000-5000 mAh,80-240W,v10-v16,6-9 inches,40-60 mp,8-16 mp,3-4 GHz,640-1080 Width,2160-3840 Height,80-90 rating
Samsung,14999,Android,Other_2,4.0,128.0,5000.0,Yes,6.6,60.0,50.0,1.0,8.0,1.0,Yes,25,Yes,No,No,No,No,8.0,2.4,1080.0,2408.0,Water Drop Notch,12.0,75.0,Samsung,Other,Mid-Range,1-4 GB,32-256 GB,3000-5000 mAh,0-50W,v10-v16,6-9 inches,40-60 mp,1-8 mp,2-3 GHz,640-1080 Width,2160-3840 Height,70-80 rating
OPPO,25994,Android,Dimensity_900,8.0,256.0,4500.0,Yes,6.43,90.0,64.0,3.0,32.0,1.0,Yes,65,Yes,Yes,No,Yes,No,8.0,2.4,1080.0,2400.0,Punch Hole,11.0,85.0,OPPO,dimensity,Premium,4-8 GB,32-256 GB,3000-5000 mAh,50-80W,v10-v16,6-9 inches,60-200 mp,16-40 mp,2-3 GHz,640-1080 Width,2160-3840 Height,80-90 rating
OnePlus,42999,Android,Snapdragon_888,8.0,128.0,4500.0,Yes,6.62,120.0,50.0,3.0,16.0,1.0,Yes,0,Yes,Yes,No,Yes,No,8.0,2.84,1080.0,2400.0,Punch Hole,12.0,85.0,Other,snapdragon,Premium,4-8 GB,32-256 GB,3000-5000 mAh,0-50W,v10-v16,6-9 inches,40-60 mp,8-16 mp,2-3 GHz,640-1080 Width,2160-3840 Height,80-90 rating
Samsung,33499,Android,Exynos_1280,8.0,128.0,5000.0,Yes,6.5,120.0,64.0,1.0,32.0,1.0,Yes,25,Yes,Yes,No,Yes,No,8.0,2.4,1080.0,2400.0,Punch Hole,12.0,89.0,Samsung,exynos,Premium,4-8 GB,32-256 GB,3000-5000 mAh,0-50W,v10-v16,6-9 inches,60-200 mp,16-40 mp,2-3 GHz,640-1080 Width,2160-3840 Height,80-90 rating
Samsung,118999,Android,Snapdragon_8 Gen1,12.0,512.0,5000.0,Yes,6.8,120.0,108.0,1.0,40.0,1.0,Yes,45,Yes,Yes,No,Yes,No,8.0,2.4,1440.0,3080.0,Punch Hole,12.0,80.0,Samsung,snapdragon,Luxury,8-18 GB,256-1024 GB,3000-5000 mAh,0-50W,v10-v16,6-9 inches,60-200 mp,16-40 mp,2-3 GHz,1080-1440 Width,2160-3840 Height,70-80 rating
Motorola,16999,Android,Snapdragon_695,6.0,128.0,5000.0,Yes,6.4,60.0,50.0,3.0,16.0,1.0,No,33,Yes,Yes,No,Yes,No,8.0,2.2,1080.0,2400.0,Punch Hole,11.0,80.0,Other,snapdragon,Mid-Range,4-8 GB,32-256 GB,3000-5000 mAh,0-50W,v10-v16,6-9 inches,40-60 mp,8-16 mp,2-3 GHz,640-1080 Width,2160-3840 Height,70-80 rating
itel,6990,Android,Other_1,2.0,32.0,4000.0,Yes,6.6,60.0,8.0,3.0,8.0,1.0,Yes,0,Yes,No,No,No,No,4.0,1.3,1600.0,720.0,Punch Hole,10.0,80.0,Other,Other,Budget,1-4 GB,1-32 GB,3000-5000 mAh,0-50W,v5-v10,6-9 inches,5-14 mp,1-8 mp,0-2 GHz,1440-2460 Width,640-1480 Height,70-80 rating
Vivo,29990,Android,Dimensity_900,8.0,128.0,5000.0,Yes,6.0,120.0,50.0,3.0,50.0,2.0,No,66,Yes,Yes,No,No,No,8.0,2.4,1080.0,2400.0,Punch Hole,12.0,82.0,Vivo,dimensity,Premium,4-8 GB,32-256 GB,3000-5000 mAh,50-80W,v10-v16,4-6 inches,40-60 mp,40-60 mp,2-3 GHz,640-1080 Width,2160-3840 Height,80-90 rating
Samsung,12944,Android,Dimensity_700,4.0,64.0,5000.0,Yes,6.5,90.0,50.0,2.0,5.0,1.0,Yes,15,Yes,Yes,No,No,No,8.0,2.2,720.0,1600.0,Water Drop Notch,12.0,71.0,Samsung,dimensity,Mid-Range,1-4 GB,32-256 GB,3000-5000 mAh,0-50W,v10-v16,6-9 inches,40-60 mp,1-8 mp,2-3 GHz,640-1080 Width,1480-2160 Height,70-80 rating
POCO,29990,Android,Dimensity_9000,8.0,128.0,5000.0,Yes,6.7,144.0,64.0,3.0,32.0,1.0,No,80,Yes,Yes,No,Yes,Yes,8.0,3.2,1080.0,2400.0,Punch Hole,13.0,84.0,Other,dimensity,Premium,4-8 GB,32-256 GB,3000-5000 mAh,50-80W,v10-v16,6-9 inches,60-200 mp,16-40 mp,3-4 GHz,640-1080 Width,2160-3840 Height,80-90 rating
Honor,16999,Android,Snapdragon_695,8.0,128.0,4800.0,Yes,6.81,60.0,48.0,3.0,16.0,1.0,Yes,66,Yes,Yes,No,Yes,No,8.0,2.2,1080.0,2388.0,No Notch,12.0,80.0,Other,snapdragon,Mid-Range,4-8 GB,32-256 GB,3000-5000 mAh,50-80W,v10-v16,6-9 inches,40-60 mp,8-16 mp,2-3 GHz,640-1080 Width,2160-3840 Height,70-80 rating
iQOO,64999,Android,Snapdragon_8 Gen2,16.0,256.0,5000.0,Yes,6.78,144.0,50.0,3.0,16.0,1.0,Yes,120,Yes,Yes,No,Yes,No,8.0,3.2,1440.0,3200.0,Punch Hole,12.0,89.0,Other,snapdragon,Flagship,8-18 GB,32-256 GB,3000-5000 mAh,80-240W,v10-v16,6-9 inches,40-60 mp,8-16 mp,3-4 GHz,1080-1440 Width,2160-3840 Height,80-90 rating
Samsung,154998,Android,Snapdragon_8,12.0,256.0,4400.0,Yes,7.6,120.0,50.0,1.0,16.0,1.0,Yes,25,Yes,Yes,No,Yes,No,8.0,3.2,1812.0,2176.0,Punch Hole,12.0,80.0,Samsung,snapdragon,Luxury,8-18 GB,32-256 GB,3000-5000 mAh,0-50W,v10-v16,6-9 inches,40-60 mp,8-16 mp,3-4 GHz,1440-2460 Width,2160-3840 Height,70-80 rating
Royole,109999,Android,Snapdragon_865,8.0,128.0,4450.0,Yes,7.8,60.0,50.0,1.0,16.0,1.0,Yes,0,Yes,Yes,No,No,No,8.0,2.84,1440.0,1920.0,No Notch,12.0,87.0,Other,snapdragon,Luxury,4-8 GB,32-256 GB,3000-5000 mAh,0-50W,v10-v16,6-9 inches,40-60 mp,8-16 mp,2-3 GHz,1080-1440 Width,1480-2160 Height,80-90 rating
Apple,84999,iOS,Bionic_15,6.0,256.0,4325.0,Yes,6.7,60.0,12.0,2.0,12.0,1.0,No,0,Yes,Yes,No,Yes,No,6.0,3.22,1284.0,2778.0,Small Notch,16.0,83.0,Apple,bionic,Flagship,4-8 GB,32-256 GB,3000-5000 mAh,0-50W,v10-v16,6-9 inches,5-14 mp,8-16 mp,3-4 GHz,1080-1440 Width,2160-3840 Height,80-90 rating
Samsung,27499,Android,Exynos_1280,8.0,128.0,5000.0,Yes,6.4,90.0,48.0,1.0,13.0,1.0,Yes,25,Yes,Yes,No,Yes,No,8.0,2.4,1080.0,2400.0,Punch Hole,12.0,85.0,Samsung,exynos,Premium,4-8 GB,32-256 GB,3000-5000 mAh,0-50W,v10-v16,6-9 inches,40-60 mp,8-16 mp,2-3 GHz,640-1080 Width,2160-3840 Height,80-90 rating
Tecno,8999,Android,Helio_37,6.0,128.0,5000.0,Yes,6.6,90.0,13.0,1.0,8.0,1.0,Yes,0,Yes,No,No,No,No,8.0,2.3,720.0,1600.0,Water Drop Notch,12.0,69.0,Other,helio,Budget,4-8 GB,32-256 GB,3000-5000 mAh,0-50W,v10-v16,6-9 inches,5-14 mp,1-8 mp,2-3 GHz,640-1080 Width,1480-2160 Height,60-70 rating
Google,40480,Android,Google Tensor_2,8.0,128.0,4614.0,Yes,6.4,90.0,50.0,2.0,8.0,1.0,Yes,30,Yes,Yes,No,Yes,No,8.0,2.8,1080.0,2400.0,Punch Hole,12.0,84.0,Other,google tensor,Premium,4-8 GB,32-256 GB,3000-5000 mAh,0-50W,v10-v16,6-9 inches,40-60 mp,1-8 mp,2-3 GHz,640-1080 Width,2160-3840 Height,80-90 rating
Xiaomi,17999,Android,Snapdragon_732,6.0,128.0,5020.0,Yes,6.67,120.0,64.0,1.0,16.0,1.0,Yes,33,Yes,No,No,No,Yes,8.0,2.3,1080.0,2400.0,Punch Hole,11.0,81.0,Xiaomi,snapdragon,Mid-Range,4-8 GB,32-256 GB,5000-10000 mAh,0-50W,v10-v16,6-9 inches,60-200 mp,8-16 mp,2-3 GHz,640-1080 Width,2160-3840 Height,80-90 rating
Samsung,105999,Android,Exynos_2100,12.0,256.0,5000.0,Yes,6.8,120.0,108.0,1.0,40.0,1.0,Yes,25,Yes,Yes,No,Yes,No,8.0,2.9,1440.0,3200.0,Punch Hole,12.0,80.0,Samsung,exynos,Luxury,8-18 GB,32-256 GB,3000-5000 mAh,0-50W,v10-v16,6-9 inches,60-200 mp,16-40 mp,2-3 GHz,1080-1440 Width,2160-3840 Height,70-80 rating
Infinix,8999,Android,Helio_37,4.0,64.0,6000.0,Yes,6.82,90.0,13.0,1.0,8.0,1.0,Yes,18,Yes,No,No,No,No,8.0,2.3,720.0,1640.0,Punch Hole,12.0,67.0,Other,helio,Budget,1-4 GB,32-256 GB,5000-10000 mAh,0-50W,v10-v16,6-9 inches,5-14 mp,1-8 mp,2-3 GHz,640-1080 Width,1480-2160 Height,60-70 rating
Vivo,14999,Android,Snapdragon_680,6.0,128.0,5000.0,Yes,6.58,90.0,50.0,2.0,8.0,1.0,Yes,18,Yes,No,No,No,No,8.0,2.4,1080.0,2408.0,Water Drop Notch,12.0,77.0,Vivo,snapdragon,Mid-Range,4-8 GB,32-256 GB,3000-5000 mAh,0-50W,v10-v16,6-9 inches,40-60 mp,1-8 mp,2-3 GHz,640-1080 Width,2160-3840 Height,70-80 rating
OPPO,19990,Android,Snapdragon_695,8.0,128.0,4500.0,Yes,6.5,90.0,64.0,3.0,32.0,1.0,Yes,33,Yes,Yes,No,No,No,8.0,2.2,1080.0,2400.0,Punch Hole,12.0,82.0,OPPO,snapdragon,Mid-Range,4-8 GB,32-256 GB,3000-5000 mAh,0-50W,v10-v16,6-9 inches,60-200 mp,16-40 mp,2-3 GHz,640-1080 Width,2160-3840 Height,80-90 rating
iQOO,23399,Android,Snapdragon_778,8.0,128.0,4700.0,Yes,6.44,90.0,64.0,3.0,16.0,1.0,No,66,Yes,Yes,No,No,No,8.0,2.4,1080.0,2404.0,Water Drop Notch,12.0,80.0,Other,snapdragon,Mid-Range,4-8 GB,32-256 GB,3000-5000 mAh,50-80W,v10-v16,6-9 inches,60-200 mp,8-16 mp,2-3 GHz,640-1080 Width,2160-3840 Height,70-80 rating
Samsung,41990,Android,Snapdragon_778,8.0,256.0,5000.0,Yes,6.7,120.0,108.0,1.0,32.0,1.0,Yes,25,Yes,Yes,No,Yes,No,8.0,2.4,1080.0,2400.0,Punch Hole,12.0,80.0,Samsung,snapdragon,Premium,4-8 GB,32-256 GB,3000-5000 mAh,0-50W,v10-v16,6-9 inches,60-200 mp,16-40 mp,2-3 GHz,640-1080 Width,2160-3840 Height,70-80 rating
Realme,22998,Android,Snapdragon_778,8.0,128.0,5000.0,Yes,6.6,144.0,48.0,3.0,16.0,1.0,Yes,30,Yes,Yes,No,No,No,8.0,2.4,1080.0,2412.0,Punch Hole,11.0,82.0,Realme,snapdragon,Mid-Range,4-8 GB,32-256 GB,3000-5000 mAh,0-50W,v10-v16,6-9 inches,40-60 mp,8-16 mp,2-3 GHz,640-1080 Width,2160-3840 Height,80-90 rating
POCO,25999,Android,Snapdragon_870,6.0,128.0,4500.0,Yes,6.67,120.0,64.0,3.0,20.0,1.0,Yes,67,Yes,Yes,No,Yes,No,8.0,3.2,1080.0,2400.0,Punch Hole,12.0,82.0,Other,snapdragon,Premium,4-8 GB,32-256 GB,3000-5000 mAh,50-80W,v10-v16,6-9 inches,60-200 mp,16-40 mp,3-4 GHz,640-1080 Width,2160-3840 Height,80-90 rating
Infinix,11700,Android,Helio_88,4.0,64.0,5000.0,Yes,6.7,60.0,50.0,2.0,16.0,1.0,Yes,33,Yes,No,No,No,No,8.0,2.4,2400.0,1080.0,Punch Hole,11.0,74.0,Other,helio,Mid-Range,1-4 GB,32-256 GB,3000-5000 mAh,0-50W,v10-v16,6-9 inches,40-60 mp,8-16 mp,2-3 GHz,1440-2460 Width,640-1480 Height,70-80 rating
Samsung,6499,Android,Unisoc_9836,2.0,32.0,5000.0,Yes,6.5,60.0,8.0,1.0,5.0,1.0,Yes,0,Yes,No,No,No,No,4.0,1.6,720.0,1600.0,Water Drop Notch,10.0,80.0,Samsung,unisoc,Budget,1-4 GB,1-32 GB,3000-5000 mAh,0-50W,v5-v10,6-9 inches,5-14 mp,1-8 mp,0-2 GHz,640-1080 Width,1480-2160 Height,70-80 rating
Motorola,15999,Android,Snapdragon_732,6.0,128.0,6000.0,Yes,6.78,120.0,108.0,3.0,32.0,1.0,Yes,20,Yes,No,No,Yes,No,8.0,2.3,1080.0,2460.0,Punch Hole,11.0,84.0,Other,snapdragon,Mid-Range,4-8 GB,32-256 GB,5000-10000 mAh,0-50W,v10-v16,6-9 inches,60-200 mp,16-40 mp,2-3 GHz,640-1080 Width,2160-3840 Height,80-90 rating
OnePlus,64800,Android,Snapdragon_888,8.0,128.0,4500.0,Yes,6.7,120.0,48.0,1.0,16.0,1.0,No,65,Yes,Yes,No,Yes,No,8.0,2.84,1440.0,3216.0,Punch Hole,11.0,89.0,Other,snapdragon,Flagship,4-8 GB,32-256 GB,3000-5000 mAh,50-80W,v10-v16,6-9 inches,40-60 mp,8-16 mp,2-3 GHz,1080-1440 Width,2160-3840 Height,80-90 rating
Xiaomi,14590,Android,Helio_96,6.0,64.0,5000.0,Yes,6.43,90.0,108.0,1.0,16.0,1.0,Yes,33,Yes,No,No,No,Yes,8.0,2.05,1080.0,2400.0,Punch Hole,11.0,80.0,Xiaomi,helio,Mid-Range,4-8 GB,32-256 GB,3000-5000 mAh,0-50W,v10-v16,6-9 inches,60-200 mp,8-16 mp,2-3 GHz,640-1080 Width,2160-3840 Height,70-80 rating
Xiaomi,7499,Android,Helio_35,4.0,64.0,5000.0,Yes,6.53,60.0,13.0,2.0,5.0,1.0,Yes,0,Yes,No,No,No,No,8.0,2.3,720.0,1600.0,Water Drop Notch,11.0,68.0,Xiaomi,helio,Budget,1-4 GB,32-256 GB,3000-5000 mAh,0-50W,v10-v16,6-9 inches,5-14 mp,1-8 mp,2-3 GHz,640-1080 Width,1480-2160 Height,60-70 rating
Tecno,21999,Android,Dimensity_810,8.0,128.0,5000.0,Yes,6.8,120.0,64.0,3.0,16.0,1.0,Yes,33,Yes,Yes,No,Yes,No,8.0,2.4,1080.0,2460.0,Punch Hole,12.0,82.0,Other,dimensity,Mid-Range,4-8 GB,32-256 GB,3000-5000 mAh,0-50W,v10-v16,6-9 inches,60-200 mp,8-16 mp,2-3 GHz,640-1080 Width,2160-3840 Height,80-90 rating
Samsung,11999,Android,Helio_35,4.0,64.0,5000.0,Yes,6.5,60.0,50.0,2.0,5.0,1.0,Yes,0,Yes,No,No,No,No,8.0,2.3,720.0,1600.0,Water Drop Notch,12.0,71.0,Samsung,helio,Mid-Range,1-4 GB,32-256 GB,3000-5000 mAh,0-50W,v10-v16,6-9 inches,40-60 mp,1-8 mp,2-3 GHz,640-1080 Width,1480-2160 Height,70-80 rating
POCO,12999,Android,Helio_96,6.0,128.0,5000.0,Yes,6.43,90.0,64.0,3.0,16.0,1.0,Yes,33,Yes,No,No,No,Yes,8.0,2.05,1080.0,2400.0,Punch Hole,11.0,79.0,Other,helio,Mid-Range,4-8 GB,32-256 GB,3000-5000 mAh,0-50W,v10-v16,6-9 inches,60-200 mp,8-16 mp,2-3 GHz,640-1080 Width,2160-3840 Height,70-80 rating
OnePlus,20990,Android,Snapdragon_695,6.0,128.0,4500.0,Yes,6.43,60.0,64.0,3.0,16.0,1.0,Yes,33,Yes,Yes,No,Yes,No,8.0,2.2,1080.0,2400.0,Punch Hole,11.0,81.0,Other,snapdragon,Mid-Range,4-8 GB,32-256 GB,3000-5000 mAh,0-50W,v10-v16,6-9 inches,60-200 mp,8-16 mp,2-3 GHz,640-1080 Width,2160-3840 Height,80-90 rating
Apple,72999,iOS,Bionic_15,4.0,256.0,3240.0,Yes,6.1,60.0,12.0,2.0,12.0,1.0,No,0,Yes,Yes,No,Yes,No,6.0,3.22,1170.0,2532.0,Small Notch,15.0,79.0,Apple,bionic,Flagship,1-4 GB,32-256 GB,3000-5000 mAh,0-50W,v10-v16,6-9 inches,5-14 mp,8-16 mp,3-4 GHz,1080-1440 Width,2160-3840 Height,70-80 rating
OPPO,77990,Android,Snapdragon_8 Gen2,12.0,256.0,4700.0,Yes,6.78,120.0,50.0,3.0,32.0,1.0,Yes,120,Yes,Yes,No,Yes,No,8.0,3.2,1080.0,2400.0,Punch Hole,12.0,80.0,OPPO,snapdragon,Flagship,8-18 GB,32-256 GB,3000-5000 mAh,80-240W,v10-v16,6-9 inches,40-60 mp,16-40 mp,3-4 GHz,640-1080 Width,2160-3840 Height,70-80 rating
Vivo,56999,Android,Dimensity_9200,8.0,256.0,4870.0,Yes,6.78,120.0,3.0,3.0,32.0,1.0,No,120,Yes,Yes,No,Yes,Yes,8.0,3.05,1260.0,2800.0,Punch Hole,13.0,80.0,Vivo,dimensity,Flagship,4-8 GB,32-256 GB,3000-5000 mAh,80-240W,v10-v16,6-9 inches,2-5 mp,16-40 mp,3-4 GHz,1080-1440 Width,2160-3840 Height,70-80 rating
Motorola,21999,Android,Snapdragon_480,4.0,128.0,5000.0,Yes,6.5,120.0,50.0,2.0,16.0,1.0,Yes,10,Yes,Yes,No,Yes,No,8.0,2.2,720.0,1600.0,Punch Hole,13.0,79.0,Other,snapdragon,Mid-Range,1-4 GB,32-256 GB,3000-5000 mAh,0-50W,v10-v16,6-9 inches,40-60 mp,8-16 mp,2-3 GHz,640-1080 Width,1480-2160 Height,70-80 rating
Motorola,9499,Android,Helio_37,4.0,64.0,5000.0,Yes,6.53,90.0,50.0,1.0,16.0,1.0,Yes,20,Yes,No,No,No,No,8.0,2.3,720.0,1600.0,Punch Hole,12.0,75.0,Other,helio,Budget,1-4 GB,32-256 GB,3000-5000 mAh,0-50W,v10-v16,6-9 inches,40-60 mp,8-16 mp,2-3 GHz,640-1080 Width,1480-2160 Height,70-80 rating
Xiaomi,7499,Android,Helio_25,4.0,64.0,5000.0,Yes,6.53,60.0,13.0,1.0,5.0,1.0,Yes,10,Yes,No,No,No,No,8.0,2.4,720.0,1600.0,Water Drop Notch,10.0,66.0,Xiaomi,helio,Budget,1-4 GB,32-256 GB,3000-5000 mAh,0-50W,v5-v10,6-9 inches,5-14 mp,1-8 mp,2-3 GHz,640-1080 Width,1480-2160 Height,60-70 rating
Jio,4649,Android,Other_215,2.0,32.0,3500.0,Yes,5.45,60.0,13.0,1.0,8.0,1.0,Yes,0,Yes,No,No,No,No,4.0,1.3,720.0,1440.0,No Notch,11.0,80.0,Other,Other,Budget,1-4 GB,1-32 GB,3000-5000 mAh,0-50W,v10-v16,4-6 inches,5-14 mp,1-8 mp,0-2 GHz,640-1080 Width,640-1480 Height,70-80 rating
Vivo,18000,Android,Helio_22,4.0,32.0,4030.0,Yes,6.2,60.0,13.0,2.0,8.0,1.0,Yes,0,Yes,No,No,No,No,8.0,2.4,1520.0,720.0,Water Drop Notch,8.1,62.0,Vivo,helio,Mid-Range,1-4 GB,1-32 GB,3000-5000 mAh,0-50W,v5-v10,6-9 inches,5-14 mp,1-8 mp,2-3 GHz,1440-2460 Width,640-1480 Height,60-70 rating
Xiaomi,38999,Android,Snapdragon_8 Gen2,8.0,128.0,5000.0,Yes,6.67,120.0,54.0,3.0,16.0,1.0,Yes,120,Yes,Yes,No,Yes,Yes,8.0,3.2,1440.0,3200.0,Punch Hole,12.0,85.0,Xiaomi,snapdragon,Premium,4-8 GB,32-256 GB,3000-5000 mAh,80-240W,v10-v16,6-9 inches,40-60 mp,8-16 mp,3-4 GHz,1080-1440 Width,2160-3840 Height,80-90 rating
Realme,7145,Android,Unisoc_9863,2.0,32.0,5000.0,Yes,6.5,60.0,8.0,1.0,5.0,1.0,Yes,10,Yes,No,No,No,No,8.0,1.6,720.0,1600.0,Water Drop Notch,12.0,80.0,Realme,unisoc,Budget,1-4 GB,1-32 GB,3000-5000 mAh,0-50W,v10-v16,6-9 inches,5-14 mp,1-8 mp,0-2 GHz,640-1080 Width,1480-2160 Height,70-80 rating
Vivo,14990,Android,Snapdragon_680,8.0,128.0,5000.0,Yes,6.55,90.0,50.0,2.0,8.0,1.0,Yes,18,Yes,No,No,No,No,8.0,2.4,1612.0,720.0,Water Drop Notch,12.0,77.0,Vivo,snapdragon,Mid-Range,4-8 GB,32-256 GB,3000-5000 mAh,0-50W,v10-v16,6-9 inches,40-60 mp,1-8 mp,2-3 GHz,1440-2460 Width,640-1480 Height,70-80 rating
OPPO,15499,Android,Helio_35,4.0,64.0,5000.0,Yes,6.56,60.0,50.0,1.0,8.0,1.0,Yes,33,Yes,No,No,No,No,8.0,2.3,720.0,1600.0,Water Drop Notch,12.0,70.0,OPPO,helio,Mid-Range,1-4 GB,32-256 GB,3000-5000 mAh,0-50W,v10-v16,6-9 inches,40-60 mp,1-8 mp,2-3 GHz,640-1080 Width,1480-2160 Height,60-70 rating
Xiaomi,9999,Android,Helio_25,6.0,128.0,5000.0,Yes,6.53,60.0,13.0,1.0,5.0,1.0,Yes,0,Yes,No,No,No,Yes,8.0,2.4,720.0,1600.0,Water Drop Notch,11.0,69.0,Xiaomi,helio,Budget,4-8 GB,32-256 GB,3000-5000 mAh,0-50W,v10-v16,6-9 inches,5-14 mp,1-8 mp,2-3 GHz,640-1080 Width,1480-2160 Height,60-70 rating
POCO,29999,Android,Snapdragon_870,12.0,256.0,4500.0,Yes,6.67,120.0,64.0,3.0,20.0,1.0,Yes,67,Yes,Yes,No,Yes,No,8.0,3.2,1080.0,2400.0,Punch Hole,12.0,86.0,Other,snapdragon,Premium,8-18 GB,32-256 GB,3000-5000 mAh,50-80W,v10-v16,6-9 inches,60-200 mp,16-40 mp,3-4 GHz,640-1080 Width,2160-3840 Height,80-90 rating
Realme,15999,Android,Snapdragon_680,8.0,128.0,5000.0,Yes,6.4,90.0,108.0,3.0,16.0,1.0,Yes,33,Yes,No,No,No,No,8.0,2.4,1080.0,2400.0,Punch Hole,12.0,84.0,Realme,snapdragon,Mid-Range,4-8 GB,32-256 GB,3000-5000 mAh,0-50W,v10-v16,6-9 inches,60-200 mp,8-16 mp,2-3 GHz,640-1080 Width,2160-3840 Height,80-90 rating
Xiaomi,59990,Android,Snapdragon_8,8.0,128.0,5000.0,Yes,6.67,120.0,200.0,3.0,20.0,1.0,Yes,120,Yes,Yes,No,Yes,Yes,8.0,3.2,1220.0,2712.0,Punch Hole,12.0,89.0,Xiaomi,snapdragon,Flagship,4-8 GB,32-256 GB,3000-5000 mAh,80-240W,v10-v16,6-9 inches,60-200 mp,16-40 mp,3-4 GHz,1080-1440 Width,2160-3840 Height,80-90 rating
iQOO,34990,Android,Snapdragon_888,8.0,128.0,4350.0,Yes,6.56,120.0,48.0,3.0,16.0,1.0,Yes,120,Yes,Yes,No,No,No,8.0,2.9,1080.0,2376.0,Punch Hole,12.0,84.0,Other,snapdragon,Premium,4-8 GB,32-256 GB,3000-5000 mAh,80-240W,v10-v16,6-9 inches,40-60 mp,8-16 mp,2-3 GHz,640-1080 Width,2160-3840 Height,80-90 rating
Apple,45999,iOS,Bionic_14,4.0,128.0,5000.0,Yes,6.58,90.0,50.0,1.0,16.0,1.0,Yes,0,Yes,Yes,No,Yes,No,6.0,3.1,1080.0,2400.0,Unknown,12.0,75.0,Apple,bionic,Premium,1-4 GB,32-256 GB,3000-5000 mAh,0-50W,v10-v16,6-9 inches,40-60 mp,8-16 mp,3-4 GHz,640-1080 Width,2160-3840 Height,70-80 rating
Samsung,119990,Android,Snapdragon_8,12.0,256.0,5100.0,Yes,6.83,144.0,200.0,1.0,60.0,1.0,No,45,Yes,Yes,Yes,No,No,8.0,2.4,1200.0,2860.0,Punch Hole,13.0,85.0,Samsung,snapdragon,Luxury,8-18 GB,32-256 GB,5000-10000 mAh,0-50W,v10-v16,6-9 inches,60-200 mp,40-60 mp,2-3 GHz,1080-1440 Width,2160-3840 Height,80-90 rating
OPPO,89990,Android,Dimensity_9000,8.0,128.0,4300.0,No,6.8,120.0,50.0,1.0,16.0,1.0,Yes,44,Yes,Yes,No,Yes,No,8.0,3.05,1200.0,2400.0,Punch Hole,12.0,88.0,OPPO,dimensity,Flagship,4-8 GB,32-256 GB,3000-5000 mAh,0-50W,v10-v16,6-9 inches,40-60 mp,8-16 mp,3-4 GHz,1080-1440 Width,2160-3840 Height,80-90 rating
OnePlus,50999,Android,Snapdragon_8,12.0,256.0,4800.0,Yes,6.7,120.0,50.0,3.0,16.0,1.0,Yes,150,Yes,Yes,No,Yes,No,8.0,3.2,1080.0,2412.0,Punch Hole,12.0,87.0,Other,snapdragon,Flagship,8-18 GB,32-256 GB,3000-5000 mAh,80-240W,v10-v16,6-9 inches,40-60 mp,8-16 mp,3-4 GHz,640-1080 Width,2160-3840 Height,80-90 rating
Tecno,7999,Android,Helio_37,4.0,64.0,5000.0,Yes,6.6,90.0,13.0,1.0,8.0,1.0,Yes,0,Yes,No,No,No,No,8.0,2.3,720.0,1600.0,Water Drop Notch,12.0,65.0,Other,helio,Budget,1-4 GB,32-256 GB,3000-5000 mAh,0-50W,v10-v16,6-9 inches,5-14 mp,1-8 mp,2-3 GHz,640-1080 Width,1480-2160 Height,60-70 rating
Samsung,43999,Android,Exynos_2100,8.0,256.0,4500.0,Yes,6.4,120.0,12.0,3.0,32.0,1.0,No,25,Yes,Yes,No,Yes,No,8.0,2.9,1080.0,2340.0,Punch Hole,11.0,88.0,Samsung,exynos,Premium,4-8 GB,32-256 GB,3000-5000 mAh,0-50W,v10-v16,6-9 inches,5-14 mp,16-40 mp,2-3 GHz,640-1080 Width,2160-3840 Height,80-90 rating
Xiaomi,18499,Android,Dimensity_810,8.0,128.0,5000.0,Yes,6.6,90.0,50.0,2.0,16.0,1.0,Yes,33,Yes,Yes,No,No,Yes,8.0,2.4,1080.0,2400.0,Punch Hole,11.0,83.0,Xiaomi,dimensity,Mid-Range,4-8 GB,32-256 GB,3000-5000 mAh,0-50W,v10-v16,6-9 inches,40-60 mp,8-16 mp,2-3 GHz,640-1080 Width,2160-3840 Height,80-90 rating
Sony,134999,Android,Snapdragon_888,12.0,512.0,4500.0,Yes,6.5,120.0,12.0,3.0,8.0,1.0,Yes,30,Yes,Yes,No,Yes,No,8.0,2.84,1644.0,3840.0,No Notch,11.0,80.0,Other,snapdragon,Luxury,8-18 GB,256-1024 GB,3000-5000 mAh,0-50W,v10-v16,6-9 inches,5-14 mp,1-8 mp,2-3 GHz,1440-2460 Width,2160-3840 Height,70-80 rating
Vivo,32999,Android,Snapdragon_765,8.0,128.0,4300.0,Yes,6.44,60.0,64.0,1.0,44.0,2.0,Yes,33,Yes,Yes,No,No,No,8.0,2.4,1080.0,2400.0,Small Notch,12.0,85.0,Vivo,snapdragon,Premium,4-8 GB,32-256 GB,3000-5000 mAh,0-50W,v10-v16,6-9 inches,60-200 mp,40-60 mp,2-3 GHz,640-1080 Width,2160-3840 Height,80-90 rating
POCO,13499,Android,Snapdragon_732,6.0,64.0,6000.0,Yes,6.67,120.0,64.0,1.0,20.0,1.0,Yes,33,Yes,No,No,No,Yes,8.0,2.3,1080.0,2400.0,Punch Hole,10.0,80.0,Other,snapdragon,Mid-Range,4-8 GB,32-256 GB,5000-10000 mAh,0-50W,v5-v10,6-9 inches,60-200 mp,16-40 mp,2-3 GHz,640-1080 Width,2160-3840 Height,70-80 rating
Samsung,35489,Android,Exynos_990,8.0,128.0,4500.0,Yes,6.5,120.0,12.0,3.0,32.0,1.0,Yes,25,Yes,No,No,Yes,No,8.0,2.73,1080.0,2400.0,Punch Hole,10.0,86.0,Samsung,exynos,Premium,4-8 GB,32-256 GB,3000-5000 mAh,0-50W,v5-v10,6-9 inches,5-14 mp,16-40 mp,2-3 GHz,640-1080 Width,2160-3840 Height,80-90 rating
Google,20120,Android,Snapdragon_855,6.0,64.0,2800.0,Yes,5.7,60.0,16.0,2.0,8.0,1.0,No,0,Yes,No,No,Yes,No,8.0,2.8,1080.0,2280.0,No Notch,10.0,78.0,Other,snapdragon,Mid-Range,4-8 GB,32-256 GB,800-3000 mAh,0-50W,v5-v10,4-6 inches,14-40 mp,1-8 mp,2-3 GHz,640-1080 Width,2160-3840 Height,70-80 rating
Samsung,42999,Android,Exynos_9820,8.0,128.0,4100.0,Yes,6.4,60.0,16.0,3.0,10.0,2.0,Yes,15,Yes,No,No,Yes,No,8.0,2.7,1440.0,3040.0,Punch Hole,9.0,81.0,Samsung,exynos,Premium,4-8 GB,32-256 GB,3000-5000 mAh,0-50W,v5-v10,6-9 inches,14-40 mp,8-16 mp,2-3 GHz,1080-1440 Width,2160-3840 Height,80-90 rating
Nokia,4649,Android,Other_Unknown,6.0,128.0,5000.0,Yes,6.58,90.0,50.0,1.0,16.0,1.0,Yes,0,Yes,No,No,No,No,8.0,2.4,1080.0,2400.0,Unknown,12.0,80.0,Other,Other,Budget,4-8 GB,32-256 GB,3000-5000 mAh,0-50W,v10-v16,6-9 inches,40-60 mp,8-16 mp,2-3 GHz,640-1080 Width,2160-3840 Height,70-80 rating
Realme,24999,Android,Dimensity_930,6.0,128.0,4200.0,Yes,6.4,90.0,50.0,3.0,16.0,1.0,No,66,Yes,Yes,No,No,No,8.0,2.2,1080.0,2400.0,Punch Hole,12.0,78.0,Realme,dimensity,Mid-Range,4-8 GB,32-256 GB,3000-5000 mAh,50-80W,v10-v16,6-9 inches,40-60 mp,8-16 mp,2-3 GHz,640-1080 Width,2160-3840 Height,70-80 rating
OPPO,20999,Android,Snapdragon_680,8.0,128.0,4500.0,Yes,6.5,90.0,64.0,3.0,32.0,1.0,Yes,33,Yes,No,No,No,No,8.0,2.4,1080.0,2400.0,Punch Hole,12.0,82.0,OPPO,snapdragon,Mid-Range,4-8 GB,32-256 GB,3000-5000 mAh,0-50W,v10-v16,6-9 inches,60-200 mp,16-40 mp,2-3 GHz,640-1080 Width,2160-3840 Height,80-90 rating
Realme,28994,Android,Snapdragon_888,8.0,128.0,5000.0,Yes,6.62,120.0,50.0,3.0,16.0,1.0,Yes,65,Yes,Yes,No,Yes,No,8.0,2.84,1080.0,2400.0,Punch Hole,12.0,84.0,Realme,snapdragon,Premium,4-8 GB,32-256 GB,3000-5000 mAh,50-80W,v10-v16,6-9 inches,40-60 mp,8-16 mp,2-3 GHz,640-1080 Width,2160-3840 Height,80-90 rating
Samsung,48900,Android,Exynos_2100,8.0,128.0,4000.0,Yes,6.2,120.0,64.0,3.0,10.0,1.0,Yes,25,Yes,Yes,No,Yes,No,8.0,2.9,1080.0,2400.0,Punch Hole,12.0,88.0,Samsung,exynos,Premium,4-8 GB,32-256 GB,3000-5000 mAh,0-50W,v10-v16,6-9 inches,60-200 mp,8-16 mp,2-3 GHz,640-1080 Width,2160-3840 Height,80-90 rating
Samsung,22494,Android,Snapdragon_730,8.0,128.0,4500.0,Yes,6.7,60.0,64.0,1.0,32.0,1.0,Yes,25,Yes,No,No,No,No,8.0,2.2,1080.0,2400.0,Punch Hole,10.0,86.0,Samsung,snapdragon,Mid-Range,4-8 GB,32-256 GB,3000-5000 mAh,0-50W,v5-v10,6-9 inches,60-200 mp,16-40 mp,2-3 GHz,640-1080 Width,2160-3840 Height,80-90 rating
Vivo,8990,Android,Helio_35,3.0,32.0,5000.0,Yes,6.51,60.0,8.0,1.0,5.0,1.0,Yes,10,Yes,No,No,No,No,8.0,2.3,720.0,1600.0,Water Drop Notch,12.0,61.0,Vivo,helio,Budget,1-4 GB,1-32 GB,3000-5000 mAh,0-50W,v10-v16,6-9 inches,5-14 mp,1-8 mp,2-3 GHz,640-1080 Width,1480-2160 Height,60-70 rating
Letv,6999,Android,Unisoc_Unknown,4.0,32.0,4000.0,Yes,6.5,60.0,13.0,1.0,8.0,1.0,Yes,0,Yes,No,No,No,No,8.0,2.4,720.0,1560.0,Small Notch,12.0,80.0,Other,unisoc,Budget,1-4 GB,1-32 GB,3000-5000 mAh,0-50W,v10-v16,6-9 inches,5-14 mp,1-8 mp,2-3 GHz,640-1080 Width,1480-2160 Height,70-80 rating
Tecno,8890,Android,Unisoc_606,4.0,64.0,5000.0,Yes,6.6,90.0,13.0,1.0,8.0,1.0,Yes,0,Yes,No,No,No,No,8.0,2.4,720.0,1612.0,Water Drop Notch,11.0,63.0,Other,unisoc,Budget,1-4 GB,32-256 GB,3000-5000 mAh,0-50W,v10-v16,6-9 inches,5-14 mp,1-8 mp,2-3 GHz,640-1080 Width,1480-2160 Height,60-70 rating
iQOO,18498,Android,Snapdragon_695,8.0,128.0,5000.0,Yes,6.58,120.0,50.0,3.0,16.0,1.0,Yes,18,Yes,Yes,No,No,No,8.0,2.2,1080.0,2408.0,Water Drop Notch,12.0,82.0,Other,snapdragon,Mid-Range,4-8 GB,32-256 GB,3000-5000 mAh,0-50W,v10-v16,6-9 inches,40-60 mp,8-16 mp,2-3 GHz,640-1080 Width,2160-3840 Height,80-90 rating
Vivo,23999,Android,Snapdragon_778,6.0,128.0,4700.0,Yes,6.44,90.0,64.0,3.0,16.0,1.0,Yes,66,Yes,Yes,No,No,No,8.0,2.4,1080.0,2404.0,Water Drop Notch,12.0,81.0,Vivo,snapdragon,Mid-Range,4-8 GB,32-256 GB,3000-5000 mAh,50-80W,v10-v16,6-9 inches,60-200 mp,8-16 mp,2-3 GHz,640-1080 Width,2160-3840 Height,80-90 rating
Realme,22994,Android,Dimensity_920,8.0,128.0,4500.0,Yes,6.4,90.0,50.0,3.0,16.0,1.0,No,60,Yes,Yes,No,No,No,8.0,2.5,1080.0,2400.0,Punch Hole,12.0,81.0,Realme,dimensity,Mid-Range,4-8 GB,32-256 GB,3000-5000 mAh,50-80W,v10-v16,6-9 inches,40-60 mp,8-16 mp,2-3 GHz,640-1080 Width,2160-3840 Height,80-90 rating
Samsung,12990,Android,Exynos_850,4.0,64.0,5000.0,Yes,6.5,90.0,50.0,3.0,5.0,1.0,Yes,15,Yes,No,No,No,No,8.0,2.4,720.0,1600.0,Water Drop Notch,12.0,71.0,Samsung,exynos,Mid-Range,1-4 GB,32-256 GB,3000-5000 mAh,0-50W,v10-v16,6-9 inches,40-60 mp,1-8 mp,2-3 GHz,640-1080 Width,1480-2160 Height,70-80 rating
Realme,14999,Android,Snapdragon_680,6.0,128.0,5000.0,Yes,6.6,90.0,50.0,3.0,16.0,1.0,Yes,33,Yes,No,No,No,No,8.0,2.4,1080.0,2412.0,Punch Hole,11.0,78.0,Realme,snapdragon,Mid-Range,4-8 GB,32-256 GB,3000-5000 mAh,0-50W,v10-v16,6-9 inches,40-60 mp,8-16 mp,2-3 GHz,640-1080 Width,2160-3840 Height,70-80 rating
Realme,18499,Android,Dimensity_700,8.0,128.0,5000.0,Yes,6.5,90.0,48.0,3.0,16.0,1.0,Yes,18,Yes,Yes,No,No,No,8.0,2.2,1080.0,2400.0,Punch Hole,11.0,80.0,Realme,dimensity,Mid-Range,4-8 GB,32-256 GB,3000-5000 mAh,0-50W,v10-v16,6-9 inches,40-60 mp,8-16 mp,2-3 GHz,640-1080 Width,2160-3840 Height,70-80 rating
OPPO,14990,Android,Snapdragon_662,6.0,128.0,5000.0,Yes,6.4,60.0,48.0,3.0,16.0,1.0,Yes,33,Yes,No,No,No,No,8.0,2.4,1080.0,2400.0,Punch Hole,11.0,78.0,OPPO,snapdragon,Mid-Range,4-8 GB,32-256 GB,3000-5000 mAh,0-50W,v10-v16,6-9 inches,40-60 mp,8-16 mp,2-3 GHz,640-1080 Width,2160-3840 Height,70-80 rating
OPPO,70990,Android,Dimensity_9000,8.0,256.0,4300.0,No,6.8,120.0,50.0,1.0,16.0,1.0,Yes,44,Yes,Yes,No,Yes,No,8.0,3.2,1080.0,2520.0,Punch Hole,12.0,88.0,OPPO,dimensity,Flagship,4-8 GB,32-256 GB,3000-5000 mAh,0-50W,v10-v16,6-9 inches,40-60 mp,8-16 mp,3-4 GHz,640-1080 Width,2160-3840 Height,80-90 rating
Samsung,12120,Android,Helio_80,4.0,64.0,6000.0,Yes,6.4,90.0,64.0,1.0,20.0,1.0,Yes,15,Yes,No,No,No,No,8.0,2.4,1080.0,2400.0,Water Drop Notch,11.0,75.0,Samsung,helio,Mid-Range,1-4 GB,32-256 GB,5000-10000 mAh,0-50W,v10-v16,6-9 inches,60-200 mp,16-40 mp,2-3 GHz,640-1080 Width,2160-3840 Height,70-80 rating
Oukitel,29990,Android,Helio_95,8.0,256.0,21000.0,Yes,6.78,60.0,64.0,3.0,16.0,1.0,Yes,33,Yes,No,No,Yes,No,8.0,2.4,1080.0,2400.0,Punch Hole,12.0,84.0,Other,helio,Premium,4-8 GB,32-256 GB,10000-22000 mAh,0-50W,v10-v16,6-9 inches,60-200 mp,8-16 mp,2-3 GHz,640-1080 Width,2160-3840 Height,80-90 rating
Realme,20999,Android,Snapdragon_695,8.0,128.0,5000.0,Yes,6.6,120.0,64.0,3.0,16.0,1.0,Yes,33,Yes,Yes,No,No,No,8.0,2.2,1080.0,2412.0,Punch Hole,12.0,82.0,Realme,snapdragon,Mid-Range,4-8 GB,32-256 GB,3000-5000 mAh,0-50W,v10-v16,6-9 inches,60-200 mp,8-16 mp,2-3 GHz,640-1080 Width,2160-3840 Height,80-90 rating
Xiaomi,11999,Android,Snapdragon_720,6.0,128.0,5020.0,Yes,6.67,60.0,48.0,1.0,16.0,1.0,Yes,18,Yes,No,No,No,Yes,8.0,2.3,1080.0,2400.0,Punch Hole,10.0,80.0,Xiaomi,snapdragon,Mid-Range,4-8 GB,32-256 GB,5000-10000 mAh,0-50W,v5-v10,6-9 inches,40-60 mp,8-16 mp,2-3 GHz,640-1080 Width,2160-3840 Height,70-80 rating
Samsung,17990,Android,Dimensity_700,4.0,64.0,5000.0,Yes,6.5,90.0,50.0,3.0,5.0,1.0,Yes,15,Yes,Yes,No,Yes,No,8.0,2.2,720.0,1600.0,Water Drop Notch,11.0,73.0,Samsung,dimensity,Mid-Range,1-4 GB,32-256 GB,3000-5000 mAh,0-50W,v10-v16,6-9 inches,40-60 mp,1-8 mp,2-3 GHz,640-1080 Width,1480-2160 Height,70-80 rating
Xiaomi,14990,Android,Dimensity_810,4.0,128.0,5000.0,Yes,6.6,90.0,50.0,2.0,16.0,1.0,Yes,33,Yes,Yes,No,No,Yes,8.0,2.4,1080.0,2400.0,Punch Hole,11.0,77.0,Xiaomi,dimensity,Mid-Range,1-4 GB,32-256 GB,3000-5000 mAh,0-50W,v10-v16,6-9 inches,40-60 mp,8-16 mp,2-3 GHz,640-1080 Width,2160-3840 Height,70-80 rating
itel,6490,Android,Other_7731,1.0,16.0,5000.0,Yes,6.5,60.0,8.0,2.0,8.0,1.0,Yes,0,Yes,No,No,No,No,4.0,1.3,1600.0,720.0,Water Drop Notch,12.0,80.0,Other,Other,Budget,0-1 GB,1-32 GB,3000-5000 mAh,0-50W,v10-v16,6-9 inches,5-14 mp,1-8 mp,0-2 GHz,1440-2460 Width,640-1480 Height,70-80 rating
Jio,2999,KAI OS,Other_1,0.5,4.0,2000.0,Yes,2.4,60.0,2.0,1.0,3.0,1.0,Yes,0,Yes,No,No,No,No,2.0,2.4,320.0,240.0,No Notch,12.0,80.0,Other,Other,Budget,0-1 GB,1-32 GB,800-3000 mAh,0-50W,v10-v16,1-4 inches,2-5 mp,1-8 mp,2-3 GHz,120-640 Width,160-640 Height,70-80 rating
Realme,34999,Android,Snapdragon_8,8.0,128.0,4600.0,Yes,6.7,120.0,50.0,3.0,16.0,1.0,Yes,240,Yes,Yes,No,Yes,No,8.0,3.2,1080.0,2412.0,Punch Hole,12.0,83.0,Realme,snapdragon,Premium,4-8 GB,32-256 GB,3000-5000 mAh,80-240W,v10-v16,6-9 inches,40-60 mp,8-16 mp,3-4 GHz,640-1080 Width,2160-3840 Height,80-90 rating
Apple,149900,iOS,Bionic_17,8.0,128.0,4700.0,Yes,6.73,120.0,48.0,3.0,12.0,1.0,No,0,Yes,Yes,No,Yes,No,8.0,2.4,1290.0,2796.0,No Notch,17.0,79.0,Apple,bionic,Luxury,4-8 GB,32-256 GB,3000-5000 mAh,0-50W,v10-v16,6-9 inches,40-60 mp,8-16 mp,2-3 GHz,1080-1440 Width,2160-3840 Height,70-80 rating
POCO,6499,Android,Helio_22,2.0,32.0,5000.0,Yes,6.52,60.0,8.0,1.0,5.0,1.0,Yes,10,Yes,No,No,No,No,4.0,2.4,720.0,1600.0,Water Drop Notch,12.0,80.0,Other,helio,Budget,1-4 GB,1-32 GB,3000-5000 mAh,0-50W,v10-v16,6-9 inches,5-14 mp,1-8 mp,2-3 GHz,640-1080 Width,1480-2160 Height,70-80 rating
Samsung,104999,Android,Snapdragon_8,12.0,256.0,4500.0,Yes,6.71,120.0,200.0,3.0,10.0,1.0,Yes,67,Yes,Yes,No,Yes,No,8.0,3.2,1440.0,3214.0,Punch Hole,12.0,80.0,Samsung,snapdragon,Luxury,8-18 GB,32-256 GB,3000-5000 mAh,50-80W,v10-v16,6-9 inches,60-200 mp,8-16 mp,3-4 GHz,1080-1440 Width,2160-3840 Height,70-80 rating
Realme,13999,Android,Snapdragon_680,4.0,128.0,5000.0,Yes,6.6,90.0,50.0,3.0,16.0,1.0,Yes,33,Yes,No,No,No,No,8.0,2.4,1080.0,2412.0,Punch Hole,11.0,75.0,Realme,snapdragon,Mid-Range,1-4 GB,32-256 GB,3000-5000 mAh,0-50W,v10-v16,6-9 inches,40-60 mp,8-16 mp,2-3 GHz,640-1080 Width,2160-3840 Height,70-80 rating
Xiaomi,16999,Android,Dimensity_810,6.0,64.0,5000.0,Yes,6.6,90.0,50.0,2.0,16.0,1.0,Yes,33,Yes,Yes,No,No,Yes,8.0,2.4,1080.0,2400.0,Punch Hole,11.0,79.0,Xiaomi,dimensity,Mid-Range,4-8 GB,32-256 GB,3000-5000 mAh,0-50W,v10-v16,6-9 inches,40-60 mp,8-16 mp,2-3 GHz,640-1080 Width,2160-3840 Height,70-80 rating
Vivo,79999,Android,Snapdragon_8 Gen1,12.0,256.0,4700.0,Yes,6.78,120.0,50.0,1.0,32.0,1.0,No,80,Yes,Yes,No,Yes,No,8.0,2.4,1440.0,3200.0,Punch Hole,12.0,80.0,Vivo,snapdragon,Flagship,8-18 GB,32-256 GB,3000-5000 mAh,50-80W,v10-v16,6-9 inches,40-60 mp,16-40 mp,2-3 GHz,1080-1440 Width,2160-3840 Height,70-80 rating
OPPO,36760,Android,Dimensity_1200,12.0,256.0,4500.0,Yes,6.55,90.0,64.0,1.0,32.0,1.0,No,65,Yes,Yes,No,Yes,No,8.0,2.4,1080.0,2400.0,Punch Hole,11.0,87.0,OPPO,dimensity,Premium,8-18 GB,32-256 GB,3000-5000 mAh,50-80W,v10-v16,6-9 inches,60-200 mp,16-40 mp,2-3 GHz,640-1080 Width,2160-3840 Height,80-90 rating
Xiaomi,23499,Android,Dimensity_920,6.0,128.0,5160.0,Yes,6.67,120.0,108.0,3.0,16.0,1.0,Yes,67,Yes,Yes,No,No,Yes,8.0,2.5,2400.0,1080.0,Punch Hole,11.0,81.0,Xiaomi,dimensity,Mid-Range,4-8 GB,32-256 GB,5000-10000 mAh,50-80W,v10-v16,6-9 inches,60-200 mp,8-16 mp,2-3 GHz,1440-2460 Width,640-1480 Height,80-90 rating
Asus,75990,Android,Snapdragon_8 Gen2,18.0,256.0,6000.0,Yes,6.8,165.0,64.0,3.0,32.0,1.0,No,120,Yes,Yes,No,Yes,No,8.0,3.2,1080.0,2448.0,No Notch,13.0,87.0,Other,snapdragon,Flagship,8-18 GB,32-256 GB,5000-10000 mAh,80-240W,v10-v16,6-9 inches,60-200 mp,16-40 mp,3-4 GHz,640-1080 Width,2160-3840 Height,80-90 rating
OPPO,21990,Android,Snapdragon_810,6.0,128.0,5000.0,Yes,6.56,90.0,48.0,2.0,8.0,1.0,Yes,33,Yes,Yes,No,No,No,8.0,2.4,720.0,1600.0,Water Drop Notch,12.0,76.0,OPPO,snapdragon,Mid-Range,4-8 GB,32-256 GB,3000-5000 mAh,0-50W,v10-v16,6-9 inches,40-60 mp,1-8 mp,2-3 GHz,640-1080 Width,1480-2160 Height,70-80 rating
Realme,18999,Android,Snapdragon_778,6.0,128.0,5000.0,Yes,6.6,144.0,48.0,3.0,16.0,1.0,Yes,30,Yes,Yes,No,No,No,8.0,2.4,1080.0,2412.0,Punch Hole,11.0,80.0,Realme,snapdragon,Mid-Range,4-8 GB,32-256 GB,3000-5000 mAh,0-50W,v10-v16,6-9 inches,40-60 mp,8-16 mp,2-3 GHz,640-1080 Width,2160-3840 Height,70-80 rating
Samsung,7249,Android,Unisoc_606,3.0,32.0,5000.0,Yes,6.5,60.0,48.0,2.0,5.0,1.0,Yes,15,Yes,No,No,No,No,8.0,1.6,720.0,1560.0,Water Drop Notch,11.0,66.0,Samsung,unisoc,Budget,1-4 GB,1-32 GB,3000-5000 mAh,0-50W,v10-v16,6-9 inches,40-60 mp,1-8 mp,0-2 GHz,640-1080 Width,1480-2160 Height,60-70 rating
OnePlus,16990,Android,Snapdragon_480,4.0,64.0,5000.0,Yes,6.49,90.0,13.0,3.0,16.0,1.0,Yes,18,Yes,Yes,No,Yes,No,8.0,2.4,1080.0,2400.0,Punch Hole,11.0,75.0,Other,snapdragon,Mid-Range,1-4 GB,32-256 GB,3000-5000 mAh,0-50W,v10-v16,6-9 inches,5-14 mp,8-16 mp,2-3 GHz,640-1080 Width,2160-3840 Height,70-80 rating
Xiaomi,23890,Android,Snapdragon_870,6.0,128.0,4520.0,Yes,6.67,120.0,48.0,3.0,20.0,1.0,Yes,33,Yes,Yes,No,No,Yes,8.0,3.2,1080.0,2400.0,Punch Hole,12.0,80.0,Xiaomi,snapdragon,Mid-Range,4-8 GB,32-256 GB,3000-5000 mAh,0-50W,v10-v16,6-9 inches,40-60 mp,16-40 mp,3-4 GHz,640-1080 Width,2160-3840 Height,70-80 rating
OPPO,26380,Android,Dimensity_900,8.0,128.0,4300.0,Yes,6.43,90.0,64.0,3.0,32.0,1.0,No,65,Yes,Yes,No,Yes,No,8.0,2.4,1080.0,2400.0,Punch Hole,11.0,83.0,OPPO,dimensity,Premium,4-8 GB,32-256 GB,3000-5000 mAh,50-80W,v10-v16,6-9 inches,60-200 mp,16-40 mp,2-3 GHz,640-1080 Width,2160-3840 Height,80-90 rating
Realme,27999,Android,Snapdragon_865,12.0,256.0,4200.0,Yes,6.44,90.0,64.0,1.0,32.0,2.0,No,65,Yes,Yes,No,Yes,No,8.0,2.84,1080.0,2400.0,Dual Punch Hole,10.0,87.0,Realme,snapdragon,Premium,8-18 GB,32-256 GB,3000-5000 mAh,50-80W,v5-v10,6-9 inches,60-200 mp,16-40 mp,2-3 GHz,640-1080 Width,2160-3840 Height,80-90 rating
Xiaomi,10850,Android,Helio_25,6.0,128.0,5000.0,Yes,6.53,60.0,13.0,1.0,5.0,1.0,Yes,0,Yes,No,No,No,No,8.0,2.4,720.0,1600.0,Water Drop Notch,11.0,70.0,Xiaomi,helio,Mid-Range,4-8 GB,32-256 GB,3000-5000 mAh,0-50W,v10-v16,6-9 inches,5-14 mp,1-8 mp,2-3 GHz,640-1080 Width,1480-2160 Height,60-70 rating
Redmi,19999,Android,Snapdragon_778,6.0,128.0,5000.0,Yes,6.67,120.0,108.0,3.0,16.0,1.0,No,67,Yes,Yes,No,Yes,Yes,8.0,2.4,1080.0,2400.0,Punch Hole,13.0,81.0,Other,snapdragon,Mid-Range,4-8 GB,32-256 GB,3000-5000 mAh,50-80W,v10-v16,6-9 inches,60-200 mp,8-16 mp,2-3 GHz,640-1080 Width,2160-3840 Height,80-90 rating
Apple,129990,iOS,Bionic_16,6.0,256.0,3200.0,Yes,6.1,120.0,48.0,3.0,12.0,1.0,No,0,Yes,Yes,No,Yes,No,6.0,2.4,1179.0,2556.0,No Notch,16.0,76.0,Apple,bionic,Luxury,4-8 GB,32-256 GB,3000-5000 mAh,0-50W,v10-v16,6-9 inches,40-60 mp,8-16 mp,2-3 GHz,1080-1440 Width,2160-3840 Height,70-80 rating
Motorola,19990,Android,Snapdragon_695,6.0,128.0,5000.0,Yes,6.5,120.0,108.0,3.0,16.0,1.0,No,33,Yes,Yes,No,Yes,No,8.0,2.2,1080.0,2400.0,Punch Hole,12.0,81.0,Other,snapdragon,Mid-Range,4-8 GB,32-256 GB,3000-5000 mAh,0-50W,v10-v16,6-9 inches,60-200 mp,8-16 mp,2-3 GHz,640-1080 Width,2160-3840 Height,80-90 rating
Motorola,41990,Android,Snapdragon_8,8.0,128.0,4450.0,Yes,6.67,144.0,200.0,3.0,60.0,1.0,Yes,125,Yes,Yes,No,Yes,No,8.0,3.2,1080.0,2400.0,Punch Hole,12.0,80.0,Other,snapdragon,Premium,4-8 GB,32-256 GB,3000-5000 mAh,80-240W,v10-v16,6-9 inches,60-200 mp,40-60 mp,3-4 GHz,640-1080 Width,2160-3840 Height,70-80 rating
Xiaomi,69990,Android,Snapdragon_8,8.0,256.0,4860.0,Yes,6.73,120.0,50.0,3.0,32.0,1.0,Yes,67,Yes,Yes,No,Yes,Yes,8.0,3.2,1440.0,3200.0,Punch Hole,12.0,80.0,Xiaomi,snapdragon,Flagship,4-8 GB,32-256 GB,3000-5000 mAh,50-80W,v10-v16,6-9 inches,40-60 mp,16-40 mp,3-4 GHz,1080-1440 Width,2160-3840 Height,70-80 rating
Honor,39990,Android,Snapdragon_778,12.0,512.0,4800.0,Yes,6.67,120.0,54.0,3.0,32.0,1.0,Yes,66,Yes,Yes,No,Yes,No,8.0,2.5,1080.0,2400.0,Punch Hole,12.0,88.0,Other,snapdragon,Premium,8-18 GB,256-1024 GB,3000-5000 mAh,50-80W,v10-v16,6-9 inches,40-60 mp,16-40 mp,2-3 GHz,640-1080 Width,2160-3840 Height,80-90 rating
OnePlus,74999,Android,Snapdragon_8 Gen1,12.0,512.0,5000.0,Yes,6.7,120.0,50.0,3.0,32.0,1.0,Yes,80,Yes,Yes,No,Yes,No,8.0,2.4,1440.0,3216.0,Punch Hole,12.0,80.0,Other,snapdragon,Flagship,8-18 GB,256-1024 GB,3000-5000 mAh,50-80W,v10-v16,6-9 inches,40-60 mp,16-40 mp,2-3 GHz,1080-1440 Width,2160-3840 Height,70-80 rating
Vivo,36994,Android,Dimensity_1200,12.0,256.0,4300.0,Yes,6.56,90.0,108.0,3.0,50.0,2.0,No,44,Yes,Yes,No,No,No,8.0,2.4,1080.0,2376.0,Small Notch,12.0,87.0,Vivo,dimensity,Premium,8-18 GB,32-256 GB,3000-5000 mAh,0-50W,v10-v16,6-9 inches,60-200 mp,40-60 mp,2-3 GHz,640-1080 Width,2160-3840 Height,80-90 rating
OPPO,14700,Android,Helio_35,6.0,128.0,5000.0,Yes,6.51,60.0,50.0,3.0,16.0,1.0,Yes,18,Yes,No,No,No,No,8.0,2.3,720.0,1600.0,Punch Hole,11.0,76.0,OPPO,helio,Mid-Range,4-8 GB,32-256 GB,3000-5000 mAh,0-50W,v10-v16,6-9 inches,40-60 mp,8-16 mp,2-3 GHz,640-1080 Width,1480-2160 Height,70-80 rating
Xiaomi,34990,Android,Snapdragon_888,8.0,128.0,5000.0,Yes,6.67,120.0,108.0,3.0,16.0,1.0,Yes,120,Yes,Yes,No,Yes,Yes,8.0,2.84,1080.0,2400.0,Punch Hole,12.0,86.0,Xiaomi,snapdragon,Premium,4-8 GB,32-256 GB,3000-5000 mAh,80-240W,v10-v16,6-9 inches,60-200 mp,8-16 mp,2-3 GHz,640-1080 Width,2160-3840 Height,80-90 rating
Nokia,34999,Android,Snapdragon_775,6.0,64.0,6000.0,No,6.81,60.0,108.0,1.0,32.0,1.0,Yes,33,Yes,Yes,No,No,No,8.0,2.4,1080.0,2400.0,Punch Hole,11.0,76.0,Other,snapdragon,Premium,4-8 GB,32-256 GB,5000-10000 mAh,0-50W,v10-v16,6-9 inches,60-200 mp,16-40 mp,2-3 GHz,640-1080 Width,2160-3840 Height,70-80 rating
Xiaomi,13990,Android,Snapdragon_678,4.0,64.0,5000.0,Yes,6.43,60.0,48.0,1.0,13.0,1.0,Yes,33,Yes,No,No,No,Yes,8.0,2.2,1080.0,2400.0,Punch Hole,11.0,75.0,Xiaomi,snapdragon,Mid-Range,1-4 GB,32-256 GB,3000-5000 mAh,0-50W,v10-v16,6-9 inches,40-60 mp,8-16 mp,2-3 GHz,640-1080 Width,2160-3840 Height,70-80 rating
Vertu,650000,Android,Snapdragon_801,2.0,64.0,2275.0,No,4.7,60.0,13.0,1.0,1.0,1.0,No,0,Yes,No,No,Yes,No,8.0,1.5,1080.0,1920.0,No Notch,4.4,62.0,Other,snapdragon,Luxury,1-4 GB,32-256 GB,800-3000 mAh,0-50W,v1-v5,4-6 inches,5-14 mp,1-8 mp,0-2 GHz,640-1080 Width,1480-2160 Height,60-70 rating
Samsung,14859,Android,Helio_80,6.0,128.0,6000.0,Yes,6.4,90.0,64.0,1.0,20.0,1.0,Yes,15,Yes,No,No,No,No,8.0,2.4,1080.0,2400.0,Water Drop Notch,11.0,79.0,Samsung,helio,Mid-Range,4-8 GB,32-256 GB,5000-10000 mAh,0-50W,v10-v16,6-9 inches,60-200 mp,16-40 mp,2-3 GHz,640-1080 Width,2160-3840 Height,70-80 rating
Tecno,17999,Android,Helio_96,8.0,128.0,5000.0,Yes,6.8,120.0,64.0,3.0,32.0,1.0,Yes,33,Yes,No,No,Yes,No,8.0,2.05,1080.0,2460.0,Punch Hole,12.0,84.0,Other,helio,Mid-Range,4-8 GB,32-256 GB,3000-5000 mAh,0-50W,v10-v16,6-9 inches,60-200 mp,16-40 mp,2-3 GHz,640-1080 Width,2160-3840 Height,80-90 rating
POCO,34990,Android,Snapdragon_8,8.0,128.0,4700.0,Yes,6.7,120.0,64.0,3.0,32.0,1.0,Yes,67,Yes,Yes,No,Yes,No,8.0,3.2,1080.0,2400.0,Punch Hole,12.0,85.0,Other,snapdragon,Premium,4-8 GB,32-256 GB,3000-5000 mAh,50-80W,v10-v16,6-9 inches,60-200 mp,16-40 mp,3-4 GHz,640-1080 Width,2160-3840 Height,80-90 rating
BLU,14990,Android,Dimensity_810,8.0,128.0,5000.0,Yes,6.8,60.0,48.0,1.0,16.0,1.0,Yes,0,Yes,Yes,No,Yes,No,8.0,2.4,1080.0,2460.0,No Notch,11.0,85.0,Other,dimensity,Mid-Range,4-8 GB,32-256 GB,3000-5000 mAh,0-50W,v10-v16,6-9 inches,40-60 mp,8-16 mp,2-3 GHz,640-1080 Width,2160-3840 Height,80-90 rating
OPPO,8999,Android,Helio_22,3.0,32.0,4230.0,Yes,6.52,60.0,13.0,1.0,5.0,1.0,Yes,0,Yes,No,No,No,No,8.0,2.4,720.0,1600.0,Water Drop Notch,11.0,65.0,OPPO,helio,Budget,1-4 GB,1-32 GB,3000-5000 mAh,0-50W,v10-v16,6-9 inches,5-14 mp,1-8 mp,2-3 GHz,640-1080 Width,1480-2160 Height,60-70 rating
Motorola,8999,Android,Helio_37,4.0,64.0,5000.0,Yes,6.5,90.0,50.0,2.0,8.0,1.0,Yes,10,Yes,No,No,No,No,8.0,2.3,720.0,1600.0,Punch Hole,12.0,71.0,Other,helio,Budget,1-4 GB,32-256 GB,3000-5000 mAh,0-50W,v10-v16,6-9 inches,40-60 mp,1-8 mp,2-3 GHz,640-1080 Width,1480-2160 Height,70-80 rating
Xiaomi,15824,Android,Helio_96,8.0,128.0,5000.0,Yes,6.43,90.0,108.0,1.0,16.0,1.0,Yes,33,Yes,No,No,No,Yes,8.0,2.05,1080.0,2400.0,Punch Hole,11.0,84.0,Xiaomi,helio,Mid-Range,4-8 GB,32-256 GB,3000-5000 mAh,0-50W,v10-v16,6-9 inches,60-200 mp,8-16 mp,2-3 GHz,640-1080 Width,2160-3840 Height,80-90 rating
Apple,43900,iOS,Bionic_15,6.0,64.0,5000.0,Yes,6.58,90.0,50.0,1.0,16.0,1.0,Yes,0,Yes,Yes,No,Yes,No,6.0,3.22,1080.0,2400.0,Unknown,12.0,80.0,Apple,bionic,Premium,4-8 GB,32-256 GB,3000-5000 mAh,0-50W,v10-v16,6-9 inches,40-60 mp,8-16 mp,3-4 GHz,640-1080 Width,2160-3840 Height,70-80 rating
Samsung,22494,Android,Snapdragon_720,8.0,128.0,4500.0,Yes,6.5,90.0,64.0,1.0,32.0,1.0,Yes,25,Yes,No,No,No,No,8.0,2.3,1080.0,2400.0,Punch Hole,11.0,86.0,Samsung,snapdragon,Mid-Range,4-8 GB,32-256 GB,3000-5000 mAh,0-50W,v10-v16,6-9 inches,60-200 mp,16-40 mp,2-3 GHz,640-1080 Width,2160-3840 Height,80-90 rating
POCO,19650,Android,Snapdragon_860,6.0,128.0,5160.0,Yes,6.67,120.0,48.0,1.0,20.0,1.0,Yes,33,Yes,No,No,No,Yes,8.0,2.96,1080.0,2400.0,Punch Hole,11.0,82.0,Other,snapdragon,Mid-Range,4-8 GB,32-256 GB,5000-10000 mAh,0-50W,v10-v16,6-9 inches,40-60 mp,16-40 mp,2-3 GHz,640-1080 Width,2160-3840 Height,80-90 rating
Xiaomi,6999,Android,Helio_25,2.0,32.0,5000.0,Yes,6.53,60.0,13.0,1.0,5.0,1.0,Yes,0,Yes,No,No,No,No,8.0,2.4,720.0,1600.0,Water Drop Notch,10.0,61.0,Xiaomi,helio,Budget,1-4 GB,1-32 GB,3000-5000 mAh,0-50W,v5-v10,6-9 inches,5-14 mp,1-8 mp,2-3 GHz,640-1080 Width,1480-2160 Height,60-70 rating
Samsung,16499,Android,Helio_80,6.0,128.0,5000.0,Yes,6.4,90.0,64.0,1.0,20.0,1.0,Yes,15,Yes,No,No,No,No,8.0,2.4,1080.0,2400.0,Water Drop Notch,11.0,80.0,Samsung,helio,Mid-Range,4-8 GB,32-256 GB,3000-5000 mAh,0-50W,v10-v16,6-9 inches,60-200 mp,16-40 mp,2-3 GHz,640-1080 Width,2160-3840 Height,70-80 rating
Motorola,15999,Android,Helio_85,4.0,128.0,5000.0,Yes,6.5,90.0,50.0,3.0,8.0,1.0,Yes,10,Yes,No,No,Yes,No,8.0,2.4,720.0,1600.0,Punch Hole,13.0,75.0,Other,helio,Mid-Range,1-4 GB,32-256 GB,3000-5000 mAh,0-50W,v10-v16,6-9 inches,40-60 mp,1-8 mp,2-3 GHz,640-1080 Width,1480-2160 Height,70-80 rating
Asus,72999,Android,Dimensity_9000,16.0,256.0,6000.0,Yes,6.78,165.0,50.0,3.0,12.0,1.0,No,65,Yes,Yes,No,Yes,No,8.0,3.2,1080.0,2448.0,No Notch,12.0,88.0,Other,dimensity,Flagship,8-18 GB,32-256 GB,5000-10000 mAh,50-80W,v10-v16,6-9 inches,40-60 mp,8-16 mp,3-4 GHz,640-1080 Width,2160-3840 Height,80-90 rating
Xiaomi,26999,Android,Dimensity_1080,6.0,128.0,4980.0,Yes,6.67,120.0,200.0,3.0,16.0,1.0,No,120,Yes,Yes,No,No,Yes,8.0,2.6,1080.0,2400.0,Punch Hole,12.0,84.0,Xiaomi,dimensity,Premium,4-8 GB,32-256 GB,3000-5000 mAh,80-240W,v10-v16,6-9 inches,60-200 mp,8-16 mp,2-3 GHz,640-1080 Width,2160-3840 Height,80-90 rating
Infinix,6999,Android,Helio_22,2.0,32.0,5000.0,Yes,6.6,60.0,8.0,1.0,5.0,1.0,Yes,0,Yes,No,No,No,No,4.0,2.4,720.0,1600.0,Water Drop Notch,11.0,80.0,Other,helio,Budget,1-4 GB,1-32 GB,3000-5000 mAh,0-50W,v10-v16,6-9 inches,5-14 mp,1-8 mp,2-3 GHz,640-1080 Width,1480-2160 Height,70-80 rating
Apple,130990,iOS,Bionic_16,8.0,128.0,5000.0,Yes,6.58,90.0,50.0,1.0,16.0,1.0,Yes,0,Yes,Yes,No,Yes,No,8.0,2.4,1080.0,2400.0,Unknown,12.0,75.0,Apple,bionic,Luxury,4-8 GB,32-256 GB,3000-5000 mAh,0-50W,v10-v16,6-9 inches,40-60 mp,8-16 mp,2-3 GHz,640-1080 Width,2160-3840 Height,70-80 rating
Realme,12787,Android,Other_616,4.0,128.0,5000.0,Yes,6.6,90.0,50.0,3.0,8.0,1.0,Yes,18,Yes,No,No,No,No,8.0,1.8,1080.0,2408.0,Water Drop Notch,11.0,71.0,Realme,Other,Mid-Range,1-4 GB,32-256 GB,3000-5000 mAh,0-50W,v10-v16,6-9 inches,40-60 mp,1-8 mp,0-2 GHz,640-1080 Width,2160-3840 Height,70-80 rating
Infinix,9999,Android,Helio_37,4.0,64.0,6000.0,Yes,6.82,90.0,50.0,2.0,8.0,1.0,Yes,18,Yes,No,No,No,No,8.0,2.3,720.0,1640.0,Water Drop Notch,11.0,72.0,Other,helio,Budget,1-4 GB,32-256 GB,5000-10000 mAh,0-50W,v10-v16,6-9 inches,40-60 mp,1-8 mp,2-3 GHz,640-1080 Width,1480-2160 Height,70-80 rating
Vivo,54999,Android,Dimensity_9000,8.0,128.0,4500.0,Yes,6.78,120.0,50.0,3.0,32.0,1.0,No,80,Yes,Yes,No,No,No,8.0,3.05,1080.0,2400.0,Punch Hole,12.0,86.0,Vivo,dimensity,Flagship,4-8 GB,32-256 GB,3000-5000 mAh,50-80W,v10-v16,6-9 inches,40-60 mp,16-40 mp,3-4 GHz,640-1080 Width,2160-3840 Height,80-90 rating
Vivo,15490,Android,Helio_80,8.0,128.0,5000.0,Yes,6.58,60.0,64.0,3.0,16.0,1.0,Yes,19,Yes,No,No,No,No,8.0,2.4,1080.0,2408.0,Water Drop Notch,11.0,79.0,Vivo,helio,Mid-Range,4-8 GB,32-256 GB,3000-5000 mAh,0-50W,v10-v16,6-9 inches,60-200 mp,8-16 mp,2-3 GHz,640-1080 Width,2160-3840 Height,70-80 rating
Tecno,25999,Android,Helio_95,8.0,256.0,4700.0,Yes,6.7,90.0,50.0,3.0,48.0,2.0,Yes,33,Yes,No,No,No,No,8.0,2.05,1080.0,2340.0,Punch Hole,12.0,84.0,Other,helio,Premium,4-8 GB,32-256 GB,3000-5000 mAh,0-50W,v10-v16,6-9 inches,40-60 mp,40-60 mp,2-3 GHz,640-1080 Width,2160-3840 Height,80-90 rating
Samsung,9499,Android,Helio_35,4.0,128.0,5000.0,Yes,6.5,60.0,13.0,2.0,5.0,1.0,Yes,15,Yes,No,No,No,No,8.0,2.3,720.0,1600.0,Water Drop Notch,12.0,68.0,Samsung,helio,Budget,1-4 GB,32-256 GB,3000-5000 mAh,0-50W,v10-v16,6-9 inches,5-14 mp,1-8 mp,2-3 GHz,640-1080 Width,1480-2160 Height,60-70 rating
Redmi,7999,Android,Helio_85,4.0,64.0,5000.0,Yes,6.71,60.0,50.0,1.0,5.0,1.0,Yes,0,Yes,No,No,No,No,8.0,2.4,720.0,1650.0,Water Drop Notch,12.0,70.0,Other,helio,Budget,1-4 GB,32-256 GB,3000-5000 mAh,0-50W,v10-v16,6-9 inches,40-60 mp,1-8 mp,2-3 GHz,640-1080 Width,1480-2160 Height,60-70 rating
Asus,63990,Android,Snapdragon_8,8.0,128.0,4300.0,Yes,5.9,120.0,50.0,2.0,12.0,1.0,Yes,30,Yes,Yes,No,Yes,No,8.0,3.2,1080.0,2400.0,Punch Hole,12.0,86.0,Other,snapdragon,Flagship,4-8 GB,32-256 GB,3000-5000 mAh,0-50W,v10-v16,4-6 inches,40-60 mp,8-16 mp,3-4 GHz,640-1080 Width,2160-3840 Height,80-90 rating
Sony,15990,Android,Helio_35,4.0,64.0,4000.0,No,6.2,60.0,13.0,3.0,8.0,1.0,Yes,0,Yes,No,No,Yes,No,8.0,2.3,720.0,1680.0,No Notch,12.0,73.0,Other,helio,Mid-Range,1-4 GB,32-256 GB,3000-5000 mAh,0-50W,v10-v16,6-9 inches,5-14 mp,1-8 mp,2-3 GHz,640-1080 Width,1480-2160 Height,70-80 rating
iQOO,34949,Android,Snapdragon_888,12.0,256.0,4500.0,Yes,6.62,120.0,48.0,3.0,16.0,1.0,Yes,66,Yes,Yes,No,Yes,No,8.0,2.84,1080.0,2400.0,Punch Hole,12.0,85.0,Other,snapdragon,Premium,8-18 GB,32-256 GB,3000-5000 mAh,50-80W,v10-v16,6-9 inches,40-60 mp,8-16 mp,2-3 GHz,640-1080 Width,2160-3840 Height,80-90 rating
Tecno,8799,Android,Helio_85,4.0,64.0,5000.0,Yes,6.8,60.0,48.0,1.0,8.0,1.0,Yes,33,Yes,No,No,No,No,8.0,2.4,1080.0,2460.0,Punch Hole,11.0,72.0,Other,helio,Budget,1-4 GB,32-256 GB,3000-5000 mAh,0-50W,v10-v16,6-9 inches,40-60 mp,1-8 mp,2-3 GHz,640-1080 Width,2160-3840 Height,70-80 rating
Xiaomi,12390,Android,Helio_88,4.0,64.0,6000.0,Yes,6.5,90.0,50.0,1.0,8.0,1.0,Yes,18,Yes,No,No,No,Yes,8.0,2.4,1080.0,2400.0,Punch Hole,11.0,74.0,Xiaomi,helio,Mid-Range,1-4 GB,32-256 GB,5000-10000 mAh,0-50W,v10-v16,6-9 inches,40-60 mp,1-8 mp,2-3 GHz,640-1080 Width,2160-3840 Height,70-80 rating
Samsung,11499,Android,Helio_80,4.0,64.0,6000.0,Yes,6.4,90.0,48.0,1.0,13.0,1.0,Yes,0,Yes,No,No,No,No,8.0,2.4,720.0,1600.0,Water Drop Notch,11.0,73.0,Samsung,helio,Mid-Range,1-4 GB,32-256 GB,5000-10000 mAh,0-50W,v10-v16,6-9 inches,40-60 mp,8-16 mp,2-3 GHz,640-1080 Width,1480-2160 Height,70-80 rating
Xiaomi,199990,Android,Snapdragon_855,12.0,512.0,4050.0,Yes,7.92,60.0,108.0,3.0,16.0,1.0,No,40,Yes,Yes,No,No,No,8.0,2.96,2088.0,2250.0,No Notch,10.0,80.0,Xiaomi,snapdragon,Luxury,8-18 GB,256-1024 GB,3000-5000 mAh,0-50W,v5-v10,6-9 inches,60-200 mp,8-16 mp,2-3 GHz,1440-2460 Width,2160-3840 Height,70-80 rating
OPPO,42990,Android,Dimensity_9000,16.0,256.0,5000.0,Yes,6.73,120.0,50.0,2.0,32.0,1.0,Yes,120,Yes,Yes,No,Yes,No,8.0,3.05,1080.0,2412.0,Punch Hole,12.0,86.0,OPPO,dimensity,Premium,8-18 GB,32-256 GB,3000-5000 mAh,80-240W,v10-v16,6-9 inches,40-60 mp,16-40 mp,3-4 GHz,640-1080 Width,2160-3840 Height,80-90 rating
Nubia,34999,Android,Snapdragon_8 Gen2,8.0,128.0,5000.0,Yes,6.67,144.0,64.0,2.0,16.0,1.0,Yes,80,Yes,Yes,No,Yes,No,8.0,3.2,1080.0,2400.0,Punch Hole,12.0,82.0,Other,snapdragon,Premium,4-8 GB,32-256 GB,3000-5000 mAh,50-80W,v10-v16,6-9 inches,60-200 mp,8-16 mp,3-4 GHz,640-1080 Width,2160-3840 Height,80-90 rating
Samsung,11999,Android,Exynos_850,4.0,128.0,6000.0,Yes,6.6,60.0,50.0,3.0,8.0,1.0,Yes,15,Yes,No,No,Yes,No,8.0,2.4,2408.0,1080.0,Water Drop Notch,12.0,75.0,Samsung,exynos,Mid-Range,1-4 GB,32-256 GB,5000-10000 mAh,0-50W,v10-v16,6-9 inches,40-60 mp,1-8 mp,2-3 GHz,1440-2460 Width,640-1480 Height,70-80 rating
Nokia,10499,Android,Unisoc_606,4.0,64.0,5000.0,Yes,6.52,90.0,50.0,2.0,8.0,1.0,Yes,10,Yes,No,No,No,No,8.0,1.6,720.0,1600.0,Water Drop Notch,12.0,70.0,Other,unisoc,Mid-Range,1-4 GB,32-256 GB,3000-5000 mAh,0-50W,v10-v16,6-9 inches,40-60 mp,1-8 mp,0-2 GHz,640-1080 Width,1480-2160 Height,60-70 rating
Infinix,8910,Android,Other_610,4.0,64.0,6000.0,Yes,6.82,90.0,13.0,1.0,8.0,1.0,Yes,18,Yes,No,No,No,No,8.0,1.82,1640.0,720.0,Punch Hole,11.0,66.0,Other,Other,Budget,1-4 GB,32-256 GB,5000-10000 mAh,0-50W,v10-v16,6-9 inches,5-14 mp,1-8 mp,0-2 GHz,1440-2460 Width,640-1480 Height,60-70 rating
Vivo,24990,Android,Snapdragon_870,8.0,128.0,4700.0,Yes,6.62,120.0,64.0,3.0,16.0,1.0,Yes,80,Yes,Yes,No,No,No,8.0,3.2,1080.0,2400.0,Punch Hole,12.0,85.0,Vivo,snapdragon,Mid-Range,4-8 GB,32-256 GB,3000-5000 mAh,50-80W,v10-v16,6-9 inches,60-200 mp,8-16 mp,3-4 GHz,640-1080 Width,2160-3840 Height,80-90 rating
OPPO,17999,Android,Snapdragon_695,8.0,128.0,4500.0,Yes,6.43,60.0,64.0,3.0,16.0,1.0,Yes,33,Yes,Yes,No,Yes,No,8.0,2.2,1080.0,2400.0,Punch Hole,11.0,84.0,OPPO,snapdragon,Mid-Range,4-8 GB,32-256 GB,3000-5000 mAh,0-50W,v10-v16,6-9 inches,60-200 mp,8-16 mp,2-3 GHz,640-1080 Width,2160-3840 Height,80-90 rating
Xiaomi,22999,Android,Snapdragon_778,8.0,128.0,4250.0,Yes,6.55,90.0,64.0,3.0,20.0,1.0,Yes,33,Yes,Yes,No,Yes,Yes,8.0,2.4,1080.0,2400.0,Punch Hole,11.0,86.0,Xiaomi,snapdragon,Mid-Range,4-8 GB,32-256 GB,3000-5000 mAh,0-50W,v10-v16,6-9 inches,60-200 mp,16-40 mp,2-3 GHz,640-1080 Width,2160-3840 Height,80-90 rating
Realme Narzo,6490,Android,Unisoc_9863,2.0,32.0,5000.0,Yes,6.5,60.0,8.0,1.0,5.0,1.0,Yes,0,Yes,No,No,No,No,8.0,1.6,720.0,1600.0,Water Drop Notch,11.0,80.0,Other,unisoc,Budget,1-4 GB,1-32 GB,3000-5000 mAh,0-50W,v10-v16,6-9 inches,5-14 mp,1-8 mp,0-2 GHz,640-1080 Width,1480-2160 Height,70-80 rating
Infinix,21990,Android,Helio_95,8.0,128.0,4500.0,Yes,6.67,120.0,108.0,3.0,16.0,1.0,Yes,45,Yes,Yes,No,No,No,8.0,2.05,1080.0,2400.0,Punch Hole,11.0,85.0,Other,helio,Mid-Range,4-8 GB,32-256 GB,3000-5000 mAh,0-50W,v10-v16,6-9 inches,60-200 mp,8-16 mp,2-3 GHz,640-1080 Width,2160-3840 Height,80-90 rating
Nokia,1762,Android,Other_Unknown,0.12,0.05,1020.0,Yes,1.8,60.0,3.0,1.0,16.0,1.0,Yes,0,Yes,No,No,No,No,8.0,2.4,120.0,160.0,No Notch,12.0,80.0,Other,Other,Budget,0-1 GB,0-1 GB,800-3000 mAh,0-50W,v10-v16,1-4 inches,2-5 mp,8-16 mp,2-3 GHz,120-640 Width,160-640 Height,70-80 rating
Samsung,12364,Android,Helio_80,4.0,64.0,6000.0,Yes,6.4,90.0,64.0,1.0,20.0,1.0,Yes,15,Yes,No,No,No,No,8.0,2.4,1080.0,2400.0,Water Drop Notch,11.0,76.0,Samsung,helio,Mid-Range,1-4 GB,32-256 GB,5000-10000 mAh,0-50W,v10-v16,6-9 inches,60-200 mp,16-40 mp,2-3 GHz,640-1080 Width,2160-3840 Height,70-80 rating
Samsung,39990,Android,Snapdragon_855,6.0,128.0,4500.0,Yes,6.71,120.0,64.0,3.0,10.0,1.0,Yes,25,Yes,Yes,No,Yes,No,8.0,2.96,1440.0,3200.0,Punch Hole,11.0,86.0,Samsung,snapdragon,Premium,4-8 GB,32-256 GB,3000-5000 mAh,0-50W,v10-v16,6-9 inches,60-200 mp,8-16 mp,2-3 GHz,1080-1440 Width,2160-3840 Height,80-90 rating
Xiaomi,11999,Android,Snapdragon_845,6.0,64.0,4000.0,Yes,6.18,60.0,12.0,2.0,20.0,1.0,Yes,0,Yes,No,No,No,No,8.0,2.8,1080.0,2246.0,Large Notch,8.1,77.0,Xiaomi,snapdragon,Mid-Range,4-8 GB,32-256 GB,3000-5000 mAh,0-50W,v5-v10,6-9 inches,5-14 mp,16-40 mp,2-3 GHz,640-1080 Width,2160-3840 Height,70-80 rating
Vivo,7499,Android,Helio_6580,1.0,16.0,1900.0,Yes,4.5,60.0,5.0,1.0,2.0,1.0,Yes,0,Yes,No,No,No,No,4.0,1.3,480.0,854.0,No Notch,5.1,80.0,Vivo,helio,Budget,0-1 GB,1-32 GB,800-3000 mAh,0-50W,v5-v10,4-6 inches,2-5 mp,1-8 mp,0-2 GHz,120-640 Width,640-1480 Height,70-80 rating
Lyf,3990,Android,Snapdragon_615,3.0,32.0,3500.0,Yes,5.5,60.0,13.0,2.0,5.0,1.0,Yes,0,Yes,No,No,No,No,8.0,1.5,1080.0,1920.0,No Notch,5.1,60.0,Other,snapdragon,Budget,1-4 GB,1-32 GB,3000-5000 mAh,0-50W,v5-v10,4-6 inches,5-14 mp,1-8 mp,0-2 GHz,640-1080 Width,1480-2160 Height,60-70 rating
Motorola,10499,Android,Other_606,2.0,64.0,5000.0,Yes,6.5,60.0,13.0,1.0,5.0,1.0,Yes,10,Yes,No,No,No,No,8.0,2.4,720.0,1600.0,Punch Hole,13.0,65.0,Other,Other,Mid-Range,1-4 GB,32-256 GB,3000-5000 mAh,0-50W,v10-v16,6-9 inches,5-14 mp,1-8 mp,2-3 GHz,640-1080 Width,1480-2160 Height,60-70 rating
Tecno,6299,Android,Helio_22,2.0,32.0,5000.0,Yes,6.56,60.0,8.0,1.0,5.0,1.0,Yes,0,Yes,No,No,No,No,4.0,2.4,720.0,1600.0,Water Drop Notch,12.0,80.0,Other,helio,Budget,1-4 GB,1-32 GB,3000-5000 mAh,0-50W,v10-v16,6-9 inches,5-14 mp,1-8 mp,2-3 GHz,640-1080 Width,1480-2160 Height,70-80 rating
Itel,5990,Android,Unisoc_9832,2.0,32.0,3020.0,Yes,5.0,60.0,2.0,1.0,3.0,1.0,Yes,0,Yes,No,No,No,No,4.0,1.4,854.0,480.0,No Notch,12.0,80.0,Other,unisoc,Budget,1-4 GB,1-32 GB,3000-5000 mAh,0-50W,v10-v16,4-6 inches,2-5 mp,1-8 mp,0-2 GHz,640-1080 Width,160-640 Height,70-80 rating
Vivo,113990,Android,Snapdragon_8,12.0,256.0,4730.0,Yes,8.03,120.0,50.0,1.0,16.0,1.0,Yes,80,Yes,Yes,No,Yes,No,8.0,3.2,1916.0,2160.0,Punch Hole,12.0,80.0,Vivo,snapdragon,Luxury,8-18 GB,32-256 GB,3000-5000 mAh,50-80W,v10-v16,6-9 inches,40-60 mp,8-16 mp,3-4 GHz,1440-2460 Width,1480-2160 Height,70-80 rating
Huawei,239999,HarmonyOS,Snapdragon_8,6.0,512.0,4700.0,Yes,6.74,120.0,50.0,3.0,13.0,1.0,Yes,66,Yes,No,No,Yes,Yes,8.0,3.2,1212.0,2616.0,No Notch,3.0,81.0,Other,snapdragon,Luxury,4-8 GB,256-1024 GB,3000-5000 mAh,50-80W,v1-v5,6-9 inches,40-60 mp,8-16 mp,3-4 GHz,1080-1440 Width,2160-3840 Height,80-90 rating
Samsung,21999,Android,Dimensity_900,6.0,128.0,7000.0,Yes,6.7,60.0,64.0,1.0,32.0,1.0,Yes,33,Yes,Yes,No,Yes,No,8.0,2.4,1080.0,2400.0,Punch Hole,12.0,84.0,Samsung,dimensity,Mid-Range,4-8 GB,32-256 GB,5000-10000 mAh,0-50W,v10-v16,6-9 inches,60-200 mp,16-40 mp,2-3 GHz,640-1080 Width,2160-3840 Height,80-90 rating
iQOO,15999,Android,Snapdragon_680,6.0,128.0,5000.0,Yes,6.44,120.0,50.0,3.0,16.0,1.0,Yes,44,Yes,No,No,No,No,8.0,2.4,1080.0,2400.0,Water Drop Notch,12.0,80.0,Other,snapdragon,Mid-Range,4-8 GB,32-256 GB,3000-5000 mAh,0-50W,v10-v16,6-9 inches,40-60 mp,8-16 mp,2-3 GHz,640-1080 Width,2160-3840 Height,70-80 rating
Nokia,6899,Android,Snapdragon_210,0.5,4.0,1500.0,Yes,2.8,60.0,2.0,1.0,16.0,1.0,Yes,0,Yes,No,No,No,No,4.0,1.1,240.0,320.0,No Notch,12.0,80.0,Other,snapdragon,Budget,0-1 GB,1-32 GB,800-3000 mAh,0-50W,v10-v16,1-4 inches,2-5 mp,8-16 mp,0-2 GHz,120-640 Width,160-640 Height,70-80 rating
Sony,69990,Android,Snapdragon_865,8.0,128.0,4000.0,Yes,6.1,120.0,12.0,3.0,8.0,1.0,Yes,21,Yes,Yes,No,Yes,No,8.0,2.84,1080.0,2520.0,No Notch,10.0,86.0,Other,snapdragon,Flagship,4-8 GB,32-256 GB,3000-5000 mAh,0-50W,v5-v10,6-9 inches,5-14 mp,1-8 mp,2-3 GHz,640-1080 Width,2160-3840 Height,80-90 rating
Vivo,12990,Android,Helio_35,4.0,128.0,5000.0,Yes,6.35,60.0,13.0,3.0,16.0,1.0,Yes,0,Yes,No,No,No,No,8.0,2.3,720.0,1544.0,Water Drop Notch,9.0,71.0,Vivo,helio,Mid-Range,1-4 GB,32-256 GB,3000-5000 mAh,0-50W,v5-v10,6-9 inches,5-14 mp,8-16 mp,2-3 GHz,640-1080 Width,1480-2160 Height,70-80 rating
Sony,92980,Android,Snapdragon_8 Gen1,12.0,512.0,5000.0,Yes,6.5,120.0,12.0,1.0,12.0,1.0,Yes,30,Yes,Yes,No,Yes,No,8.0,2.4,1644.0,3840.0,No Notch,12.0,80.0,Other,snapdragon,Flagship,8-18 GB,256-1024 GB,3000-5000 mAh,0-50W,v10-v16,6-9 inches,5-14 mp,8-16 mp,2-3 GHz,1440-2460 Width,2160-3840 Height,70-80 rating
Tecno,15999,Android,Helio_99,8.0,256.0,6000.0,Yes,6.66,90.0,50.0,1.0,8.0,1.0,Yes,45,Yes,No,No,No,No,8.0,2.2,720.0,1600.0,Water Drop Notch,12.0,74.0,Other,helio,Mid-Range,4-8 GB,32-256 GB,5000-10000 mAh,0-50W,v10-v16,6-9 inches,40-60 mp,1-8 mp,2-3 GHz,640-1080 Width,1480-2160 Height,70-80 rating
Huawei,23999,Android,Other_680,8.0,256.0,4500.0,Yes,6.67,90.0,108.0,3.0,16.0,1.0,Yes,66,Yes,No,No,Yes,No,8.0,2.4,1080.0,2160.0,Punch Hole,12.0,84.0,Other,Other,Mid-Range,4-8 GB,32-256 GB,3000-5000 mAh,50-80W,v10-v16,6-9 inches,60-200 mp,8-16 mp,2-3 GHz,640-1080 Width,1480-2160 Height,80-90 rating
Vivo,12999,Android,Snapdragon_680,4.0,128.0,5000.0,Yes,6.58,90.0,50.0,2.0,8.0,1.0,Yes,18,Yes,No,No,No,No,8.0,2.4,1080.0,2408.0,Water Drop Notch,12.0,75.0,Vivo,snapdragon,Mid-Range,1-4 GB,32-256 GB,3000-5000 mAh,0-50W,v10-v16,6-9 inches,40-60 mp,1-8 mp,2-3 GHz,640-1080 Width,2160-3840 Height,70-80 rating
Nubia,60990,Android,Snapdragon_8,12.0,256.0,5000.0,Yes,6.8,120.0,64.0,3.0,8.0,1.0,Yes,135,Yes,Yes,No,Yes,No,8.0,3.2,1080.0,2400.0,No Notch,12.0,86.0,Other,snapdragon,Flagship,8-18 GB,32-256 GB,3000-5000 mAh,80-240W,v10-v16,6-9 inches,60-200 mp,1-8 mp,3-4 GHz,640-1080 Width,2160-3840 Height,80-90 rating
Motorola,8859,Android,Helio_37,4.0,64.0,5000.0,Yes,6.5,90.0,16.0,3.0,8.0,1.0,Yes,18,Yes,No,No,No,No,8.0,1.8,720.0,1600.0,Punch Hole,12.0,67.0,Other,helio,Budget,1-4 GB,32-256 GB,3000-5000 mAh,0-50W,v10-v16,6-9 inches,14-40 mp,1-8 mp,0-2 GHz,640-1080 Width,1480-2160 Height,60-70 rating
iQOO,33749,Android,Snapdragon_870,12.0,256.0,4700.0,Yes,6.62,120.0,64.0,3.0,16.0,1.0,Yes,80,Yes,Yes,No,No,Yes,8.0,3.2,1080.0,2400.0,Punch Hole,12.0,84.0,Other,snapdragon,Premium,8-18 GB,32-256 GB,3000-5000 mAh,50-80W,v10-v16,6-9 inches,60-200 mp,8-16 mp,3-4 GHz,640-1080 Width,2160-3840 Height,80-90 rating
Samsung,15990,Android,Other_Unknown,6.0,64.0,5000.0,Yes,6.5,60.0,48.0,3.0,8.0,1.0,Yes,0,Yes,No,No,No,No,8.0,2.4,720.0,1600.0,Water Drop Notch,12.0,63.0,Samsung,Other,Mid-Range,4-8 GB,32-256 GB,3000-5000 mAh,0-50W,v10-v16,6-9 inches,40-60 mp,1-8 mp,2-3 GHz,640-1080 Width,1480-2160 Height,60-70 rating
POCO,24990,Android,Dimensity_8100,8.0,128.0,5080.0,Yes,6.6,144.0,64.0,3.0,16.0,1.0,No,67,Yes,Yes,No,Yes,Yes,8.0,2.85,1080.0,2460.0,Punch Hole,12.0,84.0,Other,dimensity,Mid-Range,4-8 GB,32-256 GB,5000-10000 mAh,50-80W,v10-v16,6-9 inches,60-200 mp,8-16 mp,2-3 GHz,640-1080 Width,2160-3840 Height,80-90 rating
Realme Narzo,14999,Android,Dimensity_810,4.0,128.0,5000.0,Yes,6.6,90.0,48.0,3.0,16.0,1.0,Yes,33,Yes,Yes,No,No,No,8.0,2.4,1080.0,2400.0,Punch Hole,11.0,76.0,Other,dimensity,Mid-Range,1-4 GB,32-256 GB,3000-5000 mAh,0-50W,v10-v16,6-9 inches,40-60 mp,8-16 mp,2-3 GHz,640-1080 Width,2160-3840 Height,70-80 rating
Vivo,17990,Android,Dimensity_930,6.0,128.0,4500.0,Yes,6.64,120.0,50.0,2.0,8.0,1.0,Yes,80,Yes,Yes,No,No,No,8.0,2.2,1080.0,2388.0,Punch Hole,12.0,76.0,Vivo,dimensity,Mid-Range,4-8 GB,32-256 GB,3000-5000 mAh,50-80W,v10-v16,6-9 inches,40-60 mp,1-8 mp,2-3 GHz,640-1080 Width,2160-3840 Height,70-80 rating
Honor,24990,Android,Dimensity_900,8.0,128.0,4300.0,Yes,6.67,120.0,64.0,3.0,16.0,1.0,Yes,66,Yes,Yes,No,No,No,8.0,2.4,1080.0,2340.0,Punch Hole,12.0,75.0,Other,dimensity,Mid-Range,4-8 GB,32-256 GB,3000-5000 mAh,50-80W,v10-v16,6-9 inches,60-200 mp,8-16 mp,2-3 GHz,640-1080 Width,2160-3840 Height,70-80 rating
Xiaomi,11600,Android,Helio_99,4.0,64.0,5000.0,Yes,6.58,90.0,50.0,3.0,8.0,1.0,Yes,18,Yes,No,No,No,Yes,8.0,2.2,1080.0,2400.0,Water Drop Notch,12.0,74.0,Xiaomi,helio,Mid-Range,1-4 GB,32-256 GB,3000-5000 mAh,0-50W,v10-v16,6-9 inches,40-60 mp,1-8 mp,2-3 GHz,640-1080 Width,2160-3840 Height,70-80 rating
Realme,8299,Android,Other_612,3.0,32.0,5000.0,Yes,6.52,60.0,13.0,3.0,5.0,1.0,Yes,0,Yes,No,No,No,No,8.0,1.82,720.0,1600.0,Water Drop Notch,11.0,62.0,Realme,Other,Budget,1-4 GB,1-32 GB,3000-5000 mAh,0-50W,v10-v16,6-9 inches,5-14 mp,1-8 mp,0-2 GHz,640-1080 Width,1480-2160 Height,60-70 rating
Motorola,11999,Android,Helio_85,6.0,128.0,5000.0,Yes,6.47,60.0,50.0,3.0,13.0,1.0,Yes,20,Yes,No,No,No,No,8.0,2.4,1080.0,2400.0,Punch Hole,11.0,78.0,Other,helio,Mid-Range,4-8 GB,32-256 GB,3000-5000 mAh,0-50W,v10-v16,6-9 inches,40-60 mp,8-16 mp,2-3 GHz,640-1080 Width,2160-3840 Height,70-80 rating
Samsung,89999,Android,Snapdragon_8,8.0,128.0,3700.0,Yes,6.7,120.0,50.0,1.0,16.0,1.0,Yes,25,Yes,Yes,No,Yes,No,8.0,3.2,1080.0,2640.0,Punch Hole,12.0,88.0,Samsung,snapdragon,Flagship,4-8 GB,32-256 GB,3000-5000 mAh,0-50W,v10-v16,6-9 inches,40-60 mp,8-16 mp,3-4 GHz,640-1080 Width,2160-3840 Height,80-90 rating
OnePlus,27999,Android,Snapdragon_845,8.0,128.0,3300.0,Yes,6.28,60.0,20.0,2.0,16.0,1.0,No,0,Yes,No,No,Yes,No,8.0,2.8,1080.0,2280.0,No Notch,8.1,77.0,Other,snapdragon,Premium,4-8 GB,32-256 GB,3000-5000 mAh,0-50W,v5-v10,6-9 inches,14-40 mp,8-16 mp,2-3 GHz,640-1080 Width,2160-3840 Height,70-80 rating
Google,15990,Android,Snapdragon_835,4.0,128.0,3520.0,No,6.0,60.0,2.0,1.0,8.0,1.0,No,0,Yes,No,No,Yes,No,8.0,2.35,1440.0,2880.0,No Notch,8.0,69.0,Other,snapdragon,Mid-Range,1-4 GB,32-256 GB,3000-5000 mAh,0-50W,v5-v10,4-6 inches,2-5 mp,1-8 mp,2-3 GHz,1080-1440 Width,2160-3840 Height,60-70 rating
Xiaomi,7289,Android,Helio_22,2.0,32.0,5000.0,Yes,6.52,60.0,8.0,2.0,5.0,1.0,Yes,10,Yes,No,No,No,No,4.0,2.4,720.0,1600.0,Water Drop Notch,12.0,60.0,Xiaomi,helio,Budget,1-4 GB,1-32 GB,3000-5000 mAh,0-50W,v10-v16,6-9 inches,5-14 mp,1-8 mp,2-3 GHz,640-1080 Width,1480-2160 Height,60-70 rating
Honor,30990,Android,Snapdragon_778,8.0,256.0,4800.0,Yes,6.67,120.0,54.0,3.0,32.0,1.0,Yes,66,Yes,Yes,No,Yes,No,8.0,2.5,1080.0,2400.0,Punch Hole,12.0,86.0,Other,snapdragon,Premium,4-8 GB,32-256 GB,3000-5000 mAh,50-80W,v10-v16,6-9 inches,40-60 mp,16-40 mp,2-3 GHz,640-1080 Width,2160-3840 Height,80-90 rating
Realme Narzo,15499,Android,Helio_96,6.0,128.0,5000.0,Yes,6.6,120.0,50.0,3.0,16.0,1.0,Yes,33,Yes,No,No,No,No,8.0,2.4,1080.0,2412.0,Punch Hole,11.0,77.0,Other,helio,Mid-Range,4-8 GB,32-256 GB,3000-5000 mAh,0-50W,v10-v16,6-9 inches,40-60 mp,8-16 mp,2-3 GHz,640-1080 Width,2160-3840 Height,70-80 rating
Vivo,8499,Android,Helio_35,3.0,32.0,5000.0,Yes,6.51,60.0,13.0,2.0,8.0,1.0,Yes,0,Yes,No,No,No,No,8.0,2.3,720.0,1600.0,Water Drop Notch,11.0,66.0,Vivo,helio,Budget,1-4 GB,1-32 GB,3000-5000 mAh,0-50W,v10-v16,6-9 inches,5-14 mp,1-8 mp,2-3 GHz,640-1080 Width,1480-2160 Height,60-70 rating
Samsung,14490,Android,Helio_80,6.0,128.0,6000.0,Yes,6.4,90.0,64.0,1.0,20.0,1.0,Yes,15,Yes,No,No,No,No,8.0,2.4,1080.0,2400.0,Water Drop Notch,11.0,80.0,Samsung,helio,Mid-Range,4-8 GB,32-256 GB,5000-10000 mAh,0-50W,v10-v16,6-9 inches,60-200 mp,16-40 mp,2-3 GHz,640-1080 Width,2160-3840 Height,70-80 rating
Samsung,15490,Android,Dimensity_700,6.0,128.0,5000.0,Yes,6.6,90.0,64.0,3.0,8.0,1.0,Yes,15,Yes,Yes,No,No,No,8.0,2.2,1080.0,2408.0,Water Drop Notch,11.0,80.0,Samsung,dimensity,Mid-Range,4-8 GB,32-256 GB,3000-5000 mAh,0-50W,v10-v16,6-9 inches,60-200 mp,1-8 mp,2-3 GHz,640-1080 Width,2160-3840 Height,70-80 rating
Realme,14990,Android,Snapdragon_695,6.0,128.0,5000.0,Yes,6.6,120.0,50.0,3.0,16.0,1.0,Yes,60,Yes,Yes,No,No,No,8.0,2.2,1080.0,2412.0,Punch Hole,12.0,78.0,Realme,snapdragon,Mid-Range,4-8 GB,32-256 GB,3000-5000 mAh,50-80W,v10-v16,6-9 inches,40-60 mp,8-16 mp,2-3 GHz,640-1080 Width,2160-3840 Height,70-80 rating
POCO,15999,Android,Dimensity_700,4.0,64.0,5000.0,Yes,6.5,90.0,48.0,3.0,8.0,1.0,Yes,18,Yes,Yes,No,No,Yes,8.0,2.2,1080.0,2400.0,Punch Hole,11.0,75.0,Other,dimensity,Mid-Range,1-4 GB,32-256 GB,3000-5000 mAh,0-50W,v10-v16,6-9 inches,40-60 mp,1-8 mp,2-3 GHz,640-1080 Width,2160-3840 Height,70-80 rating
Google,36000,Android,Snapdragon_765,8.0,128.0,4080.0,Yes,6.0,90.0,16.0,2.0,8.0,1.0,Yes,18,Yes,Yes,No,Yes,No,8.0,2.4,1080.0,2340.0,Punch Hole,12.0,82.0,Other,snapdragon,Premium,4-8 GB,32-256 GB,3000-5000 mAh,0-50W,v10-v16,4-6 inches,14-40 mp,1-8 mp,2-3 GHz,640-1080 Width,2160-3840 Height,80-90 rating
OnePlus,69999,Android,Snapdragon_8 Gen2,12.0,256.0,4800.0,Yes,6.73,144.0,108.0,3.0,32.0,1.0,Yes,150,Yes,Yes,Yes,Yes,No,8.0,3.2,1440.0,3412.0,Punch Hole,12.0,80.0,Other,snapdragon,Flagship,8-18 GB,32-256 GB,3000-5000 mAh,80-240W,v10-v16,6-9 inches,60-200 mp,16-40 mp,3-4 GHz,1080-1440 Width,2160-3840 Height,70-80 rating
Xiaomi,26990,Android,Dimensity_1080,8.0,256.0,4300.0,Yes,6.67,120.0,200.0,3.0,16.0,1.0,No,210,Yes,Yes,No,Yes,Yes,8.0,2.6,1080.0,2400.0,Punch Hole,12.0,86.0,Xiaomi,dimensity,Premium,4-8 GB,32-256 GB,3000-5000 mAh,80-240W,v10-v16,6-9 inches,60-200 mp,8-16 mp,2-3 GHz,640-1080 Width,2160-3840 Height,80-90 rating
Samsung,10630,Android,Exynos_850,4.0,64.0,6000.0,Yes,6.6,60.0,50.0,3.0,8.0,1.0,Yes,15,Yes,No,No,No,No,8.0,2.4,1080.0,2400.0,Water Drop Notch,12.0,71.0,Samsung,exynos,Mid-Range,1-4 GB,32-256 GB,5000-10000 mAh,0-50W,v10-v16,6-9 inches,40-60 mp,1-8 mp,2-3 GHz,640-1080 Width,2160-3840 Height,70-80 rating
OPPO,42990,Android,Dimensity_8100,8.0,256.0,4500.0,Yes,6.7,120.0,50.0,3.0,32.0,1.0,Yes,80,Yes,Yes,No,Yes,No,8.0,2.85,1080.0,2412.0,Punch Hole,12.0,85.0,OPPO,dimensity,Premium,4-8 GB,32-256 GB,3000-5000 mAh,50-80W,v10-v16,6-9 inches,40-60 mp,16-40 mp,2-3 GHz,640-1080 Width,2160-3840 Height,80-90 rating
Vivo,24990,Android,Dimensity_1300,8.0,128.0,4500.0,Yes,6.58,90.0,50.0,3.0,16.0,1.0,No,0,Yes,Yes,No,No,No,8.0,2.4,1080.0,2400.0,Punch Hole,12.0,77.0,Vivo,dimensity,Mid-Range,4-8 GB,32-256 GB,3000-5000 mAh,0-50W,v10-v16,6-9 inches,40-60 mp,8-16 mp,2-3 GHz,640-1080 Width,2160-3840 Height,70-80 rating
iQOO,14489,Android,Snapdragon_680,4.0,128.0,5000.0,Yes,6.44,120.0,50.0,3.0,16.0,1.0,Yes,44,Yes,No,No,No,No,8.0,2.4,1080.0,2400.0,Water Drop Notch,12.0,77.0,Other,snapdragon,Mid-Range,1-4 GB,32-256 GB,3000-5000 mAh,0-50W,v10-v16,6-9 inches,40-60 mp,8-16 mp,2-3 GHz,640-1080 Width,2160-3840 Height,70-80 rating
OPPO,16490,Android,Snapdragon_680,6.0,128.0,5000.0,Yes,6.56,90.0,13.0,2.0,8.0,1.0,Yes,33,Yes,No,No,No,No,8.0,2.4,720.0,1612.0,Punch Hole,11.0,73.0,OPPO,snapdragon,Mid-Range,4-8 GB,32-256 GB,3000-5000 mAh,0-50W,v10-v16,6-9 inches,5-14 mp,1-8 mp,2-3 GHz,640-1080 Width,1480-2160 Height,70-80 rating
Realme,24494,Android,Dimensity_920,8.0,256.0,4500.0,Yes,6.4,90.0,50.0,3.0,16.0,1.0,No,60,Yes,Yes,No,No,No,8.0,2.5,1080.0,2400.0,Punch Hole,12.0,82.0,Realme,dimensity,Mid-Range,4-8 GB,32-256 GB,3000-5000 mAh,50-80W,v10-v16,6-9 inches,40-60 mp,8-16 mp,2-3 GHz,640-1080 Width,2160-3840 Height,80-90 rating
Vivo,7999,Android,Helio_35,2.0,32.0,5000.0,Yes,6.51,60.0,8.0,1.0,5.0,1.0,Yes,0,Yes,No,No,No,No,8.0,2.3,720.0,1600.0,Water Drop Notch,11.0,61.0,Vivo,helio,Budget,1-4 GB,1-32 GB,3000-5000 mAh,0-50W,v10-v16,6-9 inches,5-14 mp,1-8 mp,2-3 GHz,640-1080 Width,1480-2160 Height,60-70 rating
Motorola,23990,Android,Snapdragon_888,6.0,128.0,5000.0,Yes,6.8,144.0,108.0,3.0,16.0,1.0,Yes,33,Yes,Yes,No,No,No,8.0,2.9,1080.0,2460.0,Punch Hole,12.0,85.0,Other,snapdragon,Mid-Range,4-8 GB,32-256 GB,3000-5000 mAh,0-50W,v10-v16,6-9 inches,60-200 mp,8-16 mp,2-3 GHz,640-1080 Width,2160-3840 Height,80-90 rating
Realme,49959,Android,Snapdragon_8 Gen1,8.0,128.0,5000.0,Yes,6.7,120.0,50.0,3.0,32.0,1.0,Yes,65,Yes,Yes,No,Yes,No,8.0,2.4,1440.0,3216.0,Punch Hole,12.0,89.0,Realme,snapdragon,Premium,4-8 GB,32-256 GB,3000-5000 mAh,50-80W,v10-v16,6-9 inches,40-60 mp,16-40 mp,2-3 GHz,1080-1440 Width,2160-3840 Height,80-90 rating
Apple,129900,iOS,Bionic_15,6.0,256.0,3095.0,Yes,6.1,120.0,12.0,3.0,12.0,1.0,No,0,Yes,Yes,No,Yes,No,6.0,3.22,1170.0,2532.0,Large Notch,15.0,83.0,Apple,bionic,Luxury,4-8 GB,32-256 GB,3000-5000 mAh,0-50W,v10-v16,6-9 inches,5-14 mp,8-16 mp,3-4 GHz,1080-1440 Width,2160-3840 Height,80-90 rating
Vivo,19990,Android,Helio_95,8.0,128.0,4000.0,Yes,6.44,60.0,64.0,3.0,16.0,1.0,Yes,33,Yes,No,No,No,No,8.0,2.05,1080.0,2400.0,Water Drop Notch,11.0,80.0,Vivo,helio,Mid-Range,4-8 GB,32-256 GB,3000-5000 mAh,0-50W,v10-v16,6-9 inches,60-200 mp,8-16 mp,2-3 GHz,640-1080 Width,2160-3840 Height,70-80 rating
Samsung,14990,Android,Other_Unknown,4.0,64.0,5000.0,Yes,6.62,60.0,50.0,3.0,16.0,1.0,Yes,25,Yes,No,No,Yes,No,8.0,2.4,2408.0,1080.0,Punch Hole,13.0,67.0,Samsung,Other,Mid-Range,1-4 GB,32-256 GB,3000-5000 mAh,0-50W,v10-v16,6-9 inches,40-60 mp,8-16 mp,2-3 GHz,1440-2460 Width,640-1480 Height,60-70 rating
Vivo,23269,Android,Snapdragon_720,8.0,128.0,4000.0,Yes,6.44,60.0,64.0,3.0,44.0,1.0,Yes,33,Yes,No,No,No,No,8.0,2.3,1080.0,2400.0,Water Drop Notch,11.0,85.0,Vivo,snapdragon,Mid-Range,4-8 GB,32-256 GB,3000-5000 mAh,0-50W,v10-v16,6-9 inches,60-200 mp,40-60 mp,2-3 GHz,640-1080 Width,2160-3840 Height,80-90 rating
Xiaomi,13999,Android,Snapdragon_720,4.0,64.0,5020.0,Yes,6.67,60.0,48.0,1.0,16.0,1.0,Yes,18,Yes,No,No,No,Yes,8.0,2.3,1080.0,2400.0,Punch Hole,10.0,75.0,Xiaomi,snapdragon,Mid-Range,1-4 GB,32-256 GB,5000-10000 mAh,0-50W,v5-v10,6-9 inches,40-60 mp,8-16 mp,2-3 GHz,640-1080 Width,2160-3840 Height,70-80 rating
Samsung,1949,Android,Other_Unknown,6.0,128.0,800.0,Yes,2.0,60.0,50.0,1.0,16.0,1.0,Yes,0,No,No,No,No,No,8.0,2.4,128.0,160.0,No Notch,12.0,80.0,Samsung,Other,Budget,4-8 GB,32-256 GB,800-3000 mAh,0-50W,v10-v16,1-4 inches,40-60 mp,8-16 mp,2-3 GHz,120-640 Width,160-640 Height,70-80 rating
Itel,2799,Android,Other_1,0.06,0.12,2500.0,Yes,2.4,60.0,3.0,1.0,16.0,1.0,Yes,0,Yes,No,No,No,No,8.0,2.4,320.0,240.0,No Notch,12.0,80.0,Other,Other,Budget,0-1 GB,0-1 GB,800-3000 mAh,0-50W,v10-v16,1-4 inches,2-5 mp,8-16 mp,2-3 GHz,120-640 Width,160-640 Height,70-80 rating
OnePlus,35389,Android,Dimensity_8100,8.0,128.0,5000.0,Yes,6.7,120.0,50.0,3.0,16.0,1.0,Yes,80,Yes,Yes,No,Yes,No,8.0,2.85,1080.0,2412.0,Punch Hole,12.0,85.0,Other,dimensity,Premium,4-8 GB,32-256 GB,3000-5000 mAh,50-80W,v10-v16,6-9 inches,40-60 mp,8-16 mp,2-3 GHz,640-1080 Width,2160-3840 Height,80-90 rating
Google,79700,Android,Other_2,12.0,256.0,5003.0,Yes,6.71,120.0,50.0,3.0,1.0,1.0,Yes,30,Yes,Yes,No,Yes,No,8.0,2.8,1440.0,3120.0,Punch Hole,12.0,80.0,Other,Other,Flagship,8-18 GB,32-256 GB,5000-10000 mAh,0-50W,v10-v16,6-9 inches,40-60 mp,1-8 mp,2-3 GHz,1080-1440 Width,2160-3840 Height,70-80 rating
Nokia,9499,Android,Unisoc_9863,3.0,32.0,5050.0,Yes,6.74,60.0,13.0,3.0,5.0,1.0,Yes,10,Yes,No,No,No,No,8.0,1.6,720.0,1600.0,Water Drop Notch,12.0,62.0,Other,unisoc,Budget,1-4 GB,1-32 GB,5000-10000 mAh,0-50W,v10-v16,6-9 inches,5-14 mp,1-8 mp,0-2 GHz,640-1080 Width,1480-2160 Height,60-70 rating
Infinix,12340,Android,Other_616,8.0,128.0,5000.0,Yes,6.6,90.0,50.0,1.0,8.0,1.0,Yes,18,Yes,No,No,No,No,8.0,2.4,720.0,1612.0,Water Drop Notch,12.0,76.0,Other,Other,Mid-Range,4-8 GB,32-256 GB,3000-5000 mAh,0-50W,v10-v16,6-9 inches,40-60 mp,1-8 mp,2-3 GHz,640-1080 Width,1480-2160 Height,70-80 rating
POCO,10799,Android,Helio_99,4.0,64.0,5000.0,Yes,6.58,90.0,50.0,3.0,8.0,1.0,Yes,18,Yes,No,No,No,Yes,8.0,2.2,1080.0,2400.0,Water Drop Notch,12.0,74.0,Other,helio,Mid-Range,1-4 GB,32-256 GB,3000-5000 mAh,0-50W,v10-v16,6-9 inches,40-60 mp,1-8 mp,2-3 GHz,640-1080 Width,2160-3840 Height,70-80 rating
Xiaomi,14990,Android,Snapdragon_680,4.0,128.0,6000.0,Yes,6.7,60.0,50.0,2.0,5.0,1.0,Yes,18,Yes,No,No,No,No,8.0,2.4,720.0,1600.0,Water Drop Notch,11.0,73.0,Xiaomi,snapdragon,Mid-Range,1-4 GB,32-256 GB,5000-10000 mAh,0-50W,v10-v16,6-9 inches,40-60 mp,1-8 mp,2-3 GHz,640-1080 Width,1480-2160 Height,70-80 rating
ZTE,61990,Android,Snapdragon_8 Gen1,8.0,128.0,5000.0,Yes,6.8,120.0,64.0,3.0,16.0,1.0,Yes,65,Yes,Yes,No,Yes,No,8.0,2.4,1116.0,2480.0,No Notch,12.0,89.0,Other,snapdragon,Flagship,4-8 GB,32-256 GB,3000-5000 mAh,50-80W,v10-v16,6-9 inches,60-200 mp,8-16 mp,2-3 GHz,1080-1440 Width,2160-3840 Height,80-90 rating
Xiaomi,51880,Android,Snapdragon_8 Gen1,12.0,256.0,4600.0,Yes,6.73,120.0,50.0,3.0,32.0,1.0,Yes,120,Yes,Yes,No,Yes,Yes,8.0,2.4,1440.0,3200.0,Punch Hole,12.0,80.0,Xiaomi,snapdragon,Flagship,8-18 GB,32-256 GB,3000-5000 mAh,80-240W,v10-v16,6-9 inches,40-60 mp,16-40 mp,2-3 GHz,1080-1440 Width,2160-3840 Height,70-80 rating
OPPO,16990,Android,Snapdragon_680,8.0,128.0,5000.0,Yes,6.59,90.0,50.0,3.0,16.0,1.0,Yes,33,Yes,No,No,No,No,8.0,2.4,1080.0,2412.0,Punch Hole,11.0,80.0,OPPO,snapdragon,Mid-Range,4-8 GB,32-256 GB,3000-5000 mAh,0-50W,v10-v16,6-9 inches,40-60 mp,8-16 mp,2-3 GHz,640-1080 Width,2160-3840 Height,70-80 rating
Huawei,19990,Android,Snapdragon_680,8.0,128.0,4000.0,Yes,6.78,90.0,108.0,1.0,16.0,1.0,Yes,66,Yes,No,No,Yes,No,8.0,2.4,1080.0,2388.0,Punch Hole,11.0,84.0,Other,snapdragon,Mid-Range,4-8 GB,32-256 GB,3000-5000 mAh,50-80W,v10-v16,6-9 inches,60-200 mp,8-16 mp,2-3 GHz,640-1080 Width,2160-3840 Height,80-90 rating
Samsung,57999,Android,Snapdragon_8 Gen1,8.0,256.0,3700.0,Yes,6.1,120.0,50.0,3.0,10.0,1.0,Yes,25,Yes,Yes,No,Yes,No,8.0,2.4,1080.0,2340.0,Punch Hole,12.0,87.0,Samsung,snapdragon,Flagship,4-8 GB,32-256 GB,3000-5000 mAh,0-50W,v10-v16,6-9 inches,40-60 mp,8-16 mp,2-3 GHz,640-1080 Width,2160-3840 Height,80-90 rating
Lenovo,46990,Android,Snapdragon_8 Gen1,12.0,256.0,5600.0,Yes,6.92,144.0,64.0,2.0,16.0,1.0,Yes,68,Yes,Yes,No,Yes,No,8.0,2.4,1080.0,2460.0,No Notch,12.0,87.0,Other,snapdragon,Premium,8-18 GB,32-256 GB,5000-10000 mAh,50-80W,v10-v16,6-9 inches,60-200 mp,8-16 mp,2-3 GHz,640-1080 Width,2160-3840 Height,80-90 rating
Vivo,20990,Android,Dimensity_700,4.0,128.0,5000.0,Yes,6.58,60.0,50.0,3.0,8.0,1.0,Yes,18,Yes,Yes,No,Yes,No,8.0,2.2,1080.0,2408.0,Water Drop Notch,11.0,77.0,Vivo,dimensity,Mid-Range,1-4 GB,32-256 GB,3000-5000 mAh,0-50W,v10-v16,6-9 inches,40-60 mp,1-8 mp,2-3 GHz,640-1080 Width,2160-3840 Height,70-80 rating
Nokia,17990,Android,Snapdragon_480,6.0,128.0,4470.0,Yes,6.67,60.0,48.0,1.0,16.0,1.0,Yes,18,Yes,Yes,No,Yes,No,8.0,2.4,1080.0,2400.0,Punch Hole,11.0,82.0,Other,snapdragon,Mid-Range,4-8 GB,32-256 GB,3000-5000 mAh,0-50W,v10-v16,6-9 inches,40-60 mp,8-16 mp,2-3 GHz,640-1080 Width,2160-3840 Height,80-90 rating
Realme,17499,Android,Dimensity_810,8.0,128.0,5000.0,Yes,6.5,90.0,64.0,3.0,16.0,1.0,Yes,33,Yes,Yes,No,No,No,8.0,2.4,1080.0,2400.0,Punch Hole,11.0,82.0,Realme,dimensity,Mid-Range,4-8 GB,32-256 GB,3000-5000 mAh,0-50W,v10-v16,6-9 inches,60-200 mp,8-16 mp,2-3 GHz,640-1080 Width,2160-3840 Height,80-90 rating
Realme,17999,Android,Dimensity_810,6.0,128.0,5000.0,Yes,6.5,90.0,64.0,3.0,16.0,1.0,Yes,33,Yes,Yes,No,No,No,8.0,2.4,1080.0,2400.0,Punch Hole,11.0,80.0,Realme,dimensity,Mid-Range,4-8 GB,32-256 GB,3000-5000 mAh,0-50W,v10-v16,6-9 inches,60-200 mp,8-16 mp,2-3 GHz,640-1080 Width,2160-3840 Height,70-80 rating
Nokia,49990,Android,Snapdragon_870,8.0,128.0,6000.0,Yes,6.51,144.0,200.0,1.0,32.0,1.0,Yes,44,Yes,Yes,No,No,No,8.0,3.2,1080.0,2408.0,Punch Hole,11.0,80.0,Other,snapdragon,Premium,4-8 GB,32-256 GB,5000-10000 mAh,0-50W,v10-v16,6-9 inches,60-200 mp,16-40 mp,3-4 GHz,640-1080 Width,2160-3840 Height,70-80 rating
itel,2399,Android,Other_3,6.0,128.0,5000.0,Yes,6.58,90.0,50.0,1.0,16.0,1.0,Yes,0,Yes,No,No,No,No,8.0,2.4,1080.0,2400.0,Unknown,12.0,80.0,Other,Other,Budget,4-8 GB,32-256 GB,3000-5000 mAh,0-50W,v10-v16,6-9 inches,40-60 mp,8-16 mp,2-3 GHz,640-1080 Width,2160-3840 Height,70-80 rating
POCO,14999,Android,Snapdragon_695,4.0,128.0,5000.0,Yes,6.67,120.0,48.0,3.0,8.0,1.0,No,33,Yes,Yes,No,No,Yes,8.0,2.2,1080.0,2400.0,Punch Hole,12.0,74.0,Other,snapdragon,Mid-Range,1-4 GB,32-256 GB,3000-5000 mAh,0-50W,v10-v16,6-9 inches,40-60 mp,1-8 mp,2-3 GHz,640-1080 Width,2160-3840 Height,70-80 rating
Xiaomi,19980,Android,Snapdragon_732,6.0,128.0,5020.0,Yes,6.67,120.0,108.0,1.0,16.0,1.0,Yes,33,Yes,No,No,No,Yes,8.0,2.3,1080.0,2400.0,Punch Hole,11.0,82.0,Xiaomi,snapdragon,Mid-Range,4-8 GB,32-256 GB,5000-10000 mAh,0-50W,v10-v16,6-9 inches,60-200 mp,8-16 mp,2-3 GHz,640-1080 Width,2160-3840 Height,80-90 rating
iQOO,35990,Android,Snapdragon_870,12.0,256.0,4400.0,Yes,6.62,120.0,48.0,3.0,16.0,1.0,Yes,66,Yes,Yes,No,Yes,No,8.0,3.2,1080.0,2400.0,Punch Hole,12.0,85.0,Other,snapdragon,Premium,8-18 GB,32-256 GB,3000-5000 mAh,50-80W,v10-v16,6-9 inches,40-60 mp,8-16 mp,3-4 GHz,640-1080 Width,2160-3840 Height,80-90 rating
Realme,15999,Android,Helio_95,4.0,128.0,5000.0,Yes,6.4,60.0,64.0,1.0,16.0,1.0,Yes,30,Yes,No,No,No,No,8.0,2.4,1080.0,2400.0,Punch Hole,11.0,78.0,Realme,helio,Mid-Range,1-4 GB,32-256 GB,3000-5000 mAh,0-50W,v10-v16,6-9 inches,60-200 mp,8-16 mp,2-3 GHz,640-1080 Width,2160-3840 Height,70-80 rating
Samsung,41999,Android,Exynos_990,8.0,128.0,4000.0,Yes,6.2,120.0,64.0,3.0,10.0,1.0,Yes,25,Yes,No,No,Yes,No,8.0,2.73,1440.0,3200.0,Punch Hole,10.0,88.0,Samsung,exynos,Premium,4-8 GB,32-256 GB,3000-5000 mAh,0-50W,v5-v10,6-9 inches,60-200 mp,8-16 mp,2-3 GHz,1080-1440 Width,2160-3840 Height,80-90 rating
Xiaomi,25999,Android,Dimensity_8200,8.0,128.0,5500.0,Yes,6.67,120.0,48.0,3.0,20.0,1.0,Yes,67,Yes,Yes,No,Yes,Yes,8.0,3.1,1440.0,3200.0,Punch Hole,12.0,83.0,Xiaomi,dimensity,Premium,4-8 GB,32-256 GB,5000-10000 mAh,50-80W,v10-v16,6-9 inches,40-60 mp,16-40 mp,3-4 GHz,1080-1440 Width,2160-3840 Height,80-90 rating
Motorola,7990,Android,Helio_37,3.0,32.0,5000.0,Yes,6.5,90.0,16.0,3.0,8.0,1.0,Yes,18,Yes,No,No,No,No,8.0,1.8,720.0,1600.0,Punch Hole,12.0,65.0,Other,helio,Budget,1-4 GB,1-32 GB,3000-5000 mAh,0-50W,v10-v16,6-9 inches,14-40 mp,1-8 mp,0-2 GHz,640-1080 Width,1480-2160 Height,60-70 rating
OnePlus,29990,Android,Dimensity_1300,8.0,128.0,4500.0,Yes,6.43,90.0,50.0,3.0,32.0,1.0,Yes,80,Yes,Yes,No,Yes,No,8.0,2.4,1080.0,2400.0,Punch Hole,12.0,84.0,Other,dimensity,Premium,4-8 GB,32-256 GB,3000-5000 mAh,50-80W,v10-v16,6-9 inches,40-60 mp,16-40 mp,2-3 GHz,640-1080 Width,2160-3840 Height,80-90 rating
OPPO,27990,Android,Snapdragon_7 Gen1,8.0,128.0,4500.0,Yes,6.43,90.0,50.0,1.0,16.0,1.0,Yes,65,Yes,Yes,No,No,No,8.0,2.36,1080.0,2460.0,Punch Hole,12.0,83.0,OPPO,snapdragon,Premium,4-8 GB,32-256 GB,3000-5000 mAh,50-80W,v10-v16,6-9 inches,40-60 mp,8-16 mp,2-3 GHz,640-1080 Width,2160-3840 Height,80-90 rating
POCO,29999,Android,Snapdragon_8,8.0,128.0,5500.0,Yes,6.67,120.0,64.0,3.0,16.0,1.0,Yes,67,Yes,Yes,No,Yes,Yes,8.0,3.2,1440.0,3200.0,Punch Hole,12.0,84.0,Other,snapdragon,Premium,4-8 GB,32-256 GB,5000-10000 mAh,50-80W,v10-v16,6-9 inches,60-200 mp,8-16 mp,3-4 GHz,1080-1440 Width,2160-3840 Height,80-90 rating
OPPO,8999,Android,Helio_22,4.0,64.0,4230.0,Yes,6.52,60.0,13.0,1.0,5.0,1.0,Yes,0,Yes,No,No,No,No,8.0,2.4,720.0,1600.0,Water Drop Notch,11.0,68.0,OPPO,helio,Budget,1-4 GB,32-256 GB,3000-5000 mAh,0-50W,v10-v16,6-9 inches,5-14 mp,1-8 mp,2-3 GHz,640-1080 Width,1480-2160 Height,60-70 rating
POCO,13999,Android,Helio_96,8.0,128.0,5000.0,Yes,6.43,90.0,64.0,3.0,16.0,1.0,Yes,33,Yes,No,No,No,Yes,8.0,2.05,1080.0,2400.0,Punch Hole,11.0,81.0,Other,helio,Mid-Range,4-8 GB,32-256 GB,3000-5000 mAh,0-50W,v10-v16,6-9 inches,60-200 mp,8-16 mp,2-3 GHz,640-1080 Width,2160-3840 Height,80-90 rating
Realme Narzo,11499,Android,Helio_85,4.0,64.0,6000.0,Yes,6.5,60.0,50.0,3.0,8.0,1.0,Yes,18,Yes,No,No,No,No,8.0,2.4,720.0,1600.0,Water Drop Notch,11.0,71.0,Other,helio,Mid-Range,1-4 GB,32-256 GB,5000-10000 mAh,0-50W,v10-v16,6-9 inches,40-60 mp,1-8 mp,2-3 GHz,640-1080 Width,1480-2160 Height,70-80 rating
Asus,39999,Android,Snapdragon_888,8.0,128.0,6000.0,Yes,6.78,144.0,64.0,3.0,24.0,1.0,Yes,65,Yes,Yes,No,Yes,No,8.0,2.9,1080.0,2448.0,No Notch,12.0,87.0,Other,snapdragon,Premium,4-8 GB,32-256 GB,5000-10000 mAh,50-80W,v10-v16,6-9 inches,60-200 mp,16-40 mp,2-3 GHz,640-1080 Width,2160-3840 Height,80-90 rating
Realme,27999,Android,Snapdragon_778,8.0,128.0,4300.0,Yes,6.43,120.0,64.0,3.0,32.0,1.0,Yes,65,Yes,Yes,No,Yes,No,8.0,2.4,1080.0,2400.0,Punch Hole,12.0,84.0,Realme,snapdragon,Premium,4-8 GB,32-256 GB,3000-5000 mAh,50-80W,v10-v16,6-9 inches,60-200 mp,16-40 mp,2-3 GHz,640-1080 Width,2160-3840 Height,80-90 rating
Samsung,24499,Android,Dimensity_720,6.0,128.0,5000.0,Yes,6.5,90.0,48.0,1.0,13.0,1.0,Yes,15,Yes,Yes,No,Yes,No,8.0,2.4,720.0,1600.0,Water Drop Notch,11.0,79.0,Samsung,dimensity,Mid-Range,4-8 GB,32-256 GB,3000-5000 mAh,0-50W,v10-v16,6-9 inches,40-60 mp,8-16 mp,2-3 GHz,640-1080 Width,1480-2160 Height,70-80 rating
Nubia,60999,Android,Snapdragon_8 Gen2,12.0,256.0,5000.0,Yes,6.8,120.0,50.0,3.0,16.0,1.0,Yes,165,Yes,Yes,No,Yes,No,8.0,3.2,1116.0,2480.0,No Notch,12.0,86.0,Other,snapdragon,Flagship,8-18 GB,32-256 GB,3000-5000 mAh,80-240W,v10-v16,6-9 inches,40-60 mp,8-16 mp,3-4 GHz,1080-1440 Width,2160-3840 Height,80-90 rating
Samsung,110999,Android,Snapdragon_888,12.0,256.0,4400.0,Yes,7.6,120.0,50.0,1.0,16.0,1.0,Yes,25,Yes,Yes,No,Yes,No,8.0,2.84,1768.0,2208.0,Punch Hole,11.0,89.0,Samsung,snapdragon,Luxury,8-18 GB,32-256 GB,3000-5000 mAh,0-50W,v10-v16,6-9 inches,40-60 mp,8-16 mp,2-3 GHz,1440-2460 Width,2160-3840 Height,80-90 rating
LG,54999,Android,Snapdragon_765,8.0,128.0,4000.0,Yes,6.8,60.0,50.0,1.0,16.0,1.0,Yes,0,Yes,Yes,No,Yes,No,8.0,2.4,1080.0,2460.0,No Notch,12.0,89.0,Other,snapdragon,Flagship,4-8 GB,32-256 GB,3000-5000 mAh,0-50W,v10-v16,6-9 inches,40-60 mp,8-16 mp,2-3 GHz,640-1080 Width,2160-3840 Height,80-90 rating
Xiaomi,16490,Android,Snapdragon_720,6.0,64.0,5020.0,Yes,6.67,60.0,64.0,1.0,32.0,1.0,Yes,33,Yes,No,No,No,Yes,8.0,2.3,1080.0,2400.0,Punch Hole,10.0,80.0,Xiaomi,snapdragon,Mid-Range,4-8 GB,32-256 GB,5000-10000 mAh,0-50W,v5-v10,6-9 inches,60-200 mp,16-40 mp,2-3 GHz,640-1080 Width,2160-3840 Height,70-80 rating
Samsung,24990,Android,Snapdragon_720,6.0,128.0,4500.0,Yes,6.5,90.0,64.0,1.0,32.0,1.0,Yes,25,Yes,No,No,No,No,8.0,2.3,1080.0,2400.0,Punch Hole,11.0,83.0,Samsung,snapdragon,Mid-Range,4-8 GB,32-256 GB,3000-5000 mAh,0-50W,v10-v16,6-9 inches,60-200 mp,16-40 mp,2-3 GHz,640-1080 Width,2160-3840 Height,80-90 rating
Nokia,1299,Android,Other_Unknown,0.0,0.0,800.0,No,1.77,60.0,50.0,1.0,16.0,1.0,Yes,0,No,No,No,No,No,8.0,2.4,120.0,160.0,No Notch,12.0,80.0,Other,Other,Budget,0-1 GB,0-1 GB,800-3000 mAh,0-50W,v10-v16,1-4 inches,40-60 mp,8-16 mp,2-3 GHz,120-640 Width,160-640 Height,70-80 rating
Vivo,25000,Android,Snapdragon_425,3.0,16.0,3360.0,Yes,6.0,60.0,13.0,1.0,5.0,1.0,Yes,0,Yes,No,No,No,No,4.0,1.4,720.0,1440.0,No Notch,8.1,80.0,Vivo,snapdragon,Mid-Range,1-4 GB,1-32 GB,3000-5000 mAh,0-50W,v5-v10,4-6 inches,5-14 mp,1-8 mp,0-2 GHz,640-1080 Width,640-1480 Height,70-80 rating
Lyf,1999,Android,Snapdragon_8909,1.0,8.0,2000.0,Yes,4.5,60.0,5.0,1.0,2.0,1.0,Yes,0,Yes,No,No,No,No,4.0,1.1,480.0,854.0,No Notch,6.0,80.0,Other,snapdragon,Budget,0-1 GB,1-32 GB,800-3000 mAh,0-50W,v5-v10,4-6 inches,2-5 mp,1-8 mp,0-2 GHz,120-640 Width,640-1480 Height,70-80 rating
Samsung,9950,Android,Helio_35,3.0,64.0,5000.0,Yes,6.5,60.0,13.0,2.0,5.0,1.0,Yes,0,Yes,No,No,No,No,8.0,2.3,720.0,1600.0,Water Drop Notch,12.0,66.0,Samsung,helio,Budget,1-4 GB,32-256 GB,3000-5000 mAh,0-50W,v10-v16,6-9 inches,5-14 mp,1-8 mp,2-3 GHz,640-1080 Width,1480-2160 Height,60-70 rating
OPPO,12999,Android,Dimensity_810,8.0,128.0,5000.0,Yes,6.56,60.0,13.0,2.0,8.0,1.0,Yes,0,Yes,Yes,No,No,No,8.0,2.4,720.0,1612.0,Water Drop Notch,12.0,75.0,OPPO,dimensity,Mid-Range,4-8 GB,32-256 GB,3000-5000 mAh,0-50W,v10-v16,6-9 inches,5-14 mp,1-8 mp,2-3 GHz,640-1080 Width,1480-2160 Height,70-80 rating
OPPO,19999,Android,Helio_99,8.0,256.0,5000.0,Yes,6.67,120.0,50.0,3.0,16.0,1.0,Yes,66,Yes,No,No,Yes,No,8.0,2.2,1080.0,2400.0,Punch Hole,13.0,83.0,OPPO,helio,Mid-Range,4-8 GB,32-256 GB,3000-5000 mAh,50-80W,v10-v16,6-9 inches,40-60 mp,8-16 mp,2-3 GHz,640-1080 Width,2160-3840 Height,80-90 rating
OPPO,32999,Android,Snapdragon_778,8.0,256.0,5000.0,Yes,6.73,120.0,50.0,3.0,32.0,1.0,Yes,120,Yes,Yes,No,Yes,No,8.0,2.5,1080.0,2412.0,Punch Hole,12.0,84.0,OPPO,snapdragon,Premium,4-8 GB,32-256 GB,3000-5000 mAh,80-240W,v10-v16,6-9 inches,40-60 mp,16-40 mp,2-3 GHz,640-1080 Width,2160-3840 Height,80-90 rating
Nokia,28498,Android,Snapdragon_695,6.0,128.0,4500.0,Yes,6.58,120.0,50.0,3.0,8.0,1.0,Yes,20,Yes,Yes,No,Yes,No,8.0,2.2,1080.0,2400.0,Water Drop Notch,12.0,81.0,Other,snapdragon,Premium,4-8 GB,32-256 GB,3000-5000 mAh,0-50W,v10-v16,6-9 inches,40-60 mp,1-8 mp,2-3 GHz,640-1080 Width,2160-3840 Height,80-90 rating
OPPO,15998,Android,Helio_35,4.0,128.0,5000.0,Yes,6.56,60.0,50.0,1.0,8.0,1.0,Yes,33,Yes,No,No,No,No,8.0,2.3,720.0,1600.0,Water Drop Notch,12.0,71.0,OPPO,helio,Mid-Range,1-4 GB,32-256 GB,3000-5000 mAh,0-50W,v10-v16,6-9 inches,40-60 mp,1-8 mp,2-3 GHz,640-1080 Width,1480-2160 Height,70-80 rating
Nokia,3749,Android,Other_Unknown,6.0,128.0,5000.0,Yes,6.58,90.0,50.0,1.0,16.0,1.0,Yes,0,Yes,No,No,No,No,8.0,2.4,1080.0,2400.0,Unknown,12.0,80.0,Other,Other,Budget,4-8 GB,32-256 GB,3000-5000 mAh,0-50W,v10-v16,6-9 inches,40-60 mp,8-16 mp,2-3 GHz,640-1080 Width,2160-3840 Height,70-80 rating
Motorola Edge,59990,Android,Snapdragon_8 Gen2,8.0,128.0,4800.0,Yes,6.7,165.0,50.0,3.0,60.0,1.0,Yes,125,Yes,Yes,No,Yes,No,8.0,3.2,1080.0,2460.0,Punch Hole,12.0,89.0,Other,snapdragon,Flagship,4-8 GB,32-256 GB,3000-5000 mAh,80-240W,v10-v16,6-9 inches,40-60 mp,40-60 mp,3-4 GHz,640-1080 Width,2160-3840 Height,80-90 rating
OPPO,16990,Android,Snapdragon_695,6.0,128.0,5000.0,Yes,6.59,120.0,64.0,3.0,16.0,1.0,Yes,67,Yes,Yes,No,No,No,8.0,2.2,1080.0,2412.0,Punch Hole,12.0,78.0,OPPO,snapdragon,Mid-Range,4-8 GB,32-256 GB,3000-5000 mAh,50-80W,v10-v16,6-9 inches,60-200 mp,8-16 mp,2-3 GHz,640-1080 Width,2160-3840 Height,70-80 rating
iQOO,27999,Android,Snapdragon_778,12.0,256.0,4700.0,Yes,6.44,90.0,64.0,3.0,16.0,1.0,No,66,Yes,Yes,No,No,No,8.0,2.4,1080.0,2404.0,Water Drop Notch,12.0,82.0,Other,snapdragon,Premium,8-18 GB,32-256 GB,3000-5000 mAh,50-80W,v10-v16,6-9 inches,60-200 mp,8-16 mp,2-3 GHz,640-1080 Width,2160-3840 Height,80-90 rating
Nokia,13499,Android,Unisoc_606,6.0,128.0,5050.0,Yes,6.5,90.0,50.0,3.0,8.0,1.0,Yes,18,Yes,No,No,No,No,8.0,1.6,720.0,1600.0,Water Drop Notch,11.0,75.0,Other,unisoc,Mid-Range,4-8 GB,32-256 GB,5000-10000 mAh,0-50W,v10-v16,6-9 inches,40-60 mp,1-8 mp,0-2 GHz,640-1080 Width,1480-2160 Height,70-80 rating
Samsung,16499,Android,Other_2,6.0,128.0,5000.0,Yes,6.6,60.0,50.0,1.0,8.0,1.0,Yes,25,Yes,No,No,No,No,8.0,2.4,1080.0,2408.0,Water Drop Notch,12.0,78.0,Samsung,Other,Mid-Range,4-8 GB,32-256 GB,3000-5000 mAh,0-50W,v10-v16,6-9 inches,40-60 mp,1-8 mp,2-3 GHz,640-1080 Width,2160-3840 Height,70-80 rating
OPPO,10999,Android,Helio_35,4.0,64.0,4230.0,Yes,6.52,60.0,13.0,1.0,5.0,1.0,Yes,0,Yes,No,No,No,No,8.0,2.3,720.0,1600.0,Water Drop Notch,11.0,66.0,OPPO,helio,Mid-Range,1-4 GB,32-256 GB,3000-5000 mAh,0-50W,v10-v16,6-9 inches,5-14 mp,1-8 mp,2-3 GHz,640-1080 Width,1480-2160 Height,60-70 rating
Xiaomi,13990,Android,Snapdragon_680,4.0,64.0,6000.0,Yes,6.7,60.0,50.0,2.0,5.0,1.0,Yes,18,Yes,No,No,No,No,8.0,2.4,720.0,1600.0,Water Drop Notch,11.0,71.0,Xiaomi,snapdragon,Mid-Range,1-4 GB,32-256 GB,5000-10000 mAh,0-50W,v10-v16,6-9 inches,40-60 mp,1-8 mp,2-3 GHz,640-1080 Width,1480-2160 Height,70-80 rating
Tecno,9999,Android,Helio_85,4.0,64.0,5000.0,Yes,6.6,90.0,48.0,3.0,32.0,1.0,Yes,18,Yes,No,No,No,No,8.0,2.4,1080.0,2460.0,Water Drop Notch,12.0,74.0,Other,helio,Budget,1-4 GB,32-256 GB,3000-5000 mAh,0-50W,v10-v16,6-9 inches,40-60 mp,16-40 mp,2-3 GHz,640-1080 Width,2160-3840 Height,70-80 rating
Realme,31994,Android,Dimensity_8100,8.0,128.0,5000.0,Yes,6.7,120.0,50.0,3.0,16.0,1.0,Yes,80,Yes,Yes,No,Yes,No,8.0,2.85,1080.0,2412.0,Punch Hole,12.0,83.0,Realme,dimensity,Premium,4-8 GB,32-256 GB,3000-5000 mAh,50-80W,v10-v16,6-9 inches,40-60 mp,8-16 mp,2-3 GHz,640-1080 Width,2160-3840 Height,80-90 rating
Xiaomi,24820,Android,Dimensity_920,6.0,128.0,4500.0,Yes,6.67,120.0,108.0,3.0,16.0,1.0,Yes,120,Yes,Yes,No,No,Yes,8.0,2.5,2400.0,1080.0,Punch Hole,11.0,83.0,Xiaomi,dimensity,Mid-Range,4-8 GB,32-256 GB,3000-5000 mAh,80-240W,v10-v16,6-9 inches,60-200 mp,8-16 mp,2-3 GHz,1440-2460 Width,640-1480 Height,80-90 rating
iQOO,22990,Android,Snapdragon_870,8.0,128.0,4700.0,Yes,6.62,120.0,64.0,3.0,16.0,1.0,No,80,Yes,Yes,No,No,No,8.0,3.2,1080.0,2400.0,Punch Hole,12.0,83.0,Other,snapdragon,Mid-Range,4-8 GB,32-256 GB,3000-5000 mAh,50-80W,v10-v16,6-9 inches,60-200 mp,8-16 mp,3-4 GHz,640-1080 Width,2160-3840 Height,80-90 rating
iQOO,59990,Android,Snapdragon_8 Gen1,8.0,256.0,4700.0,Yes,6.78,120.0,50.0,3.0,16.0,1.0,Yes,120,Yes,Yes,No,Yes,No,8.0,2.4,1440.0,3200.0,Punch Hole,12.0,88.0,Other,snapdragon,Flagship,4-8 GB,32-256 GB,3000-5000 mAh,80-240W,v10-v16,6-9 inches,40-60 mp,8-16 mp,2-3 GHz,1080-1440 Width,2160-3840 Height,80-90 rating
Realme Narzo,8999,Android,Unisoc_9863,4.0,64.0,5000.0,Yes,6.5,60.0,8.0,1.0,5.0,1.0,Yes,0,Yes,No,No,No,No,8.0,1.6,720.0,1600.0,Water Drop Notch,11.0,62.0,Other,unisoc,Budget,1-4 GB,32-256 GB,3000-5000 mAh,0-50W,v10-v16,6-9 inches,5-14 mp,1-8 mp,0-2 GHz,640-1080 Width,1480-2160 Height,60-70 rating
Xiaomi,10499,Android,Helio_35,6.0,128.0,5000.0,Yes,6.53,60.0,13.0,2.0,5.0,1.0,Yes,0,Yes,No,No,No,No,8.0,2.3,720.0,1600.0,Water Drop Notch,11.0,72.0,Xiaomi,helio,Mid-Range,4-8 GB,32-256 GB,3000-5000 mAh,0-50W,v10-v16,6-9 inches,5-14 mp,1-8 mp,2-3 GHz,640-1080 Width,1480-2160 Height,70-80 rating
Jio,7499,Pragati OS,Other_215,3.0,32.0,3000.0,Yes,5.5,60.0,13.0,1.0,8.0,1.0,Yes,0,Yes,No,No,No,No,4.0,1.3,720.0,1440.0,No Notch,12.0,80.0,Other,Other,Budget,1-4 GB,1-32 GB,800-3000 mAh,0-50W,v10-v16,4-6 inches,5-14 mp,1-8 mp,0-2 GHz,640-1080 Width,640-1480 Height,70-80 rating
Xiaomi,9990,Android,Helio_85,4.0,64.0,4000.0,Yes,6.3,60.0,48.0,1.0,13.0,1.0,Yes,18,Yes,No,No,No,Yes,8.0,2.4,1080.0,2340.0,Water Drop Notch,11.0,75.0,Xiaomi,helio,Budget,1-4 GB,32-256 GB,3000-5000 mAh,0-50W,v10-v16,6-9 inches,40-60 mp,8-16 mp,2-3 GHz,640-1080 Width,2160-3840 Height,70-80 rating
Xiaomi,12490,Android,Dimensity_700,4.0,128.0,5000.0,Yes,6.5,90.0,48.0,3.0,8.0,1.0,Yes,18,Yes,Yes,No,No,Yes,8.0,2.2,1080.0,2400.0,Punch Hole,11.0,76.0,Xiaomi,dimensity,Mid-Range,1-4 GB,32-256 GB,3000-5000 mAh,0-50W,v10-v16,6-9 inches,40-60 mp,1-8 mp,2-3 GHz,640-1080 Width,2160-3840 Height,70-80 rating
Vivo,13990,Android,Helio_80,4.0,64.0,5000.0,Yes,6.51,60.0,13.0,3.0,8.0,1.0,Yes,18,Yes,No,No,No,No,8.0,2.4,720.0,1600.0,Water Drop Notch,11.0,69.0,Vivo,helio,Mid-Range,1-4 GB,32-256 GB,3000-5000 mAh,0-50W,v10-v16,6-9 inches,5-14 mp,1-8 mp,2-3 GHz,640-1080 Width,1480-2160 Height,60-70 rating
Samsung,17990,Android,Dimensity_700,6.0,128.0,5000.0,Yes,6.6,90.0,48.0,3.0,8.0,1.0,Yes,15,Yes,Yes,No,No,No,8.0,2.2,1080.0,2408.0,Water Drop Notch,11.0,79.0,Samsung,dimensity,Mid-Range,4-8 GB,32-256 GB,3000-5000 mAh,0-50W,v10-v16,6-9 inches,40-60 mp,1-8 mp,2-3 GHz,640-1080 Width,2160-3840 Height,70-80 rating
Vivo,24999,Android,Dimensity_800,8.0,128.0,4000.0,Yes,6.44,90.0,64.0,3.0,44.0,1.0,Yes,33,Yes,No,No,No,No,8.0,2.4,1080.0,2400.0,Water Drop Notch,11.0,83.0,Vivo,dimensity,Mid-Range,4-8 GB,32-256 GB,3000-5000 mAh,0-50W,v10-v16,6-9 inches,60-200 mp,40-60 mp,2-3 GHz,640-1080 Width,2160-3840 Height,80-90 rating
Realme,21999,Android,Snapdragon_720,8.0,128.0,4500.0,Yes,6.4,60.0,64.0,1.0,32.0,1.0,Yes,65,Yes,No,No,No,No,8.0,2.3,1080.0,2400.0,Punch Hole,10.0,85.0,Realme,snapdragon,Mid-Range,4-8 GB,32-256 GB,3000-5000 mAh,50-80W,v5-v10,6-9 inches,60-200 mp,16-40 mp,2-3 GHz,640-1080 Width,2160-3840 Height,80-90 rating
OnePlus,19999,Android,Snapdragon_690,8.0,128.0,4300.0,Yes,6.55,90.0,48.0,3.0,16.0,1.0,No,30,Yes,No,No,No,No,8.0,2.4,1080.0,2400.0,Punch Hole,10.0,77.0,Other,snapdragon,Mid-Range,4-8 GB,32-256 GB,3000-5000 mAh,0-50W,v5-v10,6-9 inches,40-60 mp,8-16 mp,2-3 GHz,640-1080 Width,2160-3840 Height,70-80 rating
Samsung,99999,Android,Exynos_990,12.0,128.0,5000.0,Yes,6.9,60.0,108.0,1.0,40.0,1.0,Yes,45,Yes,Yes,No,Yes,No,8.0,2.73,1440.0,3200.0,Punch Hole,10.0,80.0,Samsung,exynos,Flagship,8-18 GB,32-256 GB,3000-5000 mAh,0-50W,v5-v10,6-9 inches,60-200 mp,16-40 mp,2-3 GHz,1080-1440 Width,2160-3840 Height,70-80 rating
Apple,109900,iOS,Bionic_13,4.0,64.0,3500.0,Yes,6.5,60.0,12.0,3.0,12.0,1.0,No,18,Yes,No,No,Yes,No,6.0,2.65,1242.0,2688.0,Large Notch,13.0,77.0,Apple,bionic,Luxury,1-4 GB,32-256 GB,3000-5000 mAh,0-50W,v10-v16,6-9 inches,5-14 mp,8-16 mp,2-3 GHz,1080-1440 Width,2160-3840 Height,70-80 rating
Apple,52990,iOS,Other_1024,3.0,32.0,2230.0,No,4.7,60.0,13.0,1.0,7.0,1.0,Yes,0,Yes,No,No,No,No,4.0,2.37,750.0,1334.0,No Notch,12.0,80.0,Apple,bionic,Flagship,1-4 GB,1-32 GB,800-3000 mAh,0-50W,v10-v16,4-6 inches,5-14 mp,1-8 mp,2-3 GHz,640-1080 Width,640-1480 Height,70-80 rating
Namotel,99,Android,Other_1,6.0,128.0,5000.0,Yes,6.58,90.0,50.0,1.0,16.0,1.0,Yes,0,No,No,No,No,No,8.0,2.4,1080.0,2400.0,Unknown,12.0,80.0,Other,Other,Budget,4-8 GB,32-256 GB,3000-5000 mAh,0-50W,v10-v16,6-9 inches,40-60 mp,8-16 mp,2-3 GHz,640-1080 Width,2160-3840 Height,70-80 rating
Sony,19990,Android,Snapdragon_4,8.0,128.0,5000.0,Yes,6.5,120.0,50.0,2.0,16.0,1.0,Yes,33,Yes,No,No,Yes,No,8.0,2.4,1080.0,2400.0,No Notch,13.0,80.0,Other,snapdragon,Mid-Range,4-8 GB,32-256 GB,3000-5000 mAh,0-50W,v10-v16,6-9 inches,40-60 mp,8-16 mp,2-3 GHz,640-1080 Width,2160-3840 Height,70-80 rating
Samsung,11499,Android,Helio_35,4.0,128.0,5000.0,Yes,6.5,60.0,13.0,2.0,5.0,1.0,Yes,0,Yes,No,No,No,No,8.0,2.3,720.0,1600.0,Water Drop Notch,12.0,69.0,Samsung,helio,Mid-Range,1-4 GB,32-256 GB,3000-5000 mAh,0-50W,v10-v16,6-9 inches,5-14 mp,1-8 mp,2-3 GHz,640-1080 Width,1480-2160 Height,60-70 rating
Eunity,699,Android,Other_3,6.0,128.0,5000.0,Yes,6.58,90.0,50.0,1.0,16.0,1.0,Yes,0,No,No,No,No,No,8.0,2.4,1080.0,2400.0,Unknown,12.0,80.0,Other,Other,Budget,4-8 GB,32-256 GB,3000-5000 mAh,0-50W,v10-v16,6-9 inches,40-60 mp,8-16 mp,2-3 GHz,640-1080 Width,2160-3840 Height,70-80 rating
Xiaomi,13999,Android,Helio_99,4.0,64.0,5000.0,Yes,6.67,120.0,48.0,3.0,13.0,1.0,Yes,33,Yes,No,No,No,Yes,8.0,2.2,1080.0,2400.0,Punch Hole,13.0,75.0,Xiaomi,helio,Mid-Range,1-4 GB,32-256 GB,3000-5000 mAh,0-50W,v10-v16,6-9 inches,40-60 mp,8-16 mp,2-3 GHz,640-1080 Width,2160-3840 Height,70-80 rating
Oukitel,22990,Android,Helio_99,12.0,256.0,9800.0,Yes,6.78,120.0,50.0,1.0,16.0,1.0,Yes,66,Yes,No,No,No,No,8.0,2.2,1080.0,2400.0,No Notch,12.0,82.0,Other,helio,Mid-Range,8-18 GB,32-256 GB,5000-10000 mAh,50-80W,v10-v16,6-9 inches,40-60 mp,8-16 mp,2-3 GHz,640-1080 Width,2160-3840 Height,80-90 rating
Vivo,28990,Android,Snapdragon_6,8.0,256.0,5000.0,Yes,6.7,120.0,108.0,3.0,32.0,1.0,Yes,80,Yes,Yes,No,No,No,8.0,2.2,1080.0,2400.0,Water Drop Notch,13.0,84.0,Vivo,snapdragon,Premium,4-8 GB,32-256 GB,3000-5000 mAh,50-80W,v10-v16,6-9 inches,60-200 mp,16-40 mp,2-3 GHz,640-1080 Width,2160-3840 Height,80-90 rating
POCO,27999,Android,Snapdragon_870,8.0,128.0,4500.0,Yes,6.67,120.0,64.0,3.0,20.0,1.0,Yes,67,Yes,Yes,No,Yes,No,8.0,3.2,1080.0,2400.0,Punch Hole,12.0,85.0,Other,snapdragon,Premium,4-8 GB,32-256 GB,3000-5000 mAh,50-80W,v10-v16,6-9 inches,60-200 mp,16-40 mp,3-4 GHz,640-1080 Width,2160-3840 Height,80-90 rating
Xiaomi,19990,Android,Dimensity_8100,6.0,128.0,5080.0,Yes,6.6,144.0,64.0,3.0,16.0,1.0,Yes,67,Yes,Yes,No,Yes,Yes,8.0,2.85,1080.0,2460.0,Punch Hole,12.0,82.0,Xiaomi,dimensity,Mid-Range,4-8 GB,32-256 GB,5000-10000 mAh,50-80W,v10-v16,6-9 inches,60-200 mp,8-16 mp,2-3 GHz,640-1080 Width,2160-3840 Height,80-90 rating
Realme Narzo,22999,Android,Dimensity_920,8.0,128.0,5000.0,Yes,6.4,90.0,48.0,3.0,16.0,1.0,Yes,33,Yes,Yes,No,No,No,8.0,2.5,1080.0,2400.0,Punch Hole,12.0,83.0,Other,dimensity,Mid-Range,4-8 GB,32-256 GB,3000-5000 mAh,0-50W,v10-v16,6-9 inches,40-60 mp,8-16 mp,2-3 GHz,640-1080 Width,2160-3840 Height,80-90 rating
Vivo,17999,Android,Snapdragon_680,8.0,128.0,5000.0,Yes,6.44,60.0,50.0,3.0,16.0,1.0,Yes,44,Yes,No,No,No,No,8.0,2.4,1080.0,2408.0,Water Drop Notch,12.0,82.0,Vivo,snapdragon,Mid-Range,4-8 GB,32-256 GB,3000-5000 mAh,0-50W,v10-v16,6-9 inches,40-60 mp,8-16 mp,2-3 GHz,640-1080 Width,2160-3840 Height,80-90 rating
Xiaomi,15499,Android,Helio_96,6.0,128.0,5000.0,Yes,6.43,90.0,108.0,1.0,16.0,1.0,Yes,33,Yes,No,No,No,Yes,8.0,2.05,1080.0,2400.0,Punch Hole,11.0,81.0,Xiaomi,helio,Mid-Range,4-8 GB,32-256 GB,3000-5000 mAh,0-50W,v10-v16,6-9 inches,60-200 mp,8-16 mp,2-3 GHz,640-1080 Width,2160-3840 Height,80-90 rating
Lava,17990,Android,Dimensity_810,8.0,128.0,5000.0,Yes,6.78,90.0,64.0,1.0,16.0,1.0,Yes,30,Yes,Yes,No,No,No,8.0,2.4,1080.0,2460.0,Punch Hole,11.0,84.0,Other,dimensity,Mid-Range,4-8 GB,32-256 GB,3000-5000 mAh,0-50W,v10-v16,6-9 inches,60-200 mp,8-16 mp,2-3 GHz,640-1080 Width,2160-3840 Height,80-90 rating
Realme,13999,Android,Helio_96,6.0,128.0,5000.0,Yes,6.6,120.0,50.0,3.0,16.0,1.0,Yes,18,Yes,No,No,No,No,8.0,2.05,1080.0,2412.0,Punch Hole,11.0,77.0,Realme,helio,Mid-Range,4-8 GB,32-256 GB,3000-5000 mAh,0-50W,v10-v16,6-9 inches,40-60 mp,8-16 mp,2-3 GHz,640-1080 Width,2160-3840 Height,70-80 rating
OPPO,13499,Android,Helio_35,4.0,64.0,5000.0,Yes,6.51,60.0,50.0,3.0,16.0,1.0,Yes,18,Yes,No,No,No,No,8.0,2.3,720.0,1600.0,Punch Hole,11.0,73.0,OPPO,helio,Mid-Range,1-4 GB,32-256 GB,3000-5000 mAh,0-50W,v10-v16,6-9 inches,40-60 mp,8-16 mp,2-3 GHz,640-1080 Width,1480-2160 Height,70-80 rating
POCO,14799,Android,Dimensity_700,6.0,128.0,5000.0,Yes,6.5,90.0,48.0,3.0,8.0,1.0,Yes,18,Yes,Yes,No,No,Yes,8.0,2.2,1080.0,2400.0,Punch Hole,11.0,79.0,Other,dimensity,Mid-Range,4-8 GB,32-256 GB,3000-5000 mAh,0-50W,v10-v16,6-9 inches,40-60 mp,1-8 mp,2-3 GHz,640-1080 Width,2160-3840 Height,70-80 rating
Realme,6999,Android,Unisoc_610,3.0,32.0,5000.0,Yes,6.5,60.0,13.0,3.0,5.0,1.0,Yes,0,Yes,No,No,No,No,8.0,1.8,720.0,1600.0,Water Drop Notch,11.0,62.0,Realme,unisoc,Budget,1-4 GB,1-32 GB,3000-5000 mAh,0-50W,v10-v16,6-9 inches,5-14 mp,1-8 mp,0-2 GHz,640-1080 Width,1480-2160 Height,60-70 rating
OPPO,11999,Android,Helio_35,4.0,64.0,5000.0,Yes,6.52,60.0,13.0,3.0,8.0,1.0,Yes,0,Yes,No,No,No,No,8.0,2.3,720.0,1600.0,Water Drop Notch,11.0,69.0,OPPO,helio,Mid-Range,1-4 GB,32-256 GB,3000-5000 mAh,0-50W,v10-v16,6-9 inches,5-14 mp,1-8 mp,2-3 GHz,640-1080 Width,1480-2160 Height,60-70 rating
Vivo,23994,Android,Dimensity_800,8.0,128.0,4000.0,Yes,6.44,90.0,64.0,3.0,44.0,1.0,Yes,33,Yes,Yes,No,No,No,8.0,2.4,1080.0,2400.0,Water Drop Notch,11.0,85.0,Vivo,dimensity,Mid-Range,4-8 GB,32-256 GB,3000-5000 mAh,0-50W,v10-v16,6-9 inches,60-200 mp,40-60 mp,2-3 GHz,640-1080 Width,2160-3840 Height,80-90 rating
Nokia,3589,RTOS,Unisoc_117,0.06,0.12,1150.0,Yes,2.4,60.0,3.0,1.0,16.0,1.0,Yes,0,Yes,No,No,No,No,8.0,2.4,240.0,320.0,No Notch,12.0,80.0,Other,unisoc,Budget,0-1 GB,0-1 GB,800-3000 mAh,0-50W,v10-v16,1-4 inches,2-5 mp,8-16 mp,2-3 GHz,120-640 Width,160-640 Height,70-80 rating
Apple,139900,iOS,Bionic_14,6.0,512.0,5000.0,Yes,6.58,90.0,50.0,1.0,16.0,1.0,Yes,0,Yes,Yes,No,Yes,No,6.0,3.1,1080.0,2400.0,Unknown,12.0,80.0,Apple,bionic,Luxury,4-8 GB,256-1024 GB,3000-5000 mAh,0-50W,v10-v16,6-9 inches,40-60 mp,8-16 mp,3-4 GHz,640-1080 Width,2160-3840 Height,70-80 rating
Sony,69999,Android,Snapdragon_865,8.0,256.0,4000.0,Yes,6.5,60.0,12.0,1.0,8.0,1.0,Yes,21,Yes,Yes,No,Yes,No,8.0,2.84,1644.0,3840.0,No Notch,10.0,89.0,Other,snapdragon,Flagship,4-8 GB,32-256 GB,3000-5000 mAh,0-50W,v5-v10,6-9 inches,5-14 mp,1-8 mp,2-3 GHz,1440-2460 Width,2160-3840 Height,80-90 rating
Motorola Edge,57999,Android,Snapdragon_865,12.0,256.0,5000.0,No,6.7,90.0,108.0,3.0,25.0,1.0,Yes,18,Yes,Yes,No,Yes,No,8.0,2.84,1080.0,2340.0,Punch Hole,12.0,89.0,Other,snapdragon,Flagship,8-18 GB,32-256 GB,3000-5000 mAh,0-50W,v10-v16,6-9 inches,60-200 mp,16-40 mp,2-3 GHz,640-1080 Width,2160-3840 Height,80-90 rating
Samsung,86000,Android,Exynos_990,8.0,256.0,4300.0,Yes,6.7,60.0,64.0,3.0,10.0,1.0,Yes,25,Yes,No,No,Yes,No,8.0,2.73,1080.0,2400.0,Punch Hole,12.0,87.0,Samsung,exynos,Flagship,4-8 GB,32-256 GB,3000-5000 mAh,0-50W,v10-v16,6-9 inches,60-200 mp,8-16 mp,2-3 GHz,640-1080 Width,2160-3840 Height,80-90 rating
Samsung,11999,Android,Helio_35,4.0,64.0,5000.0,Yes,6.5,60.0,48.0,1.0,8.0,1.0,Yes,15,Yes,No,No,No,No,8.0,2.3,720.0,1560.0,Water Drop Notch,10.0,71.0,Samsung,helio,Mid-Range,1-4 GB,32-256 GB,3000-5000 mAh,0-50W,v5-v10,6-9 inches,40-60 mp,1-8 mp,2-3 GHz,640-1080 Width,1480-2160 Height,70-80 rating
Xiaomi,14999,Android,Snapdragon_732,6.0,128.0,5000.0,Yes,6.67,120.0,50.0,3.0,16.0,1.0,Yes,67,Yes,No,No,Yes,Yes,8.0,2.3,1080.0,2400.0,Punch Hole,12.0,77.0,Xiaomi,snapdragon,Mid-Range,4-8 GB,32-256 GB,3000-5000 mAh,50-80W,v10-v16,6-9 inches,40-60 mp,8-16 mp,2-3 GHz,640-1080 Width,2160-3840 Height,70-80 rating
Realme,26499,Android,Snapdragon_870,8.0,128.0,5000.0,Yes,6.62,120.0,64.0,3.0,16.0,1.0,Yes,80,Yes,Yes,No,No,No,8.0,3.2,1080.0,2400.0,Punch Hole,12.0,81.0,Realme,snapdragon,Premium,4-8 GB,32-256 GB,3000-5000 mAh,50-80W,v10-v16,6-9 inches,60-200 mp,8-16 mp,3-4 GHz,640-1080 Width,2160-3840 Height,80-90 rating
Realme,8990,Android,Unisoc_9863,4.0,64.0,5000.0,Yes,6.5,60.0,8.0,1.0,5.0,1.0,Yes,10,Yes,No,No,No,No,8.0,1.6,720.0,1600.0,Water Drop Notch,12.0,62.0,Realme,unisoc,Budget,1-4 GB,32-256 GB,3000-5000 mAh,0-50W,v10-v16,6-9 inches,5-14 mp,1-8 mp,0-2 GHz,640-1080 Width,1480-2160 Height,60-70 rating
Apple,95999,iOS,Bionic_15,6.0,512.0,3279.0,Yes,6.1,60.0,12.0,2.0,12.0,1.0,No,0,Yes,Yes,No,Yes,No,6.0,3.22,1170.0,2532.0,Small Notch,16.0,82.0,Apple,bionic,Flagship,4-8 GB,256-1024 GB,3000-5000 mAh,0-50W,v10-v16,6-9 inches,5-14 mp,8-16 mp,3-4 GHz,1080-1440 Width,2160-3840 Height,80-90 rating
iQOO,47990,Android,Snapdragon_8,8.0,128.0,4700.0,Yes,6.78,120.0,50.0,3.0,16.0,1.0,Yes,120,Yes,Yes,No,Yes,Yes,8.0,3.2,1080.0,2400.0,Punch Hole,12.0,85.0,Other,snapdragon,Premium,4-8 GB,32-256 GB,3000-5000 mAh,80-240W,v10-v16,6-9 inches,40-60 mp,8-16 mp,3-4 GHz,640-1080 Width,2160-3840 Height,80-90 rating
Tecno,17990,Android,Helio_96,8.0,128.0,5000.0,Yes,6.8,120.0,64.0,3.0,32.0,1.0,Yes,33,Yes,No,No,No,No,8.0,2.05,1080.0,2460.0,Punch Hole,12.0,81.0,Other,helio,Mid-Range,4-8 GB,32-256 GB,3000-5000 mAh,0-50W,v10-v16,6-9 inches,60-200 mp,16-40 mp,2-3 GHz,640-1080 Width,2160-3840 Height,80-90 rating
OnePlus,22999,Android,Snapdragon_695,8.0,128.0,5000.0,Yes,6.59,120.0,64.0,3.0,16.0,1.0,Yes,33,Yes,Yes,No,Yes,No,8.0,2.2,1080.0,2412.0,Punch Hole,12.0,83.0,Other,snapdragon,Mid-Range,4-8 GB,32-256 GB,3000-5000 mAh,0-50W,v10-v16,6-9 inches,60-200 mp,8-16 mp,2-3 GHz,640-1080 Width,2160-3840 Height,80-90 rating
Nokia,1299,Android,Other_4,6.0,128.0,5000.0,Yes,6.58,90.0,50.0,1.0,16.0,1.0,Yes,0,No,No,No,No,No,8.0,2.4,1080.0,2400.0,Unknown,12.0,80.0,Other,Other,Budget,4-8 GB,32-256 GB,3000-5000 mAh,0-50W,v10-v16,6-9 inches,40-60 mp,8-16 mp,2-3 GHz,640-1080 Width,2160-3840 Height,70-80 rating
Samsung,99990,Android,Snapdragon_8 Gen1,8.0,128.0,5000.0,Yes,6.8,120.0,108.0,1.0,40.0,1.0,Yes,45,Yes,Yes,No,Yes,No,8.0,2.4,1440.0,3080.0,Punch Hole,12.0,80.0,Samsung,snapdragon,Flagship,4-8 GB,32-256 GB,3000-5000 mAh,0-50W,v10-v16,6-9 inches,60-200 mp,16-40 mp,2-3 GHz,1080-1440 Width,2160-3840 Height,70-80 rating
POCO,39999,Android,Snapdragon_8 Gen1,8.0,128.0,4700.0,Yes,6.67,120.0,64.0,3.0,20.0,1.0,No,120,Yes,Yes,No,Yes,Yes,8.0,2.4,1080.0,2400.0,Punch Hole,12.0,86.0,Other,snapdragon,Premium,4-8 GB,32-256 GB,3000-5000 mAh,80-240W,v10-v16,6-9 inches,60-200 mp,16-40 mp,2-3 GHz,640-1080 Width,2160-3840 Height,80-90 rating
Xiaomi,38999,Android,Snapdragon_888,12.0,256.0,5000.0,Yes,6.67,120.0,108.0,3.0,16.0,1.0,Yes,120,Yes,Yes,No,Yes,Yes,8.0,2.84,1080.0,2400.0,Punch Hole,12.0,88.0,Xiaomi,snapdragon,Premium,8-18 GB,32-256 GB,3000-5000 mAh,80-240W,v10-v16,6-9 inches,60-200 mp,8-16 mp,2-3 GHz,640-1080 Width,2160-3840 Height,80-90 rating
Vivo,12490,Android,Helio_35,4.0,128.0,5000.0,Yes,6.51,60.0,13.0,2.0,8.0,1.0,Yes,0,Yes,No,No,No,No,8.0,2.3,720.0,1600.0,Water Drop Notch,12.0,63.0,Vivo,helio,Mid-Range,1-4 GB,32-256 GB,3000-5000 mAh,0-50W,v10-v16,6-9 inches,5-14 mp,1-8 mp,2-3 GHz,640-1080 Width,1480-2160 Height,60-70 rating
Nokia,5490,Android,Other_1450,6.0,128.0,5000.0,Yes,6.58,90.0,50.0,1.0,16.0,1.0,Yes,0,Yes,No,No,No,No,8.0,2.4,1080.0,2400.0,Unknown,12.0,80.0,Other,Other,Budget,4-8 GB,32-256 GB,3000-5000 mAh,0-50W,v10-v16,6-9 inches,40-60 mp,8-16 mp,2-3 GHz,640-1080 Width,2160-3840 Height,70-80 rating
Samsung,39990,Android,Snapdragon_870,6.0,128.0,4500.0,Yes,6.71,120.0,64.0,3.0,10.0,1.0,Yes,25,Yes,Yes,No,Yes,No,8.0,3.2,1440.0,3200.0,Punch Hole,11.0,86.0,Samsung,snapdragon,Premium,4-8 GB,32-256 GB,3000-5000 mAh,0-50W,v10-v16,6-9 inches,60-200 mp,8-16 mp,3-4 GHz,1080-1440 Width,2160-3840 Height,80-90 rating
Motorola,1339,Android,Other_4,6.0,128.0,5000.0,Yes,6.58,90.0,50.0,1.0,16.0,1.0,Yes,0,No,No,No,No,No,8.0,2.4,1080.0,2400.0,Unknown,12.0,80.0,Other,Other,Budget,4-8 GB,32-256 GB,3000-5000 mAh,0-50W,v10-v16,6-9 inches,40-60 mp,8-16 mp,2-3 GHz,640-1080 Width,2160-3840 Height,70-80 rating
Vivo,16685,Android,Helio_80,8.0,128.0,5000.0,Yes,6.58,60.0,50.0,3.0,16.0,1.0,Yes,18,Yes,No,No,No,No,8.0,2.4,1080.0,2408.0,Water Drop Notch,11.0,80.0,Vivo,helio,Mid-Range,4-8 GB,32-256 GB,3000-5000 mAh,0-50W,v10-v16,6-9 inches,40-60 mp,8-16 mp,2-3 GHz,640-1080 Width,2160-3840 Height,70-80 rating
Huawei,69990,Android,Kirin_9000,8.0,128.0,4400.0,Yes,6.76,90.0,50.0,3.0,13.0,1.0,Yes,66,Yes,No,No,Yes,Yes,8.0,3.13,1344.0,2772.0,Punch Hole,12.0,80.0,Other,kirin,Flagship,4-8 GB,32-256 GB,3000-5000 mAh,50-80W,v10-v16,6-9 inches,40-60 mp,8-16 mp,3-4 GHz,1080-1440 Width,2160-3840 Height,70-80 rating
Micromax,6999,Android,Unisoc_610,4.0,64.0,5000.0,Yes,6.52,60.0,13.0,2.0,5.0,1.0,Yes,0,Yes,No,No,No,No,8.0,1.8,720.0,1600.0,Water Drop Notch,11.0,66.0,Other,unisoc,Budget,1-4 GB,32-256 GB,3000-5000 mAh,0-50W,v10-v16,6-9 inches,5-14 mp,1-8 mp,0-2 GHz,640-1080 Width,1480-2160 Height,60-70 rating
Asus,71999,Android,Snapdragon_8,12.0,256.0,6000.0,Yes,6.78,165.0,50.0,3.0,12.0,1.0,No,65,Yes,Yes,No,Yes,No,8.0,3.2,1080.0,2448.0,No Notch,12.0,86.0,Other,snapdragon,Flagship,8-18 GB,32-256 GB,5000-10000 mAh,50-80W,v10-v16,6-9 inches,40-60 mp,8-16 mp,3-4 GHz,640-1080 Width,2160-3840 Height,80-90 rating
Realme,26999,Android,Dimensity_1200,8.0,128.0,4500.0,Yes,6.43,120.0,64.0,3.0,16.0,1.0,Yes,50,Yes,Yes,No,Yes,No,8.0,2.4,1080.0,2400.0,Punch Hole,12.0,84.0,Realme,dimensity,Premium,4-8 GB,32-256 GB,3000-5000 mAh,0-50W,v10-v16,6-9 inches,60-200 mp,8-16 mp,2-3 GHz,640-1080 Width,2160-3840 Height,80-90 rating
Realme,16499,Android,Dimensity_700,4.0,128.0,5000.0,Yes,6.5,90.0,48.0,3.0,16.0,1.0,Yes,18,Yes,Yes,No,No,No,8.0,2.2,1080.0,2400.0,Punch Hole,11.0,75.0,Realme,dimensity,Mid-Range,1-4 GB,32-256 GB,3000-5000 mAh,0-50W,v10-v16,6-9 inches,40-60 mp,8-16 mp,2-3 GHz,640-1080 Width,2160-3840 Height,70-80 rating
OPPO,17990,Android,Dimensity_700,6.0,128.0,5000.0,Yes,6.5,60.0,13.0,3.0,8.0,1.0,Yes,0,Yes,Yes,No,No,No,8.0,2.2,720.0,1600.0,Water Drop Notch,11.0,74.0,OPPO,dimensity,Mid-Range,4-8 GB,32-256 GB,3000-5000 mAh,0-50W,v10-v16,6-9 inches,5-14 mp,1-8 mp,2-3 GHz,640-1080 Width,1480-2160 Height,70-80 rating
Xiaomi,8999,Android,Helio_35,4.0,64.0,5000.0,Yes,6.53,60.0,13.0,2.0,5.0,1.0,Yes,0,Yes,No,No,No,No,8.0,2.3,720.0,1600.0,Water Drop Notch,10.0,68.0,Xiaomi,helio,Budget,1-4 GB,32-256 GB,3000-5000 mAh,0-50W,v5-v10,6-9 inches,5-14 mp,1-8 mp,2-3 GHz,640-1080 Width,1480-2160 Height,60-70 rating
Apple,39900,iOS,Bionic_13,3.0,64.0,1821.0,Yes,4.7,60.0,12.0,1.0,7.0,1.0,Yes,18,Yes,No,No,Yes,No,6.0,2.65,750.0,1334.0,No Notch,12.0,63.0,Apple,bionic,Premium,1-4 GB,32-256 GB,800-3000 mAh,0-50W,v10-v16,4-6 inches,5-14 mp,1-8 mp,2-3 GHz,640-1080 Width,640-1480 Height,60-70 rating
Zanco,2799,Android,Other_32,6.0,128.0,5000.0,No,6.58,90.0,50.0,1.0,16.0,1.0,Yes,0,No,No,No,No,No,8.0,2.4,1080.0,2400.0,Unknown,12.0,80.0,Other,Other,Budget,4-8 GB,32-256 GB,3000-5000 mAh,0-50W,v10-v16,6-9 inches,40-60 mp,8-16 mp,2-3 GHz,640-1080 Width,2160-3840 Height,70-80 rating
Letv,5999,Android,Other_610,6.0,64.0,4000.0,Yes,6.5,60.0,8.0,1.0,5.0,1.0,Yes,10,Yes,No,No,No,No,4.0,1.8,720.0,1560.0,Small Notch,12.0,60.0,Other,Other,Budget,4-8 GB,32-256 GB,3000-5000 mAh,0-50W,v10-v16,6-9 inches,5-14 mp,1-8 mp,0-2 GHz,640-1080 Width,1480-2160 Height,60-70 rating
OnePlus,34999,Android,Dimensity_9200,8.0,128.0,5000.0,Yes,6.57,120.0,64.0,3.0,32.0,1.0,Yes,120,Yes,Yes,No,Yes,No,8.0,2.4,1080.0,2400.0,Punch Hole,12.0,76.0,Other,dimensity,Premium,4-8 GB,32-256 GB,3000-5000 mAh,80-240W,v10-v16,6-9 inches,60-200 mp,16-40 mp,2-3 GHz,640-1080 Width,2160-3840 Height,70-80 rating
Vivo,16990,Android,Dimensity_700,8.0,128.0,6000.0,Yes,6.58,60.0,50.0,2.0,8.0,1.0,No,44,Yes,Yes,No,No,No,8.0,2.4,1080.0,2408.0,Water Drop Notch,11.0,77.0,Vivo,dimensity,Mid-Range,4-8 GB,32-256 GB,5000-10000 mAh,0-50W,v10-v16,6-9 inches,40-60 mp,1-8 mp,2-3 GHz,640-1080 Width,2160-3840 Height,70-80 rating
OPPO,22990,Android,Snapdragon_6,8.0,128.0,4800.0,Yes,6.58,120.0,50.0,3.0,32.0,1.0,Yes,33,Yes,Yes,No,Yes,No,8.0,2.2,1080.0,2400.0,Punch Hole,13.0,84.0,OPPO,snapdragon,Mid-Range,4-8 GB,32-256 GB,3000-5000 mAh,0-50W,v10-v16,6-9 inches,40-60 mp,16-40 mp,2-3 GHz,640-1080 Width,2160-3840 Height,80-90 rating
Vivo,19990,Android,Helio_99,8.0,256.0,4500.0,Yes,6.44,90.0,64.0,3.0,32.0,1.0,Yes,44,Yes,No,No,No,No,8.0,2.2,1080.0,2400.0,Punch Hole,12.0,84.0,Vivo,helio,Mid-Range,4-8 GB,32-256 GB,3000-5000 mAh,0-50W,v10-v16,6-9 inches,60-200 mp,16-40 mp,2-3 GHz,640-1080 Width,2160-3840 Height,80-90 rating
Infinix,10850,Android,Other_616,6.0,64.0,5000.0,Yes,6.6,90.0,50.0,1.0,8.0,1.0,Yes,18,Yes,No,No,No,No,8.0,2.4,720.0,1612.0,Water Drop Notch,12.0,74.0,Other,Other,Mid-Range,4-8 GB,32-256 GB,3000-5000 mAh,0-50W,v10-v16,6-9 inches,40-60 mp,1-8 mp,2-3 GHz,640-1080 Width,1480-2160 Height,70-80 rating
Realme Narzo,13499,Android,Dimensity_810,4.0,64.0,5000.0,Yes,6.6,90.0,48.0,3.0,16.0,1.0,Yes,33,Yes,Yes,No,No,No,8.0,2.4,1080.0,2400.0,Punch Hole,11.0,75.0,Other,dimensity,Mid-Range,1-4 GB,32-256 GB,3000-5000 mAh,0-50W,v10-v16,6-9 inches,40-60 mp,8-16 mp,2-3 GHz,640-1080 Width,2160-3840 Height,70-80 rating
itel,958,Android,Other_4,6.0,128.0,5000.0,Yes,6.58,90.0,50.0,1.0,16.0,1.0,Yes,0,No,No,No,No,No,8.0,2.4,1080.0,2400.0,Unknown,12.0,80.0,Other,Other,Budget,4-8 GB,32-256 GB,3000-5000 mAh,0-50W,v10-v16,6-9 inches,40-60 mp,8-16 mp,2-3 GHz,640-1080 Width,2160-3840 Height,70-80 rating
itel,6699,Android,Unisoc_9863,3.0,64.0,5000.0,Yes,6.6,60.0,8.0,2.0,5.0,1.0,Yes,18,Yes,No,No,No,No,8.0,1.6,1612.0,720.0,Water Drop Notch,11.0,61.0,Other,unisoc,Budget,1-4 GB,32-256 GB,3000-5000 mAh,0-50W,v10-v16,6-9 inches,5-14 mp,1-8 mp,0-2 GHz,1440-2460 Width,640-1480 Height,60-70 rating
OPPO,17999,Android,Snapdragon_680,8.0,128.0,5000.0,Yes,6.59,90.0,50.0,2.0,16.0,1.0,Yes,33,Yes,No,No,No,No,8.0,2.4,1080.0,2412.0,Punch Hole,11.0,80.0,OPPO,snapdragon,Mid-Range,4-8 GB,32-256 GB,3000-5000 mAh,0-50W,v10-v16,6-9 inches,40-60 mp,8-16 mp,2-3 GHz,640-1080 Width,2160-3840 Height,70-80 rating
Xiaomi,13990,Android,Dimensity_700,4.0,128.0,5000.0,Yes,6.58,90.0,50.0,2.0,5.0,1.0,No,18,Yes,Yes,No,No,Yes,8.0,2.2,1080.0,2408.0,Punch Hole,11.0,69.0,Xiaomi,dimensity,Mid-Range,1-4 GB,32-256 GB,3000-5000 mAh,0-50W,v10-v16,6-9 inches,40-60 mp,1-8 mp,2-3 GHz,640-1080 Width,2160-3840 Height,60-70 rating
Honor,94990,Android,Snapdragon_8 Gen1,12.0,512.0,4600.0,Yes,6.76,120.0,50.0,1.0,13.0,1.0,Yes,120,Yes,Yes,No,Yes,No,8.0,2.4,1344.0,2772.0,Punch Hole,12.0,80.0,Other,snapdragon,Flagship,8-18 GB,256-1024 GB,3000-5000 mAh,80-240W,v10-v16,6-9 inches,40-60 mp,8-16 mp,2-3 GHz,1080-1440 Width,2160-3840 Height,70-80 rating
Tecno,8968,Android,Helio_35,4.0,64.0,5000.0,Yes,6.6,60.0,50.0,2.0,8.0,1.0,Yes,18,Yes,No,No,No,No,8.0,2.3,1080.0,2408.0,Water Drop Notch,12.0,72.0,Other,helio,Budget,1-4 GB,32-256 GB,3000-5000 mAh,0-50W,v10-v16,6-9 inches,40-60 mp,1-8 mp,2-3 GHz,640-1080 Width,2160-3840 Height,70-80 rating
Infinix,7320,Android,Helio_22,2.0,64.0,5000.0,Yes,6.6,60.0,8.0,1.0,5.0,1.0,Yes,0,Yes,No,No,No,No,4.0,2.4,720.0,1600.0,Water Drop Notch,11.0,60.0,Other,helio,Budget,1-4 GB,32-256 GB,3000-5000 mAh,0-50W,v10-v16,6-9 inches,5-14 mp,1-8 mp,2-3 GHz,640-1080 Width,1480-2160 Height,60-70 rating
Realme,8999,Android,Other_610,4.0,64.0,5000.0,Yes,6.5,60.0,50.0,3.0,8.0,1.0,Yes,18,Yes,No,No,No,No,8.0,1.8,1600.0,720.0,Water Drop Notch,11.0,69.0,Realme,Other,Budget,1-4 GB,32-256 GB,3000-5000 mAh,0-50W,v10-v16,6-9 inches,40-60 mp,1-8 mp,0-2 GHz,1440-2460 Width,640-1480 Height,60-70 rating
Samsung,13999,Android,Helio_35,6.0,128.0,5000.0,Yes,6.5,60.0,48.0,1.0,8.0,1.0,Yes,15,Yes,No,No,No,No,8.0,2.3,720.0,1560.0,Water Drop Notch,10.0,75.0,Samsung,helio,Mid-Range,4-8 GB,32-256 GB,3000-5000 mAh,0-50W,v5-v10,6-9 inches,40-60 mp,1-8 mp,2-3 GHz,640-1080 Width,1480-2160 Height,70-80 rating
Tecno,14746,Android,Helio_85,6.0,128.0,5000.0,Yes,6.8,60.0,64.0,2.0,16.0,1.0,Yes,18,Yes,No,No,Yes,No,8.0,2.4,1080.0,2460.0,Punch Hole,12.0,79.0,Other,helio,Mid-Range,4-8 GB,32-256 GB,3000-5000 mAh,0-50W,v10-v16,6-9 inches,60-200 mp,8-16 mp,2-3 GHz,640-1080 Width,2160-3840 Height,70-80 rating
Xiaomi,16999,Android,Dimensity_1100,6.0,128.0,5000.0,Yes,6.6,120.0,64.0,3.0,16.0,1.0,Yes,67,Yes,Yes,No,Yes,Yes,8.0,2.6,1080.0,2400.0,Punch Hole,11.0,83.0,Xiaomi,dimensity,Mid-Range,4-8 GB,32-256 GB,3000-5000 mAh,50-80W,v10-v16,6-9 inches,60-200 mp,8-16 mp,2-3 GHz,640-1080 Width,2160-3840 Height,80-90 rating
Xiaomi,25990,Android,Snapdragon_870,8.0,128.0,4520.0,Yes,6.67,120.0,48.0,3.0,20.0,1.0,Yes,33,Yes,Yes,No,No,Yes,8.0,3.2,1080.0,2400.0,Punch Hole,12.0,83.0,Xiaomi,snapdragon,Premium,4-8 GB,32-256 GB,3000-5000 mAh,0-50W,v10-v16,6-9 inches,40-60 mp,16-40 mp,3-4 GHz,640-1080 Width,2160-3840 Height,80-90 rating
Xiaomi,16499,Android,Snapdragon_678,6.0,128.0,5000.0,Yes,6.43,60.0,48.0,1.0,13.0,1.0,Yes,33,Yes,No,No,No,Yes,8.0,2.2,1080.0,2400.0,Punch Hole,11.0,78.0,Xiaomi,snapdragon,Mid-Range,4-8 GB,32-256 GB,3000-5000 mAh,0-50W,v10-v16,6-9 inches,40-60 mp,8-16 mp,2-3 GHz,640-1080 Width,2160-3840 Height,70-80 rating
Xiaomi,19999,Android,Snapdragon_732,6.0,64.0,5020.0,Yes,6.67,120.0,108.0,1.0,16.0,1.0,Yes,33,Yes,No,No,No,Yes,8.0,2.3,1080.0,2400.0,Punch Hole,11.0,81.0,Xiaomi,snapdragon,Mid-Range,4-8 GB,32-256 GB,5000-10000 mAh,0-50W,v10-v16,6-9 inches,60-200 mp,8-16 mp,2-3 GHz,640-1080 Width,2160-3840 Height,80-90 rating
Xiaomi,23500,Android,Snapdragon_865,6.0,128.0,5000.0,Yes,6.67,144.0,64.0,3.0,20.0,1.0,Yes,33,Yes,Yes,No,Yes,No,8.0,2.84,2400.0,1080.0,Punch Hole,12.0,80.0,Xiaomi,snapdragon,Mid-Range,4-8 GB,32-256 GB,3000-5000 mAh,0-50W,v10-v16,6-9 inches,60-200 mp,16-40 mp,2-3 GHz,1440-2460 Width,640-1480 Height,70-80 rating
LG,54999,Android,Snapdragon_765,6.0,128.0,4300.0,Yes,6.8,60.0,48.0,3.0,16.0,1.0,Yes,25,Yes,Yes,No,Yes,No,8.0,2.4,1080.0,2460.0,Water Drop Notch,10.0,85.0,Other,snapdragon,Flagship,4-8 GB,32-256 GB,3000-5000 mAh,0-50W,v5-v10,6-9 inches,40-60 mp,8-16 mp,2-3 GHz,640-1080 Width,2160-3840 Height,80-90 rating
Motorola,19499,Android,Snapdragon_730,6.0,128.0,5000.0,Yes,6.5,60.0,64.0,1.0,16.0,1.0,Yes,18,Yes,No,No,No,No,8.0,2.2,1080.0,2340.0,No Notch,10.0,80.0,Other,snapdragon,Mid-Range,4-8 GB,32-256 GB,3000-5000 mAh,0-50W,v5-v10,6-9 inches,60-200 mp,8-16 mp,2-3 GHz,640-1080 Width,2160-3840 Height,70-80 rating
LG,79990,Android,Snapdragon_865,8.0,128.0,5000.0,Yes,6.8,60.0,50.0,1.0,16.0,1.0,Yes,0,Yes,Yes,No,Yes,No,8.0,2.84,1080.0,2460.0,Punch Hole,12.0,80.0,Other,snapdragon,Flagship,4-8 GB,32-256 GB,3000-5000 mAh,0-50W,v10-v16,6-9 inches,40-60 mp,8-16 mp,2-3 GHz,640-1080 Width,2160-3840 Height,70-80 rating
Samsung,39999,Android,Exynos_9810,6.0,128.0,4500.0,Yes,6.7,60.0,12.0,3.0,32.0,1.0,Yes,25,Yes,No,No,Yes,No,8.0,2.7,1080.0,2400.0,Punch Hole,10.0,83.0,Samsung,exynos,Premium,4-8 GB,32-256 GB,3000-5000 mAh,0-50W,v5-v10,6-9 inches,5-14 mp,16-40 mp,2-3 GHz,640-1080 Width,2160-3840 Height,80-90 rating
Samsung,92999,Android,Exynos_9825,12.0,256.0,4300.0,Yes,6.8,60.0,12.0,1.0,10.0,1.0,Yes,0,Yes,Yes,No,Yes,Yes,8.0,2.7,1440.0,3040.0,Punch Hole,9.0,89.0,Samsung,exynos,Flagship,8-18 GB,32-256 GB,3000-5000 mAh,0-50W,v5-v10,6-9 inches,5-14 mp,8-16 mp,2-3 GHz,1080-1440 Width,2160-3840 Height,80-90 rating
Xiaomi,1799,Android,Helio_6260,0.01,0.02,1480.0,Yes,2.8,60.0,50.0,1.0,16.0,1.0,Yes,0,No,No,No,No,No,8.0,2.4,240.0,320.0,No Notch,12.0,80.0,Xiaomi,helio,Budget,0-1 GB,0-1 GB,800-3000 mAh,0-50W,v10-v16,1-4 inches,40-60 mp,8-16 mp,2-3 GHz,120-640 Width,160-640 Height,70-80 rating
iQOO,32990,Android,Snapdragon_8,8.0,256.0,5000.0,Yes,6.78,120.0,50.0,3.0,16.0,1.0,Yes,120,Yes,Yes,No,Yes,Yes,8.0,3.2,1080.0,2400.0,Punch Hole,12.0,84.0,Other,snapdragon,Premium,4-8 GB,32-256 GB,3000-5000 mAh,80-240W,v10-v16,6-9 inches,40-60 mp,8-16 mp,3-4 GHz,640-1080 Width,2160-3840 Height,80-90 rating
Samsung,14499,Android,Exynos_850,4.0,128.0,5000.0,Yes,6.5,90.0,50.0,3.0,5.0,1.0,Yes,15,Yes,No,No,No,No,8.0,2.4,720.0,1600.0,Water Drop Notch,12.0,72.0,Samsung,exynos,Mid-Range,1-4 GB,32-256 GB,3000-5000 mAh,0-50W,v10-v16,6-9 inches,40-60 mp,1-8 mp,2-3 GHz,640-1080 Width,1480-2160 Height,70-80 rating
Vivo,13999,Android,Dimensity_700,4.0,128.0,5000.0,Yes,6.51,60.0,13.0,2.0,5.0,1.0,Yes,15,Yes,Yes,No,No,No,8.0,2.2,720.0,1600.0,Water Drop Notch,13.0,70.0,Vivo,dimensity,Mid-Range,1-4 GB,32-256 GB,3000-5000 mAh,0-50W,v10-v16,6-9 inches,5-14 mp,1-8 mp,2-3 GHz,640-1080 Width,1480-2160 Height,60-70 rating
Vivo,7999,Android,Helio_Unknown,2.0,32.0,5000.0,Yes,6.51,60.0,8.0,1.0,5.0,1.0,Yes,10,Yes,No,No,No,No,8.0,2.4,720.0,1600.0,Water Drop Notch,12.0,80.0,Vivo,helio,Budget,1-4 GB,1-32 GB,3000-5000 mAh,0-50W,v10-v16,6-9 inches,5-14 mp,1-8 mp,2-3 GHz,640-1080 Width,1480-2160 Height,70-80 rating
itel,5785,Android,Unisoc_9863,2.0,32.0,5000.0,Yes,6.6,60.0,8.0,2.0,5.0,1.0,Yes,18,Yes,No,No,No,No,8.0,1.6,1612.0,720.0,Water Drop Notch,11.0,80.0,Other,unisoc,Budget,1-4 GB,1-32 GB,3000-5000 mAh,0-50W,v10-v16,6-9 inches,5-14 mp,1-8 mp,0-2 GHz,1440-2460 Width,640-1480 Height,70-80 rating
Xiaomi,12990,Android,Dimensity_700,4.0,128.0,5000.0,Yes,6.58,90.0,13.0,2.0,5.0,1.0,Yes,18,Yes,Yes,No,No,Yes,8.0,2.2,1080.0,2400.0,Water Drop Notch,12.0,73.0,Xiaomi,dimensity,Mid-Range,1-4 GB,32-256 GB,3000-5000 mAh,0-50W,v10-v16,6-9 inches,5-14 mp,1-8 mp,2-3 GHz,640-1080 Width,2160-3840 Height,70-80 rating
POCO,19990,Android,Dimensity_920,8.0,128.0,5100.0,Yes,6.73,120.0,108.0,3.0,32.0,1.0,Yes,120,Yes,Yes,No,No,Yes,8.0,2.5,1080.0,2400.0,Punch Hole,13.0,84.0,Other,dimensity,Mid-Range,4-8 GB,32-256 GB,5000-10000 mAh,80-240W,v10-v16,6-9 inches,60-200 mp,16-40 mp,2-3 GHz,640-1080 Width,2160-3840 Height,80-90 rating
OPPO,23990,Android,Dimensity_810,12.0,256.0,5000.0,Yes,6.56,90.0,48.0,2.0,8.0,1.0,Yes,33,Yes,Yes,No,No,No,8.0,2.4,1080.0,2400.0,Water Drop Notch,12.0,79.0,OPPO,dimensity,Mid-Range,8-18 GB,32-256 GB,3000-5000 mAh,0-50W,v10-v16,6-9 inches,40-60 mp,1-8 mp,2-3 GHz,640-1080 Width,2160-3840 Height,70-80 rating
Samsung,17999,Android,Exynos_7904,6.0,64.0,4000.0,Yes,6.4,60.0,48.0,3.0,16.0,1.0,Yes,15,Yes,No,No,No,No,8.0,1.8,1080.0,2408.0,Water Drop Notch,12.0,77.0,Samsung,exynos,Mid-Range,4-8 GB,32-256 GB,3000-5000 mAh,0-50W,v10-v16,6-9 inches,40-60 mp,8-16 mp,0-2 GHz,640-1080 Width,2160-3840 Height,70-80 rating
Infinix,16999,Android,Helio_99,6.0,128.0,5000.0,Yes,6.91,60.0,108.0,1.0,16.0,1.0,Yes,120,Yes,No,No,No,No,8.0,2.2,1080.0,2460.0,Punch Hole,12.0,80.0,Other,helio,Mid-Range,4-8 GB,32-256 GB,3000-5000 mAh,80-240W,v10-v16,6-9 inches,60-200 mp,8-16 mp,2-3 GHz,640-1080 Width,2160-3840 Height,70-80 rating
Honor,9999,Android,Snapdragon_480,4.0,128.0,5000.0,Yes,6.5,60.0,13.0,1.0,5.0,1.0,Yes,0,Yes,Yes,No,No,No,8.0,2.2,720.0,1600.0,Water Drop Notch,11.0,68.0,Other,snapdragon,Budget,1-4 GB,32-256 GB,3000-5000 mAh,0-50W,v10-v16,6-9 inches,5-14 mp,1-8 mp,2-3 GHz,640-1080 Width,1480-2160 Height,60-70 rating
Infinix,8299,Android,Helio_25,3.0,64.0,5000.0,Yes,6.82,60.0,8.0,1.0,5.0,1.0,Yes,0,Yes,No,No,No,No,8.0,2.4,720.0,1600.0,Water Drop Notch,12.0,63.0,Other,helio,Budget,1-4 GB,32-256 GB,3000-5000 mAh,0-50W,v10-v16,6-9 inches,5-14 mp,1-8 mp,2-3 GHz,640-1080 Width,1480-2160 Height,60-70 rating
Sony,82199,Android,Snapdragon_8 Gen1,8.0,256.0,5000.0,Yes,6.1,120.0,12.0,3.0,12.0,1.0,Yes,30,Yes,Yes,No,Yes,No,8.0,2.4,1080.0,2520.0,No Notch,12.0,89.0,Other,snapdragon,Flagship,4-8 GB,32-256 GB,3000-5000 mAh,0-50W,v10-v16,6-9 inches,5-14 mp,8-16 mp,2-3 GHz,640-1080 Width,2160-3840 Height,80-90 rating
Samsung,1850,Android,Other_800,6.0,128.0,5000.0,No,6.58,90.0,50.0,3.0,16.0,1.0,Yes,0,No,No,No,No,No,8.0,2.4,1080.0,2400.0,Unknown,12.0,80.0,Samsung,Other,Budget,4-8 GB,32-256 GB,3000-5000 mAh,0-50W,v10-v16,6-9 inches,40-60 mp,8-16 mp,2-3 GHz,640-1080 Width,2160-3840 Height,70-80 rating
Nubia,49990,Android,Snapdragon_8 Gen1,8.0,128.0,5000.0,Yes,6.67,144.0,64.0,3.0,16.0,1.0,Yes,80,Yes,Yes,No,Yes,No,8.0,2.4,1080.0,2400.0,Punch Hole,12.0,84.0,Other,snapdragon,Premium,4-8 GB,32-256 GB,3000-5000 mAh,50-80W,v10-v16,6-9 inches,60-200 mp,8-16 mp,2-3 GHz,640-1080 Width,2160-3840 Height,80-90 rating
Nokia,11999,Android,Unisoc_606,4.0,64.0,5050.0,Yes,6.5,90.0,50.0,3.0,8.0,1.0,Yes,18,Yes,No,No,No,No,8.0,1.6,720.0,1600.0,Water Drop Notch,11.0,71.0,Other,unisoc,Mid-Range,1-4 GB,32-256 GB,5000-10000 mAh,0-50W,v10-v16,6-9 inches,40-60 mp,1-8 mp,0-2 GHz,640-1080 Width,1480-2160 Height,70-80 rating
Xiaomi,29990,Android,Snapdragon_778,6.0,128.0,4300.0,Yes,6.55,120.0,108.0,3.0,32.0,1.0,No,67,Yes,Yes,No,Yes,No,8.0,2.4,1080.0,2400.0,Punch Hole,12.0,82.0,Xiaomi,snapdragon,Premium,4-8 GB,32-256 GB,3000-5000 mAh,50-80W,v10-v16,6-9 inches,60-200 mp,16-40 mp,2-3 GHz,640-1080 Width,2160-3840 Height,80-90 rating
OPPO,92249,Android,Snapdragon_888,8.0,256.0,4500.0,Yes,7.1,120.0,50.0,1.0,16.0,1.0,Yes,33,Yes,Yes,No,Yes,No,8.0,2.84,1792.0,1920.0,Punch Hole,11.0,80.0,OPPO,snapdragon,Flagship,4-8 GB,32-256 GB,3000-5000 mAh,0-50W,v10-v16,6-9 inches,40-60 mp,8-16 mp,2-3 GHz,1440-2460 Width,1480-2160 Height,70-80 rating
Apple,139900,iOS,Bionic_15,6.0,256.0,4352.0,Yes,6.7,120.0,12.0,3.0,12.0,1.0,No,0,Yes,Yes,No,Yes,No,6.0,3.22,1284.0,2778.0,Small Notch,15.0,84.0,Apple,bionic,Luxury,4-8 GB,32-256 GB,3000-5000 mAh,0-50W,v10-v16,6-9 inches,5-14 mp,8-16 mp,3-4 GHz,1080-1440 Width,2160-3840 Height,80-90 rating
Vivo,14990,Android,Helio_80,4.0,128.0,5000.0,Yes,6.51,60.0,50.0,3.0,8.0,1.0,Yes,18,Yes,No,No,No,No,8.0,2.4,720.0,1600.0,Water Drop Notch,11.0,74.0,Vivo,helio,Mid-Range,1-4 GB,32-256 GB,3000-5000 mAh,0-50W,v10-v16,6-9 inches,40-60 mp,1-8 mp,2-3 GHz,640-1080 Width,1480-2160 Height,70-80 rating
OPPO,15988,Android,Snapdragon_662,6.0,128.0,5000.0,Yes,6.43,60.0,48.0,3.0,16.0,1.0,Yes,33,Yes,No,No,No,No,8.0,2.4,1080.0,2400.0,Punch Hole,11.0,79.0,OPPO,snapdragon,Mid-Range,4-8 GB,32-256 GB,3000-5000 mAh,0-50W,v10-v16,6-9 inches,40-60 mp,8-16 mp,2-3 GHz,640-1080 Width,2160-3840 Height,70-80 rating
Samsung,11725,Android,Exynos_9611,4.0,64.0,6000.0,Yes,6.4,60.0,48.0,3.0,20.0,1.0,Yes,15,Yes,No,No,No,No,8.0,2.3,1080.0,2340.0,Water Drop Notch,11.0,76.0,Samsung,exynos,Mid-Range,1-4 GB,32-256 GB,5000-10000 mAh,0-50W,v10-v16,6-9 inches,40-60 mp,16-40 mp,2-3 GHz,640-1080 Width,2160-3840 Height,70-80 rating
OPPO,17994,Android,Helio_95,8.0,128.0,4310.0,Yes,6.43,60.0,48.0,1.0,16.0,1.0,Yes,30,Yes,No,No,No,No,8.0,2.2,1080.0,2400.0,Punch Hole,11.0,80.0,OPPO,helio,Mid-Range,4-8 GB,32-256 GB,3000-5000 mAh,0-50W,v10-v16,6-9 inches,40-60 mp,8-16 mp,2-3 GHz,640-1080 Width,2160-3840 Height,70-80 rating
OPPO,134999,Android,Snapdragon_865,8.0,256.0,4000.0,No,7.4,60.0,50.0,1.0,16.0,1.0,Yes,45,Yes,No,No,No,No,8.0,2.84,1440.0,3200.0,No Notch,11.0,86.0,OPPO,snapdragon,Luxury,4-8 GB,32-256 GB,3000-5000 mAh,0-50W,v10-v16,6-9 inches,40-60 mp,8-16 mp,2-3 GHz,1080-1440 Width,2160-3840 Height,80-90 rating
OnePlus,25595,Android,Snapdragon_690,6.0,128.0,4300.0,Yes,6.49,90.0,64.0,1.0,16.0,1.0,Yes,30,Yes,Yes,No,Yes,No,8.0,2.4,1080.0,2400.0,Punch Hole,10.0,81.0,Other,snapdragon,Premium,4-8 GB,32-256 GB,3000-5000 mAh,0-50W,v5-v10,6-9 inches,60-200 mp,8-16 mp,2-3 GHz,640-1080 Width,2160-3840 Height,80-90 rating
Gionee,7499,Android,Helio_60,6.0,128.0,4000.0,Yes,6.2,60.0,16.0,1.0,13.0,1.0,Yes,0,Yes,No,No,No,No,8.0,1.99,720.0,1520.0,Water Drop Notch,10.0,67.0,Other,helio,Budget,4-8 GB,32-256 GB,3000-5000 mAh,0-50W,v5-v10,6-9 inches,14-40 mp,8-16 mp,0-2 GHz,640-1080 Width,1480-2160 Height,60-70 rating
POCO,10890,Android,Helio_80,6.0,64.0,5000.0,Yes,6.53,60.0,13.0,1.0,8.0,1.0,Yes,18,Yes,No,No,No,Yes,8.0,2.4,1080.0,2340.0,Water Drop Notch,10.0,74.0,Other,helio,Mid-Range,4-8 GB,32-256 GB,3000-5000 mAh,0-50W,v5-v10,6-9 inches,5-14 mp,1-8 mp,2-3 GHz,640-1080 Width,2160-3840 Height,70-80 rating
OPPO,18990,Android,Helio_95,8.0,128.0,4015.0,Yes,6.43,60.0,48.0,1.0,16.0,2.0,Yes,30,Yes,No,No,No,No,8.0,2.2,1080.0,2400.0,Dual Punch Hole,10.0,83.0,OPPO,helio,Mid-Range,4-8 GB,32-256 GB,3000-5000 mAh,0-50W,v5-v10,6-9 inches,40-60 mp,8-16 mp,2-3 GHz,640-1080 Width,2160-3840 Height,80-90 rating
Motorola,19990,Android,Snapdragon_750,6.0,128.0,5000.0,Yes,6.67,60.0,48.0,3.0,16.0,1.0,Yes,20,Yes,Yes,No,Yes,No,8.0,2.2,1080.0,2400.0,Punch Hole,10.0,82.0,Other,snapdragon,Mid-Range,4-8 GB,32-256 GB,3000-5000 mAh,0-50W,v5-v10,6-9 inches,40-60 mp,8-16 mp,2-3 GHz,640-1080 Width,2160-3840 Height,80-90 rating
Samsung,15990,Android,Exynos_9611,4.0,128.0,4000.0,Yes,6.4,60.0,48.0,3.0,32.0,1.0,Yes,15,Yes,No,No,Yes,No,8.0,2.3,1080.0,2340.0,Water Drop Notch,9.0,80.0,Samsung,exynos,Mid-Range,1-4 GB,32-256 GB,3000-5000 mAh,0-50W,v5-v10,6-9 inches,40-60 mp,16-40 mp,2-3 GHz,640-1080 Width,2160-3840 Height,70-80 rating
Samsung,58999,Android,Exynos_9825,12.0,256.0,4300.0,Yes,6.8,60.0,12.0,1.0,10.0,1.0,Yes,45,Yes,No,No,Yes,No,8.0,2.73,1440.0,3040.0,Punch Hole,9.0,89.0,Samsung,exynos,Flagship,8-18 GB,32-256 GB,3000-5000 mAh,0-50W,v5-v10,6-9 inches,5-14 mp,8-16 mp,2-3 GHz,1080-1440 Width,2160-3840 Height,80-90 rating
Vivo,12500,Android,Helio_22,4.0,64.0,5000.0,Yes,6.35,60.0,13.0,3.0,16.0,1.0,Yes,0,Yes,No,No,No,No,8.0,2.4,720.0,1544.0,Water Drop Notch,9.0,71.0,Vivo,helio,Mid-Range,1-4 GB,32-256 GB,3000-5000 mAh,0-50W,v5-v10,6-9 inches,5-14 mp,8-16 mp,2-3 GHz,640-1080 Width,1480-2160 Height,70-80 rating
Vivo,29999,Android,Snapdragon_665,8.0,128.0,4500.0,Yes,6.38,60.0,48.0,1.0,32.0,1.0,Yes,18,Yes,No,No,No,No,8.0,2.4,1080.0,2340.0,Water Drop Notch,9.0,82.0,Vivo,snapdragon,Premium,4-8 GB,32-256 GB,3000-5000 mAh,0-50W,v5-v10,6-9 inches,40-60 mp,16-40 mp,2-3 GHz,640-1080 Width,2160-3840 Height,80-90 rating
Vivo,31990,Android,Snapdragon_782,8.0,256.0,4700.0,Yes,6.67,120.0,64.0,3.0,32.0,1.0,Yes,80,Yes,Yes,Yes,No,No,8.0,2.7,1080.0,2408.0,Water Drop Notch,13.0,86.0,Vivo,snapdragon,Premium,4-8 GB,32-256 GB,3000-5000 mAh,50-80W,v10-v16,6-9 inches,60-200 mp,16-40 mp,2-3 GHz,640-1080 Width,2160-3840 Height,80-90 rating
Vivo,29999,Android,Dimensity_800,8.0,128.0,4000.0,Yes,6.44,90.0,64.0,3.0,44.0,1.0,Yes,33,Yes,Yes,No,Yes,No,8.0,2.4,1080.0,2400.0,Water Drop Notch,12.0,86.0,Vivo,dimensity,Premium,4-8 GB,32-256 GB,3000-5000 mAh,0-50W,v10-v16,6-9 inches,60-200 mp,40-60 mp,2-3 GHz,640-1080 Width,2160-3840 Height,80-90 rating
Asus,107990,Android,Dimensity_9000,16.0,512.0,6000.0,Yes,6.78,165.0,50.0,1.0,16.0,1.0,Yes,65,Yes,Yes,No,Yes,No,8.0,3.2,1080.0,2448.0,No Notch,12.0,80.0,Other,dimensity,Luxury,8-18 GB,256-1024 GB,5000-10000 mAh,50-80W,v10-v16,6-9 inches,40-60 mp,8-16 mp,3-4 GHz,640-1080 Width,2160-3840 Height,70-80 rating
Motorola,31990,Android,Snapdragon_695,8.0,128.0,4020.0,Yes,6.28,120.0,64.0,2.0,32.0,1.0,Yes,68,Yes,Yes,No,Yes,No,8.0,2.2,1080.0,2400.0,Punch Hole,12.0,84.0,Other,snapdragon,Premium,4-8 GB,32-256 GB,3000-5000 mAh,50-80W,v10-v16,6-9 inches,60-200 mp,16-40 mp,2-3 GHz,640-1080 Width,2160-3840 Height,80-90 rating
Xiaomi,48990,Android,Dimensity_8100,8.0,128.0,5000.0,Yes,6.67,120.0,108.0,3.0,20.0,1.0,Yes,120,Yes,Yes,No,Yes,Yes,8.0,2.85,1220.0,2712.0,Punch Hole,12.0,87.0,Xiaomi,dimensity,Premium,4-8 GB,32-256 GB,3000-5000 mAh,80-240W,v10-v16,6-9 inches,60-200 mp,16-40 mp,2-3 GHz,1080-1440 Width,2160-3840 Height,80-90 rating
Huawei,99990,HarmonyOS,Kirin_9000,8.0,256.0,4500.0,Yes,6.76,120.0,64.0,3.0,13.0,1.0,No,66,Yes,Yes,No,Yes,No,8.0,3.13,1440.0,3200.0,Small Notch,4.0,85.0,Other,kirin,Flagship,4-8 GB,32-256 GB,3000-5000 mAh,50-80W,v1-v5,6-9 inches,60-200 mp,8-16 mp,3-4 GHz,1080-1440 Width,2160-3840 Height,80-90 rating
Realme,9499,Android,Other_612,4.0,64.0,5000.0,Yes,6.52,60.0,13.0,3.0,5.0,1.0,Yes,0,Yes,No,No,No,No,8.0,1.82,720.0,1600.0,Water Drop Notch,12.0,65.0,Realme,Other,Budget,1-4 GB,32-256 GB,3000-5000 mAh,0-50W,v10-v16,6-9 inches,5-14 mp,1-8 mp,0-2 GHz,640-1080 Width,1480-2160 Height,60-70 rating
Huawei,162990,Android,Snapdragon_888,8.0,512.0,4600.0,Yes,7.8,120.0,50.0,1.0,16.0,1.0,Yes,66,Yes,No,No,Yes,Yes,8.0,2.84,2200.0,2480.0,Punch Hole,12.0,89.0,Other,snapdragon,Luxury,4-8 GB,256-1024 GB,3000-5000 mAh,50-80W,v10-v16,6-9 inches,40-60 mp,8-16 mp,2-3 GHz,1440-2460 Width,2160-3840 Height,80-90 rating
iQOO,24999,Android,Snapdragon_7 Gen1,6.0,128.0,5000.0,Yes,6.62,144.0,50.0,3.0,16.0,1.0,Yes,67,Yes,Yes,No,No,No,8.0,2.36,1080.0,2412.0,Water Drop Notch,12.0,80.0,Other,snapdragon,Mid-Range,4-8 GB,32-256 GB,3000-5000 mAh,50-80W,v10-v16,6-9 inches,40-60 mp,8-16 mp,2-3 GHz,640-1080 Width,2160-3840 Height,70-80 rating
Apple,82990,iOS,Bionic_16,6.0,128.0,3285.0,Yes,6.06,60.0,50.0,2.0,13.0,1.0,No,0,Yes,No,No,Yes,No,8.0,2.4,1170.0,2532.0,Punch Hole,15.0,72.0,Apple,bionic,Flagship,4-8 GB,32-256 GB,3000-5000 mAh,0-50W,v10-v16,6-9 inches,40-60 mp,8-16 mp,2-3 GHz,1080-1440 Width,2160-3840 Height,70-80 rating
Infinix,15999,Android,Helio_96,8.0,128.0,5000.0,Yes,6.95,120.0,50.0,3.0,16.0,1.0,Yes,33,Yes,No,No,No,No,8.0,2.05,1080.0,2460.0,Punch Hole,11.0,79.0,Other,helio,Mid-Range,4-8 GB,32-256 GB,3000-5000 mAh,0-50W,v10-v16,6-9 inches,40-60 mp,8-16 mp,2-3 GHz,640-1080 Width,2160-3840 Height,70-80 rating
Tecno,8999,Android,Helio_25,4.0,64.0,5000.0,Yes,6.52,60.0,16.0,2.0,8.0,1.0,Yes,0,Yes,No,No,No,No,8.0,1.8,720.0,1600.0,Water Drop Notch,11.0,64.0,Other,helio,Budget,1-4 GB,32-256 GB,3000-5000 mAh,0-50W,v10-v16,6-9 inches,14-40 mp,1-8 mp,0-2 GHz,640-1080 Width,1480-2160 Height,60-70 rating
OPPO,17990,Android,Dimensity_700,6.0,128.0,5000.0,Yes,6.5,60.0,13.0,2.0,8.0,1.0,Yes,0,Yes,Yes,No,No,No,8.0,2.2,720.0,1600.0,Water Drop Notch,11.0,73.0,OPPO,dimensity,Mid-Range,4-8 GB,32-256 GB,3000-5000 mAh,0-50W,v10-v16,6-9 inches,5-14 mp,1-8 mp,2-3 GHz,640-1080 Width,1480-2160 Height,70-80 rating
Vivo,82990,Android,Snapdragon_8,12.0,256.0,4500.0,Yes,6.78,120.0,50.0,1.0,32.0,1.0,Yes,120,Yes,Yes,No,Yes,No,8.0,3.2,1440.0,3200.0,Punch Hole,12.0,80.0,Vivo,snapdragon,Flagship,8-18 GB,32-256 GB,3000-5000 mAh,80-240W,v10-v16,6-9 inches,40-60 mp,16-40 mp,3-4 GHz,1080-1440 Width,2160-3840 Height,70-80 rating
Xiaomi,12999,Android,Helio_88,6.0,128.0,6000.0,Yes,6.5,90.0,50.0,1.0,8.0,1.0,Yes,18,Yes,No,No,No,Yes,8.0,2.4,1080.0,2400.0,Punch Hole,11.0,77.0,Xiaomi,helio,Mid-Range,4-8 GB,32-256 GB,5000-10000 mAh,0-50W,v10-v16,6-9 inches,40-60 mp,1-8 mp,2-3 GHz,640-1080 Width,2160-3840 Height,70-80 rating
Huawei,29990,Android,Snapdragon_778,8.0,128.0,4300.0,Yes,6.57,120.0,50.0,1.0,32.0,1.0,Yes,66,Yes,No,No,Yes,No,8.0,2.4,1080.0,2340.0,Punch Hole,12.0,83.0,Other,snapdragon,Premium,4-8 GB,32-256 GB,3000-5000 mAh,50-80W,v10-v16,6-9 inches,40-60 mp,16-40 mp,2-3 GHz,640-1080 Width,2160-3840 Height,80-90 rating
Tecno,6999,Android,Other_7731,1.0,16.0,4000.0,Yes,6.1,60.0,5.0,2.0,5.0,1.0,Yes,0,No,No,No,No,No,4.0,1.3,720.0,1520.0,Water Drop Notch,11.0,80.0,Other,Other,Budget,0-1 GB,1-32 GB,3000-5000 mAh,0-50W,v10-v16,6-9 inches,2-5 mp,1-8 mp,0-2 GHz,640-1080 Width,1480-2160 Height,70-80 rating
Huawei,60999,HarmonyOS,Snapdragon_888,8.0,256.0,4360.0,Yes,6.6,120.0,50.0,1.0,13.0,1.0,Yes,66,Yes,No,No,Yes,Yes,8.0,2.84,1288.0,2700.0,Punch Hole,2.0,80.0,Other,snapdragon,Flagship,4-8 GB,32-256 GB,3000-5000 mAh,50-80W,v1-v5,6-9 inches,40-60 mp,8-16 mp,2-3 GHz,1080-1440 Width,2160-3840 Height,70-80 rating
Xiaomi,27990,Android,Dimensity_8100,8.0,128.0,5500.0,Yes,6.67,120.0,48.0,3.0,20.0,1.0,Yes,67,Yes,Yes,No,Yes,Yes,8.0,2.85,1440.0,3200.0,Punch Hole,12.0,83.0,Xiaomi,dimensity,Premium,4-8 GB,32-256 GB,5000-10000 mAh,50-80W,v10-v16,6-9 inches,40-60 mp,16-40 mp,2-3 GHz,1080-1440 Width,2160-3840 Height,80-90 rating
Nokia,5249,Android,Unisoc_9863,2.0,16.0,3000.0,Yes,5.45,60.0,5.0,1.0,5.0,1.0,Yes,0,Yes,No,No,No,No,8.0,1.6,720.0,1440.0,No Notch,11.0,80.0,Other,unisoc,Budget,1-4 GB,1-32 GB,800-3000 mAh,0-50W,v10-v16,4-6 inches,2-5 mp,1-8 mp,0-2 GHz,640-1080 Width,640-1480 Height,70-80 rating
Realme,14999,Android,Snapdragon_750,6.0,128.0,5000.0,Yes,6.5,120.0,48.0,3.0,16.0,1.0,Yes,30,Yes,Yes,No,No,No,8.0,2.2,1080.0,2400.0,Punch Hole,11.0,80.0,Realme,snapdragon,Mid-Range,4-8 GB,32-256 GB,3000-5000 mAh,0-50W,v10-v16,6-9 inches,40-60 mp,8-16 mp,2-3 GHz,640-1080 Width,2160-3840 Height,70-80 rating
OPPO,44990,Android,Snapdragon_870,8.0,128.0,4500.0,Yes,6.55,90.0,50.0,1.0,32.0,1.0,Yes,65,Yes,Yes,No,Yes,No,8.0,3.2,1080.0,2400.0,Punch Hole,12.0,87.0,OPPO,snapdragon,Premium,4-8 GB,32-256 GB,3000-5000 mAh,50-80W,v10-v16,6-9 inches,40-60 mp,16-40 mp,3-4 GHz,640-1080 Width,2160-3840 Height,80-90 rating
Motorola Edge,22490,Android,Snapdragon_870,6.0,128.0,5000.0,Yes,6.7,90.0,64.0,1.0,16.0,2.0,Yes,20,Yes,Yes,No,Yes,No,8.0,3.2,1080.0,2520.0,Punch Hole,11.0,87.0,Other,snapdragon,Mid-Range,4-8 GB,32-256 GB,3000-5000 mAh,0-50W,v10-v16,6-9 inches,60-200 mp,8-16 mp,3-4 GHz,640-1080 Width,2160-3840 Height,80-90 rating
OPPO,50990,Android,Snapdragon_888,12.0,256.0,4500.0,Yes,6.7,120.0,50.0,1.0,32.0,1.0,Yes,65,Yes,Yes,No,Yes,No,8.0,2.84,1440.0,3216.0,Punch Hole,12.0,80.0,OPPO,snapdragon,Flagship,8-18 GB,32-256 GB,3000-5000 mAh,50-80W,v10-v16,6-9 inches,40-60 mp,16-40 mp,2-3 GHz,1080-1440 Width,2160-3840 Height,70-80 rating
POCO,11499,Android,Snapdragon_662,6.0,64.0,6000.0,Yes,6.53,60.0,48.0,3.0,8.0,1.0,Yes,18,Yes,No,No,No,Yes,8.0,2.4,1080.0,2340.0,Water Drop Notch,10.0,75.0,Other,snapdragon,Mid-Range,4-8 GB,32-256 GB,5000-10000 mAh,0-50W,v5-v10,6-9 inches,40-60 mp,1-8 mp,2-3 GHz,640-1080 Width,2160-3840 Height,70-80 rating
itel,5990,Android,Unisoc_7731,1.0,16.0,4000.0,Yes,6.5,60.0,8.0,3.0,8.0,1.0,Yes,0,Yes,No,No,No,No,4.0,1.3,1600.0,720.0,Water Drop Notch,10.0,80.0,Other,unisoc,Budget,0-1 GB,1-32 GB,3000-5000 mAh,0-50W,v5-v10,6-9 inches,5-14 mp,1-8 mp,0-2 GHz,1440-2460 Width,640-1480 Height,70-80 rating
Vivo,27000,Android,Snapdragon_765,8.0,128.0,4000.0,Yes,6.44,60.0,64.0,3.0,44.0,2.0,Yes,33,Yes,Yes,No,No,No,8.0,2.4,1080.0,2400.0,Small Notch,12.0,84.0,Vivo,snapdragon,Premium,4-8 GB,32-256 GB,3000-5000 mAh,0-50W,v10-v16,6-9 inches,60-200 mp,40-60 mp,2-3 GHz,640-1080 Width,2160-3840 Height,80-90 rating
Xiaomi,29999,Android,Snapdragon_865,8.0,128.0,5000.0,Yes,6.67,144.0,108.0,3.0,20.0,1.0,Yes,33,Yes,Yes,No,Yes,Yes,8.0,2.84,1080.0,2400.0,Punch Hole,12.0,86.0,Xiaomi,snapdragon,Premium,4-8 GB,32-256 GB,3000-5000 mAh,0-50W,v10-v16,6-9 inches,60-200 mp,16-40 mp,2-3 GHz,640-1080 Width,2160-3840 Height,80-90 rating
Vivo,27990,Android,Snapdragon_712,8.0,256.0,4500.0,Yes,6.44,60.0,48.0,1.0,32.0,2.0,Yes,33,Yes,No,No,No,No,8.0,2.3,1080.0,2400.0,Dual Punch Hole,10.0,84.0,Vivo,snapdragon,Premium,4-8 GB,32-256 GB,3000-5000 mAh,0-50W,v5-v10,6-9 inches,40-60 mp,16-40 mp,2-3 GHz,640-1080 Width,2160-3840 Height,80-90 rating
Nokia,3290,Android,Other_2000,6.0,128.0,5000.0,Yes,6.58,90.0,50.0,1.0,16.0,1.0,Yes,0,Yes,No,No,No,No,8.0,2.4,1080.0,2400.0,Unknown,12.0,80.0,Other,Other,Budget,4-8 GB,32-256 GB,3000-5000 mAh,0-50W,v10-v16,6-9 inches,40-60 mp,8-16 mp,2-3 GHz,640-1080 Width,2160-3840 Height,70-80 rating
Samsung,74999,Android,Exynos_990,8.0,128.0,4000.0,Yes,6.2,60.0,64.0,3.0,10.0,1.0,Yes,25,Yes,Yes,No,Yes,No,8.0,2.73,1440.0,3200.0,Punch Hole,10.0,89.0,Samsung,exynos,Flagship,4-8 GB,32-256 GB,3000-5000 mAh,0-50W,v5-v10,6-9 inches,60-200 mp,8-16 mp,2-3 GHz,1080-1440 Width,2160-3840 Height,80-90 rating
Vivo,9990,Android,Snapdragon_675,4.0,64.0,5000.0,Yes,6.53,60.0,16.0,3.0,16.0,1.0,Yes,18,Yes,No,No,No,No,8.0,2.4,1080.0,2340.0,Water Drop Notch,9.0,72.0,Vivo,snapdragon,Budget,1-4 GB,32-256 GB,3000-5000 mAh,0-50W,v5-v10,6-9 inches,14-40 mp,8-16 mp,2-3 GHz,640-1080 Width,2160-3840 Height,70-80 rating
OPPO,19990,Android,Snapdragon_730,8.0,128.0,4000.0,Yes,6.4,60.0,64.0,1.0,32.0,1.0,Yes,30,Yes,No,No,No,No,8.0,2.2,1080.0,2340.0,Water Drop Notch,9.0,82.0,OPPO,snapdragon,Mid-Range,4-8 GB,32-256 GB,3000-5000 mAh,0-50W,v5-v10,6-9 inches,60-200 mp,16-40 mp,2-3 GHz,640-1080 Width,2160-3840 Height,80-90 rating
Realme,13279,Android,Snapdragon_712,4.0,64.0,4000.0,Yes,6.4,60.0,64.0,1.0,16.0,1.0,Yes,20,Yes,No,No,No,No,8.0,2.3,1080.0,2340.0,Water Drop Notch,9.0,75.0,Realme,snapdragon,Mid-Range,1-4 GB,32-256 GB,3000-5000 mAh,0-50W,v5-v10,6-9 inches,60-200 mp,8-16 mp,2-3 GHz,640-1080 Width,2160-3840 Height,70-80 rating
Vivo,11000,Android,Helio_22,3.0,64.0,5000.0,Yes,6.35,60.0,13.0,3.0,8.0,1.0,Yes,0,Yes,No,No,No,No,8.0,2.4,720.0,1544.0,Water Drop Notch,9.0,68.0,Vivo,helio,Mid-Range,1-4 GB,32-256 GB,3000-5000 mAh,0-50W,v5-v10,6-9 inches,5-14 mp,1-8 mp,2-3 GHz,640-1080 Width,1480-2160 Height,60-70 rating
Apple,18900,iOS,Other_32,6.0,128.0,5000.0,No,6.58,90.0,50.0,1.0,16.0,1.0,Yes,0,No,No,No,No,No,8.0,2.4,1080.0,2400.0,Unknown,12.0,80.0,Apple,bionic,Mid-Range,4-8 GB,32-256 GB,3000-5000 mAh,0-50W,v10-v16,6-9 inches,40-60 mp,8-16 mp,2-3 GHz,640-1080 Width,2160-3840 Height,70-80 rating
Xiaomi,12999,Android,Snapdragon_845,6.0,128.0,4000.0,Yes,6.18,60.0,12.0,2.0,20.0,1.0,Yes,0,Yes,No,No,No,No,8.0,2.8,1080.0,2246.0,Large Notch,8.1,78.0,Xiaomi,snapdragon,Mid-Range,4-8 GB,32-256 GB,3000-5000 mAh,0-50W,v5-v10,6-9 inches,5-14 mp,16-40 mp,2-3 GHz,640-1080 Width,2160-3840 Height,70-80 rating
POCO,7299,Android,Helio_22,3.0,32.0,5000.0,Yes,6.52,60.0,8.0,1.0,5.0,1.0,Yes,10,Yes,No,No,No,No,4.0,2.4,720.0,1600.0,Water Drop Notch,12.0,61.0,Other,helio,Budget,1-4 GB,1-32 GB,3000-5000 mAh,0-50W,v10-v16,6-9 inches,5-14 mp,1-8 mp,2-3 GHz,640-1080 Width,1480-2160 Height,60-70 rating
Karbonn,995,Android,Other_52,6.0,128.0,5000.0,Yes,6.58,90.0,50.0,1.0,16.0,1.0,Yes,0,No,No,No,No,No,8.0,2.4,1080.0,2400.0,Unknown,12.0,80.0,Other,Other,Budget,4-8 GB,32-256 GB,3000-5000 mAh,0-50W,v10-v16,6-9 inches,40-60 mp,8-16 mp,2-3 GHz,640-1080 Width,2160-3840 Height,70-80 rating
iKall,7999,Android,Other_1,4.0,32.0,5000.0,Yes,6.5,60.0,20.0,1.0,13.0,1.0,Yes,0,Yes,No,No,No,No,4.0,1.6,720.0,1600.0,Water Drop Notch,11.0,61.0,Other,Other,Budget,1-4 GB,1-32 GB,3000-5000 mAh,0-50W,v10-v16,6-9 inches,14-40 mp,8-16 mp,0-2 GHz,640-1080 Width,1480-2160 Height,60-70 rating
Xiaomi,54990,Android,Snapdragon_8 Gen2,8.0,128.0,5000.0,Yes,6.73,120.0,50.0,3.0,20.0,1.0,Yes,67,Yes,Yes,No,Yes,Yes,8.0,3.2,1440.0,3200.0,Punch Hole,12.0,86.0,Xiaomi,snapdragon,Flagship,4-8 GB,32-256 GB,3000-5000 mAh,50-80W,v10-v16,6-9 inches,40-60 mp,16-40 mp,3-4 GHz,1080-1440 Width,2160-3840 Height,80-90 rating
Vivo,49990,Android,Dimensity_9200,12.0,256.0,5000.0,Yes,6.67,120.0,50.0,3.0,32.0,1.0,Yes,120,Yes,Yes,No,Yes,No,8.0,2.4,1080.0,2400.0,Punch Hole,12.0,77.0,Vivo,dimensity,Premium,8-18 GB,32-256 GB,3000-5000 mAh,80-240W,v10-v16,6-9 inches,40-60 mp,16-40 mp,2-3 GHz,640-1080 Width,2160-3840 Height,70-80 rating
Honor,54990,Android,Snapdragon_8 Gen1,12.0,256.0,4500.0,Yes,6.78,120.0,200.0,3.0,50.0,1.0,Yes,100,Yes,Yes,No,Yes,No,8.0,2.4,1200.0,2652.0,Punch Hole,12.0,80.0,Other,snapdragon,Flagship,8-18 GB,32-256 GB,3000-5000 mAh,80-240W,v10-v16,6-9 inches,60-200 mp,40-60 mp,2-3 GHz,1080-1440 Width,2160-3840 Height,70-80 rating
Apple,49990,iOS,Bionic_15,6.0,64.0,5000.0,Yes,6.58,90.0,50.0,1.0,16.0,1.0,Yes,0,Yes,Yes,No,Yes,No,6.0,3.22,1080.0,2400.0,Unknown,12.0,60.0,Apple,bionic,Premium,4-8 GB,32-256 GB,3000-5000 mAh,0-50W,v10-v16,6-9 inches,40-60 mp,8-16 mp,3-4 GHz,640-1080 Width,2160-3840 Height,60-70 rating
Tecno,15499,Android,Dimensity_810,4.0,128.0,6000.0,Yes,6.8,120.0,50.0,1.0,8.0,1.0,Yes,18,Yes,No,No,No,No,8.0,2.4,1080.0,2400.0,Punch Hole,12.0,71.0,Other,dimensity,Mid-Range,1-4 GB,32-256 GB,5000-10000 mAh,0-50W,v10-v16,6-9 inches,40-60 mp,1-8 mp,2-3 GHz,640-1080 Width,2160-3840 Height,70-80 rating
Apple,169900,iOS,Bionic_16,6.0,512.0,4323.0,Yes,6.7,120.0,48.0,3.0,12.0,1.0,No,0,Yes,Yes,No,Yes,No,6.0,2.4,1290.0,2796.0,No Notch,16.0,78.0,Apple,bionic,Luxury,4-8 GB,256-1024 GB,3000-5000 mAh,0-50W,v10-v16,6-9 inches,40-60 mp,8-16 mp,2-3 GHz,1080-1440 Width,2160-3840 Height,70-80 rating
Google,53990,Android,Google Tensor_3,8.0,128.0,4830.0,Yes,6.6,120.0,50.0,2.0,1.0,1.0,Yes,67,Yes,Yes,No,Yes,No,8.0,2.4,1080.0,2400.0,Punch Hole,12.0,75.0,Other,google tensor,Flagship,4-8 GB,32-256 GB,3000-5000 mAh,50-80W,v10-v16,6-9 inches,40-60 mp,1-8 mp,2-3 GHz,640-1080 Width,2160-3840 Height,70-80 rating
Vivo,18990,Android,Dimensity_1300,8.0,128.0,6000.0,Yes,6.58,120.0,50.0,2.0,16.0,1.0,Yes,44,Yes,Yes,No,No,No,8.0,2.4,1080.0,2408.0,Water Drop Notch,12.0,80.0,Vivo,dimensity,Mid-Range,4-8 GB,32-256 GB,5000-10000 mAh,0-50W,v10-v16,6-9 inches,40-60 mp,8-16 mp,2-3 GHz,640-1080 Width,2160-3840 Height,70-80 rating
Motorola,16999,Android,Snapdragon_695,4.0,64.0,5000.0,Yes,6.6,90.0,50.0,3.0,16.0,1.0,Yes,33,Yes,Yes,No,Yes,No,8.0,2.2,2460.0,1080.0,Punch Hole,12.0,76.0,Other,snapdragon,Mid-Range,1-4 GB,32-256 GB,3000-5000 mAh,0-50W,v10-v16,6-9 inches,40-60 mp,8-16 mp,2-3 GHz,1440-2460 Width,640-1480 Height,70-80 rating
Motorola Edge,34999,Android,Snapdragon_7 Gen1,8.0,128.0,4200.0,Yes,6.5,144.0,50.0,3.0,32.0,1.0,Yes,67,Yes,Yes,No,Yes,No,8.0,2.36,1080.0,2412.0,No Notch,12.0,86.0,Other,snapdragon,Premium,4-8 GB,32-256 GB,3000-5000 mAh,50-80W,v10-v16,6-9 inches,40-60 mp,16-40 mp,2-3 GHz,640-1080 Width,2160-3840 Height,80-90 rating
Vivo,82990,Android,Snapdragon_8 Gen1,12.0,512.0,5000.0,Yes,7.0,120.0,50.0,1.0,16.0,1.0,Yes,80,Yes,Yes,No,Yes,Yes,8.0,2.4,1440.0,3080.0,Punch Hole,12.0,80.0,Vivo,snapdragon,Flagship,8-18 GB,256-1024 GB,3000-5000 mAh,50-80W,v10-v16,6-9 inches,40-60 mp,8-16 mp,2-3 GHz,1080-1440 Width,2160-3840 Height,70-80 rating
Realme,46999,Android,Snapdragon_8 Gen1,12.0,256.0,5000.0,Yes,6.7,120.0,50.0,3.0,32.0,1.0,Yes,65,Yes,Yes,No,Yes,No,8.0,2.4,1440.0,3216.0,Punch Hole,12.0,89.0,Realme,snapdragon,Premium,8-18 GB,32-256 GB,3000-5000 mAh,50-80W,v10-v16,6-9 inches,40-60 mp,16-40 mp,2-3 GHz,1080-1440 Width,2160-3840 Height,80-90 rating
Vivo,8499,Android,Helio_35,3.0,32.0,5000.0,Yes,6.51,60.0,13.0,2.0,8.0,1.0,Yes,0,Yes,No,No,No,No,8.0,2.3,720.0,1600.0,Water Drop Notch,12.0,66.0,Vivo,helio,Budget,1-4 GB,1-32 GB,3000-5000 mAh,0-50W,v10-v16,6-9 inches,5-14 mp,1-8 mp,2-3 GHz,640-1080 Width,1480-2160 Height,60-70 rating
Honor,16999,Android,Snapdragon_680,6.0,128.0,4000.0,Yes,6.7,90.0,64.0,1.0,16.0,1.0,Yes,5,Yes,No,No,No,No,8.0,2.4,1080.0,2388.0,Punch Hole,12.0,76.0,Other,snapdragon,Mid-Range,4-8 GB,32-256 GB,3000-5000 mAh,0-50W,v10-v16,6-9 inches,60-200 mp,8-16 mp,2-3 GHz,640-1080 Width,2160-3840 Height,70-80 rating
Samsung,11499,Android,Unisoc_606,4.0,64.0,5000.0,Yes,6.5,60.0,48.0,2.0,5.0,1.0,Yes,15,Yes,No,No,No,No,8.0,1.6,720.0,1560.0,Water Drop Notch,11.0,69.0,Samsung,unisoc,Mid-Range,1-4 GB,32-256 GB,3000-5000 mAh,0-50W,v10-v16,6-9 inches,40-60 mp,1-8 mp,0-2 GHz,640-1080 Width,1480-2160 Height,60-70 rating
Samsung,88999,Android,Snapdragon_8 Gen1,8.0,256.0,4500.0,Yes,6.6,120.0,50.0,3.0,10.0,1.0,Yes,45,Yes,Yes,No,Yes,No,8.0,2.4,1080.0,2340.0,Punch Hole,12.0,88.0,Samsung,snapdragon,Flagship,4-8 GB,32-256 GB,3000-5000 mAh,0-50W,v10-v16,6-9 inches,40-60 mp,8-16 mp,2-3 GHz,640-1080 Width,2160-3840 Height,80-90 rating
Vivo,15990,Android,Snapdragon_680,8.0,128.0,5000.0,Yes,6.58,90.0,50.0,3.0,16.0,1.0,Yes,18,Yes,No,No,No,No,8.0,2.4,1080.0,2408.0,Water Drop Notch,12.0,81.0,Vivo,snapdragon,Mid-Range,4-8 GB,32-256 GB,3000-5000 mAh,0-50W,v10-v16,6-9 inches,40-60 mp,8-16 mp,2-3 GHz,640-1080 Width,2160-3840 Height,80-90 rating
Xiaomi,24990,Android,Dimensity_920,8.0,128.0,5160.0,Yes,6.67,120.0,108.0,3.0,16.0,1.0,Yes,67,Yes,Yes,No,No,Yes,8.0,2.5,2400.0,1080.0,Punch Hole,11.0,83.0,Xiaomi,dimensity,Mid-Range,4-8 GB,32-256 GB,5000-10000 mAh,50-80W,v10-v16,6-9 inches,60-200 mp,8-16 mp,2-3 GHz,1440-2460 Width,640-1480 Height,80-90 rating
OPPO,79990,Android,Snapdragon_8 Gen1,8.0,256.0,5000.0,Yes,6.7,120.0,50.0,3.0,32.0,1.0,Yes,80,Yes,Yes,No,Yes,No,8.0,2.4,1440.0,3216.0,Punch Hole,12.0,80.0,OPPO,snapdragon,Flagship,4-8 GB,32-256 GB,3000-5000 mAh,50-80W,v10-v16,6-9 inches,40-60 mp,16-40 mp,2-3 GHz,1080-1440 Width,2160-3840 Height,70-80 rating
Tecno,6249,Android,Other_2,2.0,32.0,5000.0,Yes,6.51,60.0,13.0,2.0,8.0,1.0,Yes,0,Yes,No,No,No,No,8.0,2.2,720.0,1600.0,Water Drop Notch,11.0,61.0,Other,Other,Budget,1-4 GB,1-32 GB,3000-5000 mAh,0-50W,v10-v16,6-9 inches,5-14 mp,1-8 mp,2-3 GHz,640-1080 Width,1480-2160 Height,60-70 rating
Vivo,12499,Android,Snapdragon_680,3.0,64.0,5000.0,Yes,6.51,60.0,13.0,2.0,8.0,1.0,Yes,18,Yes,No,No,No,No,8.0,2.4,720.0,1600.0,Water Drop Notch,12.0,69.0,Vivo,snapdragon,Mid-Range,1-4 GB,32-256 GB,3000-5000 mAh,0-50W,v10-v16,6-9 inches,5-14 mp,1-8 mp,2-3 GHz,640-1080 Width,1480-2160 Height,60-70 rating
Xiaomi,6499,Android,Helio_25,2.0,32.0,5000.0,Yes,6.53,60.0,13.0,1.0,5.0,1.0,Yes,0,Yes,No,No,No,No,8.0,2.4,720.0,1600.0,Water Drop Notch,11.0,61.0,Xiaomi,helio,Budget,1-4 GB,1-32 GB,3000-5000 mAh,0-50W,v10-v16,6-9 inches,5-14 mp,1-8 mp,2-3 GHz,640-1080 Width,1480-2160 Height,60-70 rating
Apple,179900,iOS,Bionic_15,6.0,1024.0,4352.0,Yes,6.7,120.0,12.0,3.0,12.0,1.0,No,0,Yes,Yes,No,Yes,No,6.0,3.22,1284.0,2778.0,Small Notch,15.0,86.0,Apple,bionic,Luxury,4-8 GB,256-1024 GB,3000-5000 mAh,0-50W,v10-v16,6-9 inches,5-14 mp,8-16 mp,3-4 GHz,1080-1440 Width,2160-3840 Height,80-90 rating
Vivo,11990,Android,Snapdragon_439,3.0,64.0,5000.0,Yes,6.51,60.0,13.0,3.0,8.0,1.0,Yes,0,Yes,No,No,No,No,8.0,2.4,720.0,1600.0,Water Drop Notch,11.0,68.0,Vivo,snapdragon,Mid-Range,1-4 GB,32-256 GB,3000-5000 mAh,0-50W,v10-v16,6-9 inches,5-14 mp,1-8 mp,2-3 GHz,640-1080 Width,1480-2160 Height,60-70 rating
Vivo,26990,Android,Helio_96,8.0,128.0,4050.0,Yes,6.44,60.0,64.0,3.0,50.0,1.0,No,44,Yes,No,No,No,No,8.0,2.05,1080.0,2400.0,Water Drop Notch,11.0,82.0,Vivo,helio,Premium,4-8 GB,32-256 GB,3000-5000 mAh,0-50W,v10-v16,6-9 inches,60-200 mp,40-60 mp,2-3 GHz,640-1080 Width,2160-3840 Height,80-90 rating
Samsung,13499,Android,Helio_80,6.0,128.0,6000.0,Yes,6.4,90.0,48.0,1.0,13.0,1.0,Yes,0,Yes,No,No,No,No,8.0,2.4,720.0,1600.0,Water Drop Notch,11.0,76.0,Samsung,helio,Mid-Range,4-8 GB,32-256 GB,5000-10000 mAh,0-50W,v10-v16,6-9 inches,40-60 mp,8-16 mp,2-3 GHz,640-1080 Width,1480-2160 Height,70-80 rating
Xiaomi,75999,Android,Snapdragon_8,12.0,256.0,4800.0,Yes,6.73,120.0,50.0,3.0,20.0,1.0,Yes,67,Yes,Yes,No,Yes,Yes,8.0,3.2,1440.0,3200.0,Punch Hole,12.0,80.0,Xiaomi,snapdragon,Flagship,8-18 GB,32-256 GB,3000-5000 mAh,50-80W,v10-v16,6-9 inches,40-60 mp,16-40 mp,3-4 GHz,1080-1440 Width,2160-3840 Height,70-80 rating
Micromax,5999,Android,Other_610,3.0,32.0,5000.0,Yes,6.52,60.0,8.0,1.0,5.0,1.0,Yes,0,Yes,No,No,No,No,8.0,1.8,720.0,1600.0,Water Drop Notch,11.0,60.0,Other,Other,Budget,1-4 GB,1-32 GB,3000-5000 mAh,0-50W,v10-v16,6-9 inches,5-14 mp,1-8 mp,0-2 GHz,640-1080 Width,1480-2160 Height,60-70 rating
Samsung,8499,Android,Helio_35,3.0,32.0,5000.0,Yes,6.5,60.0,13.0,3.0,5.0,1.0,Yes,15,Yes,No,No,No,No,8.0,2.3,720.0,1600.0,Water Drop Notch,11.0,67.0,Samsung,helio,Budget,1-4 GB,1-32 GB,3000-5000 mAh,0-50W,v10-v16,6-9 inches,5-14 mp,1-8 mp,2-3 GHz,640-1080 Width,1480-2160 Height,60-70 rating
OPPO,11990,Android,Helio_35,4.0,128.0,5000.0,Yes,6.51,60.0,13.0,3.0,16.0,1.0,Yes,0,Yes,No,No,No,No,8.0,2.3,1600.0,720.0,Punch Hole,10.0,71.0,OPPO,helio,Mid-Range,1-4 GB,32-256 GB,3000-5000 mAh,0-50W,v5-v10,6-9 inches,5-14 mp,8-16 mp,2-3 GHz,1440-2460 Width,640-1480 Height,70-80 rating
Xiaomi,10990,Android,Dimensity_700,4.0,128.0,5000.0,Yes,6.43,90.0,48.0,1.0,13.0,1.0,Yes,18,Yes,Yes,No,No,Yes,8.0,2.2,1080.0,2340.0,Punch Hole,10.0,77.0,Xiaomi,dimensity,Mid-Range,1-4 GB,32-256 GB,3000-5000 mAh,0-50W,v5-v10,6-9 inches,40-60 mp,8-16 mp,2-3 GHz,640-1080 Width,2160-3840 Height,70-80 rating
Xiaomi,109990,Android,Snapdragon_888,12.0,256.0,5020.0,Yes,8.01,90.0,50.0,1.0,16.0,1.0,Yes,67,Yes,Yes,No,Yes,Yes,8.0,2.84,1860.0,2480.0,No Notch,10.0,80.0,Xiaomi,snapdragon,Luxury,8-18 GB,32-256 GB,5000-10000 mAh,50-80W,v5-v10,6-9 inches,40-60 mp,8-16 mp,2-3 GHz,1440-2460 Width,2160-3840 Height,70-80 rating
Realme Narzo,16999,Android,Dimensity_700,6.0,128.0,5000.0,Yes,6.5,90.0,48.0,3.0,16.0,1.0,Yes,18,Yes,Yes,No,Yes,No,8.0,2.2,1080.0,2400.0,Punch Hole,11.0,80.0,Other,dimensity,Mid-Range,4-8 GB,32-256 GB,3000-5000 mAh,0-50W,v10-v16,6-9 inches,40-60 mp,8-16 mp,2-3 GHz,640-1080 Width,2160-3840 Height,70-80 rating
OPPO,12199,Android,Helio_35,4.0,64.0,5000.0,Yes,6.51,60.0,13.0,3.0,16.0,1.0,Yes,0,Yes,No,No,No,No,8.0,2.3,1600.0,720.0,Punch Hole,10.0,70.0,OPPO,helio,Mid-Range,1-4 GB,32-256 GB,3000-5000 mAh,0-50W,v5-v10,6-9 inches,5-14 mp,8-16 mp,2-3 GHz,1440-2460 Width,640-1480 Height,60-70 rating
OPPO,11490,Android,Helio_35,4.0,128.0,4230.0,Yes,6.52,60.0,13.0,3.0,8.0,1.0,Yes,0,Yes,No,No,No,No,8.0,2.3,720.0,1600.0,Water Drop Notch,10.0,72.0,OPPO,helio,Mid-Range,1-4 GB,32-256 GB,3000-5000 mAh,0-50W,v5-v10,6-9 inches,5-14 mp,1-8 mp,2-3 GHz,640-1080 Width,1480-2160 Height,70-80 rating
itel,5490,Android,Other_1,1.0,16.0,4000.0,Yes,6.0,60.0,8.0,1.0,5.0,1.0,Yes,0,Yes,No,No,No,No,4.0,1.3,720.0,1600.0,No Notch,9.0,80.0,Other,Other,Budget,0-1 GB,1-32 GB,3000-5000 mAh,0-50W,v5-v10,4-6 inches,5-14 mp,1-8 mp,0-2 GHz,640-1080 Width,1480-2160 Height,70-80 rating
Xiaomi,11499,Android,Snapdragon_662,4.0,64.0,6000.0,Yes,6.53,60.0,48.0,1.0,8.0,1.0,Yes,18,Yes,No,No,No,Yes,8.0,2.4,1080.0,2340.0,Water Drop Notch,10.0,74.0,Xiaomi,snapdragon,Mid-Range,1-4 GB,32-256 GB,5000-10000 mAh,0-50W,v5-v10,6-9 inches,40-60 mp,1-8 mp,2-3 GHz,640-1080 Width,2160-3840 Height,70-80 rating
Samsung,59450,Android,Exynos_2100,8.0,128.0,4800.0,Yes,6.7,120.0,64.0,3.0,10.0,1.0,Yes,25,Yes,Yes,No,Yes,No,8.0,2.9,1080.0,2400.0,Punch Hole,12.0,88.0,Samsung,exynos,Flagship,4-8 GB,32-256 GB,3000-5000 mAh,0-50W,v10-v16,6-9 inches,60-200 mp,8-16 mp,2-3 GHz,640-1080 Width,2160-3840 Height,80-90 rating
POCO,12799,Android,Snapdragon_720,4.0,64.0,5000.0,Yes,6.67,60.0,48.0,1.0,16.0,1.0,Yes,33,Yes,No,No,No,Yes,8.0,2.3,1080.0,2400.0,Punch Hole,10.0,76.0,Other,snapdragon,Mid-Range,1-4 GB,32-256 GB,3000-5000 mAh,0-50W,v5-v10,6-9 inches,40-60 mp,8-16 mp,2-3 GHz,640-1080 Width,2160-3840 Height,70-80 rating
Samsung,83000,Android,Exynos_990,8.0,128.0,4500.0,Yes,6.7,120.0,64.0,1.0,10.0,1.0,Yes,25,Yes,No,No,Yes,No,8.0,2.73,1440.0,3200.0,Punch Hole,10.0,88.0,Samsung,exynos,Flagship,4-8 GB,32-256 GB,3000-5000 mAh,0-50W,v5-v10,6-9 inches,60-200 mp,8-16 mp,2-3 GHz,1080-1440 Width,2160-3840 Height,80-90 rating
Realme,14490,Android,Snapdragon_720,6.0,64.0,4300.0,Yes,6.6,90.0,64.0,1.0,16.0,2.0,Yes,30,Yes,No,No,No,No,8.0,2.3,1080.0,2400.0,Dual Punch Hole,10.0,80.0,Realme,snapdragon,Mid-Range,4-8 GB,32-256 GB,3000-5000 mAh,0-50W,v5-v10,6-9 inches,60-200 mp,8-16 mp,2-3 GHz,640-1080 Width,2160-3840 Height,70-80 rating
Huawei,82990,Android,Kirin_990,8.0,256.0,4200.0,Yes,6.58,90.0,50.0,1.0,32.0,1.0,Yes,40,Yes,Yes,No,Yes,No,8.0,2.86,1200.0,2640.0,Dual Punch Hole,10.0,80.0,Other,kirin,Flagship,4-8 GB,32-256 GB,3000-5000 mAh,0-50W,v5-v10,6-9 inches,40-60 mp,16-40 mp,2-3 GHz,1080-1440 Width,2160-3840 Height,70-80 rating
Vivo,9490,Android,Snapdragon_439,3.0,32.0,5000.0,Yes,6.35,60.0,13.0,2.0,8.0,1.0,Yes,0,Yes,No,No,No,No,8.0,2.4,720.0,1544.0,Water Drop Notch,9.0,64.0,Vivo,snapdragon,Budget,1-4 GB,1-32 GB,3000-5000 mAh,0-50W,v5-v10,6-9 inches,5-14 mp,1-8 mp,2-3 GHz,640-1080 Width,1480-2160 Height,60-70 rating
Vivo,25000,Android,Snapdragon_675,8.0,128.0,3700.0,Yes,6.39,60.0,48.0,3.0,32.0,1.0,Yes,0,Yes,No,No,No,No,8.0,2.4,1080.0,2316.0,No Notch,9.0,78.0,Vivo,snapdragon,Mid-Range,4-8 GB,32-256 GB,3000-5000 mAh,0-50W,v5-v10,6-9 inches,40-60 mp,16-40 mp,2-3 GHz,640-1080 Width,2160-3840 Height,70-80 rating
Vivo,15000,Android,Snapdragon_439,4.0,64.0,4030.0,Yes,6.22,60.0,13.0,2.0,20.0,1.0,Yes,0,Yes,No,No,No,No,8.0,1.95,1520.0,720.0,Water Drop Notch,8.1,65.0,Vivo,snapdragon,Mid-Range,1-4 GB,32-256 GB,3000-5000 mAh,0-50W,v5-v10,6-9 inches,5-14 mp,16-40 mp,0-2 GHz,1440-2460 Width,640-1480 Height,60-70 rating
Vivo,20990,Android,Helio_60,4.0,128.0,3315.0,Yes,6.3,60.0,16.0,2.0,25.0,1.0,Yes,0,Yes,No,No,No,No,8.0,2.4,1080.0,2280.0,No Notch,8.1,70.0,Vivo,helio,Mid-Range,1-4 GB,32-256 GB,3000-5000 mAh,0-50W,v5-v10,6-9 inches,14-40 mp,16-40 mp,2-3 GHz,640-1080 Width,2160-3840 Height,60-70 rating
Samsung,34999,Android,Exynos_9810,6.0,128.0,3500.0,Yes,6.2,60.0,12.0,2.0,8.0,1.0,Yes,0,Yes,No,No,Yes,No,8.0,2.8,1440.0,2960.0,No Notch,8.0,78.0,Samsung,exynos,Premium,4-8 GB,32-256 GB,3000-5000 mAh,0-50W,v5-v10,6-9 inches,5-14 mp,1-8 mp,2-3 GHz,1080-1440 Width,2160-3840 Height,70-80 rating
Realme,29999,Android,Snapdragon_8 Gen1,8.0,128.0,5000.0,Yes,6.73,144.0,50.0,3.0,16.0,1.0,Yes,120,Yes,Yes,Yes,No,No,8.0,2.4,1080.0,2400.0,Punch Hole,12.0,80.0,Realme,snapdragon,Premium,4-8 GB,32-256 GB,3000-5000 mAh,80-240W,v10-v16,6-9 inches,40-60 mp,8-16 mp,2-3 GHz,640-1080 Width,2160-3840 Height,70-80 rating
Vivo,11999,Android,Dimensity_700,4.0,128.0,6000.0,Yes,6.51,60.0,13.0,2.0,5.0,1.0,No,15,Yes,Yes,No,No,No,8.0,2.4,720.0,1600.0,Water Drop Notch,13.0,67.0,Vivo,dimensity,Mid-Range,1-4 GB,32-256 GB,5000-10000 mAh,0-50W,v10-v16,6-9 inches,5-14 mp,1-8 mp,2-3 GHz,640-1080 Width,1480-2160 Height,60-70 rating
Samsung,12999,Android,Helio_35,4.0,128.0,5000.0,Yes,6.5,60.0,50.0,2.0,5.0,1.0,Yes,0,Yes,No,No,No,No,8.0,2.3,720.0,1600.0,Water Drop Notch,12.0,72.0,Samsung,helio,Mid-Range,1-4 GB,32-256 GB,3000-5000 mAh,0-50W,v10-v16,6-9 inches,40-60 mp,1-8 mp,2-3 GHz,640-1080 Width,1480-2160 Height,70-80 rating
Leitz,124990,Android,Snapdragon_8 Gen1,12.0,256.0,5000.0,Yes,6.6,240.0,2.0,2.0,6.0,1.0,Yes,0,Yes,Yes,No,Yes,No,8.0,2.4,1260.0,2730.0,Punch Hole,12.0,89.0,Other,snapdragon,Luxury,8-18 GB,32-256 GB,3000-5000 mAh,0-50W,v10-v16,6-9 inches,2-5 mp,1-8 mp,2-3 GHz,1080-1440 Width,2160-3840 Height,80-90 rating
Xiaomi,28999,Android,Dimensity_8200,8.0,128.0,5080.0,Yes,6.67,120.0,50.0,3.0,32.0,1.0,Yes,120,Yes,Yes,Yes,No,Yes,8.0,3.1,1080.0,2460.0,Punch Hole,12.0,85.0,Xiaomi,dimensity,Premium,4-8 GB,32-256 GB,5000-10000 mAh,80-240W,v10-v16,6-9 inches,40-60 mp,16-40 mp,3-4 GHz,640-1080 Width,2160-3840 Height,80-90 rating
Infinix,12999,Android,Helio_96,8.0,128.0,5000.0,Yes,6.78,60.0,50.0,1.0,8.0,1.0,Yes,18,Yes,No,No,No,No,8.0,2.05,1080.0,2460.0,Water Drop Notch,12.0,77.0,Other,helio,Mid-Range,4-8 GB,32-256 GB,3000-5000 mAh,0-50W,v10-v16,6-9 inches,40-60 mp,1-8 mp,2-3 GHz,640-1080 Width,2160-3840 Height,70-80 rating
Realme,28499,Android,Snapdragon_870,8.0,256.0,5000.0,Yes,6.62,120.0,64.0,3.0,16.0,1.0,Yes,80,Yes,Yes,No,No,No,8.0,3.2,1080.0,2400.0,Punch Hole,12.0,82.0,Realme,snapdragon,Premium,4-8 GB,32-256 GB,3000-5000 mAh,50-80W,v10-v16,6-9 inches,60-200 mp,8-16 mp,3-4 GHz,640-1080 Width,2160-3840 Height,80-90 rating
Apple,104999,iOS,Bionic_15,6.0,512.0,4325.0,Yes,6.7,60.0,12.0,2.0,12.0,1.0,No,0,Yes,Yes,No,Yes,No,6.0,3.22,1284.0,2778.0,Small Notch,16.0,83.0,Apple,bionic,Luxury,4-8 GB,256-1024 GB,3000-5000 mAh,0-50W,v10-v16,6-9 inches,5-14 mp,8-16 mp,3-4 GHz,1080-1440 Width,2160-3840 Height,80-90 rating
Apple,172999,iOS,Bionic_16,6.0,1024.0,3200.0,Yes,6.1,120.0,48.0,3.0,12.0,1.0,No,0,Yes,Yes,No,Yes,No,6.0,2.4,1179.0,2556.0,No Notch,16.0,77.0,Apple,bionic,Luxury,4-8 GB,256-1024 GB,3000-5000 mAh,0-50W,v10-v16,6-9 inches,40-60 mp,8-16 mp,2-3 GHz,1080-1440 Width,2160-3840 Height,70-80 rating
Xiaomi,17990,Android,Snapdragon_4,6.0,128.0,5100.0,Yes,6.73,120.0,64.0,2.0,16.0,1.0,Yes,18,Yes,Yes,No,No,Yes,8.0,2.4,1080.0,2408.0,Punch Hole,13.0,79.0,Xiaomi,snapdragon,Mid-Range,4-8 GB,32-256 GB,5000-10000 mAh,0-50W,v10-v16,6-9 inches,60-200 mp,8-16 mp,2-3 GHz,640-1080 Width,2160-3840 Height,70-80 rating
Xiaomi,13774,Android,Helio_99,6.0,128.0,5000.0,Yes,6.58,90.0,50.0,3.0,8.0,1.0,Yes,18,Yes,No,No,No,Yes,8.0,2.2,1080.0,2400.0,Water Drop Notch,12.0,76.0,Xiaomi,helio,Mid-Range,4-8 GB,32-256 GB,3000-5000 mAh,0-50W,v10-v16,6-9 inches,40-60 mp,1-8 mp,2-3 GHz,640-1080 Width,2160-3840 Height,70-80 rating
itel,2239,Android,Other_3,6.0,128.0,5000.0,Yes,6.58,90.0,50.0,1.0,16.0,1.0,Yes,0,Yes,No,No,No,No,8.0,2.4,1080.0,2400.0,Unknown,12.0,80.0,Other,Other,Budget,4-8 GB,32-256 GB,3000-5000 mAh,0-50W,v10-v16,6-9 inches,40-60 mp,8-16 mp,2-3 GHz,640-1080 Width,2160-3840 Height,70-80 rating
Nokia,8999,Android,Unisoc_9863,4.0,64.0,5050.0,Yes,6.52,60.0,13.0,2.0,5.0,1.0,Yes,0,Yes,No,No,No,No,8.0,1.6,720.0,1600.0,Water Drop Notch,11.0,64.0,Other,unisoc,Budget,1-4 GB,32-256 GB,5000-10000 mAh,0-50W,v10-v16,6-9 inches,5-14 mp,1-8 mp,0-2 GHz,640-1080 Width,1480-2160 Height,60-70 rating
OnePlus,18990,Android,Dimensity_810,4.0,64.0,5000.0,Yes,6.56,90.0,48.0,2.0,16.0,1.0,Yes,33,Yes,Yes,No,Yes,No,8.0,2.4,720.0,1612.0,Water Drop Notch,12.0,75.0,Other,dimensity,Mid-Range,1-4 GB,32-256 GB,3000-5000 mAh,0-50W,v10-v16,6-9 inches,40-60 mp,8-16 mp,2-3 GHz,640-1080 Width,1480-2160 Height,70-80 rating
Tecno,14999,Android,Helio_85,6.0,128.0,5000.0,Yes,6.8,90.0,48.0,2.0,32.0,1.0,Yes,18,Yes,No,No,Yes,No,8.0,2.4,1080.0,2400.0,Punch Hole,12.0,77.0,Other,helio,Mid-Range,4-8 GB,32-256 GB,3000-5000 mAh,0-50W,v10-v16,6-9 inches,40-60 mp,16-40 mp,2-3 GHz,640-1080 Width,2160-3840 Height,70-80 rating
Realme Narzo,7999,Android,Other_612,3.0,32.0,5000.0,Yes,6.5,60.0,8.0,1.0,5.0,1.0,Yes,10,Yes,No,No,No,No,8.0,1.82,720.0,1600.0,Water Drop Notch,11.0,61.0,Other,Other,Budget,1-4 GB,1-32 GB,3000-5000 mAh,0-50W,v10-v16,6-9 inches,5-14 mp,1-8 mp,0-2 GHz,640-1080 Width,1480-2160 Height,60-70 rating
Xiaomi,39999,Android,Snapdragon_8,8.0,128.0,5000.0,Yes,6.67,144.0,108.0,3.0,20.0,1.0,Yes,120,Yes,Yes,No,Yes,Yes,8.0,3.2,1220.0,2712.0,Punch Hole,12.0,85.0,Xiaomi,snapdragon,Premium,4-8 GB,32-256 GB,3000-5000 mAh,80-240W,v10-v16,6-9 inches,60-200 mp,16-40 mp,3-4 GHz,1080-1440 Width,2160-3840 Height,80-90 rating
OPPO,11990,Android,Helio_35,3.0,64.0,5000.0,Yes,6.56,60.0,13.0,2.0,8.0,1.0,Yes,33,Yes,No,No,No,No,8.0,2.3,720.0,1612.0,Water Drop Notch,12.0,67.0,OPPO,helio,Mid-Range,1-4 GB,32-256 GB,3000-5000 mAh,0-50W,v10-v16,6-9 inches,5-14 mp,1-8 mp,2-3 GHz,640-1080 Width,1480-2160 Height,60-70 rating
Infinix,12999,Android,Helio_88,6.0,128.0,5000.0,Yes,6.7,60.0,50.0,2.0,16.0,1.0,Yes,33,Yes,No,No,No,No,8.0,2.4,2400.0,1080.0,Punch Hole,11.0,77.0,Other,helio,Mid-Range,4-8 GB,32-256 GB,3000-5000 mAh,0-50W,v10-v16,6-9 inches,40-60 mp,8-16 mp,2-3 GHz,1440-2460 Width,640-1480 Height,70-80 rating
Samsung,54999,Android,Other_Unknown,8.0,128.0,4500.0,Yes,6.5,60.0,64.0,1.0,32.0,1.0,No,0,Yes,Yes,Yes,Yes,No,8.0,2.4,1080.0,2400.0,Punch Hole,12.0,77.0,Samsung,Other,Flagship,4-8 GB,32-256 GB,3000-5000 mAh,0-50W,v10-v16,6-9 inches,60-200 mp,16-40 mp,2-3 GHz,640-1080 Width,2160-3840 Height,70-80 rating
Samsung,24990,Android,Other_Unknown,6.0,128.0,6000.0,Yes,6.7,60.0,64.0,3.0,32.0,1.0,Yes,0,Yes,Yes,No,No,No,8.0,2.4,1080.0,2400.0,Punch Hole,12.0,72.0,Samsung,Other,Mid-Range,4-8 GB,32-256 GB,5000-10000 mAh,0-50W,v10-v16,6-9 inches,60-200 mp,16-40 mp,2-3 GHz,640-1080 Width,2160-3840 Height,70-80 rating
Vivo,59999,Android,Dimensity_9000,12.0,256.0,4500.0,Yes,6.78,120.0,50.0,3.0,32.0,1.0,No,80,Yes,Yes,No,No,No,8.0,3.05,1080.0,2400.0,Punch Hole,12.0,88.0,Vivo,dimensity,Flagship,8-18 GB,32-256 GB,3000-5000 mAh,50-80W,v10-v16,6-9 inches,40-60 mp,16-40 mp,3-4 GHz,640-1080 Width,2160-3840 Height,80-90 rating
POCO,19999,Android,Snapdragon_778,6.0,128.0,5000.0,Yes,6.67,120.0,64.0,1.0,32.0,1.0,Yes,0,Yes,Yes,No,No,No,8.0,2.4,1080.0,2400.0,Punch Hole,12.0,72.0,Other,snapdragon,Mid-Range,4-8 GB,32-256 GB,3000-5000 mAh,0-50W,v10-v16,6-9 inches,60-200 mp,16-40 mp,2-3 GHz,640-1080 Width,2160-3840 Height,70-80 rating
Infinix,16999,Android,Helio_96,8.0,128.0,5000.0,Yes,6.7,60.0,50.0,2.0,16.0,1.0,Yes,33,Yes,No,No,No,No,8.0,2.05,1080.0,2400.0,Punch Hole,12.0,79.0,Other,helio,Mid-Range,4-8 GB,32-256 GB,3000-5000 mAh,0-50W,v10-v16,6-9 inches,40-60 mp,8-16 mp,2-3 GHz,640-1080 Width,2160-3840 Height,70-80 rating
Samsung,14999,Android,Exynos_1330,4.0,64.0,6000.0,Yes,6.5,60.0,48.0,3.0,8.0,1.0,Yes,0,Yes,No,No,No,No,8.0,2.4,720.0,1600.0,Water Drop Notch,13.0,60.0,Samsung,exynos,Mid-Range,1-4 GB,32-256 GB,5000-10000 mAh,0-50W,v10-v16,6-9 inches,40-60 mp,1-8 mp,2-3 GHz,640-1080 Width,1480-2160 Height,60-70 rating
Vivo,29990,Android,Snapdragon_778,8.0,128.0,4500.0,Yes,6.44,90.0,50.0,3.0,16.0,1.0,Yes,67,Yes,Yes,No,No,No,8.0,2.4,1080.0,2408.0,Water Drop Notch,12.0,76.0,Vivo,snapdragon,Premium,4-8 GB,32-256 GB,3000-5000 mAh,50-80W,v10-v16,6-9 inches,40-60 mp,8-16 mp,2-3 GHz,640-1080 Width,2160-3840 Height,70-80 rating
Xiaomi,17999,Android,Helio_96,6.0,128.0,5000.0,Yes,6.67,120.0,108.0,1.0,16.0,1.0,Yes,67,Yes,No,No,No,Yes,8.0,2.05,1080.0,2400.0,Punch Hole,11.0,81.0,Xiaomi,helio,Mid-Range,4-8 GB,32-256 GB,3000-5000 mAh,50-80W,v10-v16,6-9 inches,60-200 mp,8-16 mp,2-3 GHz,640-1080 Width,2160-3840 Height,80-90 rating
Realme Narzo,11399,Android,Other_612,4.0,64.0,5000.0,Yes,6.6,60.0,50.0,3.0,8.0,1.0,Yes,18,Yes,No,No,No,No,8.0,1.82,1080.0,2408.0,Water Drop Notch,11.0,73.0,Other,Other,Mid-Range,1-4 GB,32-256 GB,3000-5000 mAh,0-50W,v10-v16,6-9 inches,40-60 mp,1-8 mp,0-2 GHz,640-1080 Width,2160-3840 Height,70-80 rating
Eunity,599,Android,Other_1,0.03,0.03,1000.0,Yes,1.8,60.0,3.0,1.0,16.0,1.0,Yes,0,No,No,No,No,No,8.0,2.4,260.0,240.0,No Notch,12.0,80.0,Other,Other,Budget,0-1 GB,0-1 GB,800-3000 mAh,0-50W,v10-v16,1-4 inches,2-5 mp,8-16 mp,2-3 GHz,120-640 Width,160-640 Height,70-80 rating
Vivo,19990,Android,Dimensity_700,8.0,128.0,6000.0,Yes,6.58,60.0,50.0,2.0,8.0,1.0,Yes,18,Yes,Yes,No,No,No,8.0,2.2,1080.0,2408.0,Water Drop Notch,12.0,79.0,Vivo,dimensity,Mid-Range,4-8 GB,32-256 GB,5000-10000 mAh,0-50W,v10-v16,6-9 inches,40-60 mp,1-8 mp,2-3 GHz,640-1080 Width,2160-3840 Height,70-80 rating
Vivo,15499,Android,Snapdragon_680,4.0,128.0,5000.0,Yes,6.51,90.0,50.0,3.0,8.0,1.0,Yes,18,Yes,No,No,No,No,8.0,2.4,1600.0,720.0,Water Drop Notch,11.0,74.0,Vivo,snapdragon,Mid-Range,1-4 GB,32-256 GB,3000-5000 mAh,0-50W,v10-v16,6-9 inches,40-60 mp,1-8 mp,2-3 GHz,1440-2460 Width,640-1480 Height,70-80 rating
Gionee,6999,Android,Other_310,3.0,32.0,4800.0,Yes,6.8,60.0,13.0,1.0,5.0,1.0,Yes,0,Yes,No,No,No,No,4.0,2.4,720.0,1600.0,Punch Hole,10.0,80.0,Other,Other,Budget,1-4 GB,1-32 GB,3000-5000 mAh,0-50W,v5-v10,6-9 inches,5-14 mp,1-8 mp,2-3 GHz,640-1080 Width,1480-2160 Height,70-80 rating
Xiaomi,12499,Android,Snapdragon_720,4.0,128.0,5020.0,Yes,6.67,60.0,48.0,1.0,16.0,1.0,Yes,18,Yes,No,No,No,Yes,8.0,2.3,1080.0,2400.0,Punch Hole,10.0,77.0,Xiaomi,snapdragon,Mid-Range,1-4 GB,32-256 GB,5000-10000 mAh,0-50W,v5-v10,6-9 inches,40-60 mp,8-16 mp,2-3 GHz,640-1080 Width,2160-3840 Height,70-80 rating
Apple,91999,iOS,Bionic_15,4.0,512.0,3240.0,Yes,6.1,60.0,12.0,2.0,12.0,1.0,No,0,Yes,Yes,No,Yes,No,6.0,3.22,1170.0,2532.0,Small Notch,15.0,80.0,Apple,bionic,Flagship,1-4 GB,256-1024 GB,3000-5000 mAh,0-50W,v10-v16,6-9 inches,5-14 mp,8-16 mp,3-4 GHz,1080-1440 Width,2160-3840 Height,70-80 rating
Infinix,9690,Android,Helio_88,4.0,64.0,5000.0,Yes,6.78,90.0,50.0,2.0,8.0,1.0,Yes,0,Yes,No,No,No,No,8.0,2.4,1080.0,2480.0,Punch Hole,11.0,71.0,Other,helio,Budget,1-4 GB,32-256 GB,3000-5000 mAh,0-50W,v10-v16,6-9 inches,40-60 mp,1-8 mp,2-3 GHz,640-1080 Width,2160-3840 Height,70-80 rating
Realme,32990,Android,Snapdragon_870,8.0,128.0,4500.0,Yes,6.55,120.0,50.0,3.0,32.0,1.0,Yes,65,Yes,Yes,No,Yes,No,8.0,3.2,1080.0,2400.0,Punch Hole,12.0,85.0,Realme,snapdragon,Premium,4-8 GB,32-256 GB,3000-5000 mAh,50-80W,v10-v16,6-9 inches,40-60 mp,16-40 mp,3-4 GHz,640-1080 Width,2160-3840 Height,80-90 rating
Xiaomi,42990,Android,Snapdragon_8 Gen1,8.0,128.0,4500.0,Yes,6.28,120.0,50.0,3.0,32.0,1.0,Yes,67,Yes,Yes,No,Yes,Yes,8.0,2.4,1080.0,2400.0,Punch Hole,12.0,87.0,Xiaomi,snapdragon,Premium,4-8 GB,32-256 GB,3000-5000 mAh,50-80W,v10-v16,6-9 inches,40-60 mp,16-40 mp,2-3 GHz,640-1080 Width,2160-3840 Height,80-90 rating
CAT,14999,Android,Other_215,2.0,16.0,2000.0,No,4.0,60.0,50.0,1.0,16.0,1.0,Yes,0,Yes,No,No,No,No,4.0,1.3,480.0,640.0,No Notch,12.0,80.0,Other,Other,Mid-Range,1-4 GB,1-32 GB,800-3000 mAh,0-50W,v10-v16,1-4 inches,40-60 mp,8-16 mp,0-2 GHz,120-640 Width,160-640 Height,70-80 rating
Xiaomi,18699,Android,Snapdragon_732,8.0,128.0,4250.0,Yes,6.55,90.0,64.0,3.0,16.0,1.0,Yes,33,Yes,No,No,No,Yes,8.0,2.3,1080.0,2400.0,Punch Hole,11.0,82.0,Xiaomi,snapdragon,Mid-Range,4-8 GB,32-256 GB,3000-5000 mAh,0-50W,v10-v16,6-9 inches,60-200 mp,8-16 mp,2-3 GHz,640-1080 Width,2160-3840 Height,80-90 rating
DIZO,1749,Android,Other_6531,0.03,0.03,1900.0,Yes,2.8,60.0,3.0,1.0,16.0,1.0,Yes,0,No,No,No,No,No,8.0,2.4,240.0,320.0,No Notch,12.0,80.0,Other,Other,Budget,0-1 GB,0-1 GB,800-3000 mAh,0-50W,v10-v16,1-4 inches,2-5 mp,8-16 mp,2-3 GHz,120-640 Width,160-640 Height,70-80 rating
Realme,10990,Android,Dimensity_700,4.0,128.0,5000.0,Yes,6.5,60.0,48.0,3.0,16.0,1.0,Yes,18,Yes,Yes,No,No,No,8.0,2.2,1080.0,2400.0,Punch Hole,11.0,76.0,Realme,dimensity,Mid-Range,1-4 GB,32-256 GB,3000-5000 mAh,0-50W,v10-v16,6-9 inches,40-60 mp,8-16 mp,2-3 GHz,640-1080 Width,2160-3840 Height,70-80 rating
Xiaomi,30990,Android,Snapdragon_888,8.0,128.0,4520.0,Yes,6.67,120.0,108.0,3.0,20.0,1.0,Yes,33,Yes,Yes,No,No,Yes,8.0,2.84,1080.0,2400.0,Punch Hole,12.0,85.0,Xiaomi,snapdragon,Premium,4-8 GB,32-256 GB,3000-5000 mAh,0-50W,v10-v16,6-9 inches,60-200 mp,16-40 mp,2-3 GHz,640-1080 Width,2160-3840 Height,80-90 rating
Lenovo,59999,Android,Snapdragon_888,16.0,512.0,5000.0,Yes,6.5,144.0,64.0,2.0,20.0,1.0,Yes,120,Yes,Yes,No,Yes,No,8.0,2.84,1080.0,2400.0,No Notch,12.0,89.0,Other,snapdragon,Flagship,8-18 GB,256-1024 GB,3000-5000 mAh,80-240W,v10-v16,6-9 inches,60-200 mp,16-40 mp,2-3 GHz,640-1080 Width,2160-3840 Height,80-90 rating
Samsung,23999,Android,Exynos_9825,6.0,128.0,7000.0,Yes,6.71,60.0,64.0,1.0,32.0,1.0,Yes,0,Yes,No,No,Yes,No,8.0,2.73,1080.0,2400.0,Punch Hole,11.0,83.0,Samsung,exynos,Mid-Range,4-8 GB,32-256 GB,5000-10000 mAh,0-50W,v10-v16,6-9 inches,60-200 mp,16-40 mp,2-3 GHz,640-1080 Width,2160-3840 Height,80-90 rating
Realme,9999,Android,Dimensity_720,4.0,128.0,5000.0,Yes,6.5,60.0,13.0,3.0,8.0,1.0,Yes,18,Yes,Yes,No,No,No,8.0,2.4,720.0,1600.0,Water Drop Notch,12.0,69.0,Realme,dimensity,Budget,1-4 GB,32-256 GB,3000-5000 mAh,0-50W,v10-v16,6-9 inches,5-14 mp,1-8 mp,2-3 GHz,640-1080 Width,1480-2160 Height,60-70 rating
Nokia,3099,RTOS,Unisoc_117,0.06,0.12,1150.0,Yes,2.4,60.0,50.0,1.0,16.0,1.0,Yes,0,Yes,No,No,No,No,8.0,2.4,240.0,320.0,No Notch,12.0,80.0,Other,unisoc,Budget,0-1 GB,0-1 GB,800-3000 mAh,0-50W,v10-v16,1-4 inches,40-60 mp,8-16 mp,2-3 GHz,120-640 Width,160-640 Height,70-80 rating
Apple,119900,iOS,Bionic_14,6.0,256.0,5000.0,Yes,6.58,90.0,50.0,1.0,16.0,1.0,Yes,0,Yes,Yes,No,Yes,No,6.0,3.1,1080.0,2400.0,Unknown,12.0,80.0,Apple,bionic,Luxury,4-8 GB,32-256 GB,3000-5000 mAh,0-50W,v10-v16,6-9 inches,40-60 mp,8-16 mp,3-4 GHz,640-1080 Width,2160-3840 Height,70-80 rating
Xiaomi,9299,Android,Helio_25,4.0,128.0,5000.0,Yes,6.53,60.0,13.0,1.0,5.0,1.0,Yes,10,Yes,No,No,No,No,8.0,2.4,720.0,1600.0,Water Drop Notch,10.0,67.0,Xiaomi,helio,Budget,1-4 GB,32-256 GB,3000-5000 mAh,0-50W,v5-v10,6-9 inches,5-14 mp,1-8 mp,2-3 GHz,640-1080 Width,1480-2160 Height,60-70 rating
Realme,12989,Android,Helio_90,6.0,64.0,4300.0,Yes,6.5,90.0,64.0,1.0,16.0,1.0,Yes,30,Yes,No,No,No,No,8.0,2.05,1080.0,2400.0,Punch Hole,10.0,77.0,Realme,helio,Mid-Range,4-8 GB,32-256 GB,3000-5000 mAh,0-50W,v5-v10,6-9 inches,60-200 mp,8-16 mp,2-3 GHz,640-1080 Width,2160-3840 Height,70-80 rating
Samsung,4999,Android,Other_28,1.0,16.0,3000.0,Yes,5.3,60.0,8.0,1.0,5.0,1.0,Yes,0,Yes,No,No,No,No,4.0,1.5,720.0,1480.0,No Notch,10.0,80.0,Samsung,Other,Budget,0-1 GB,1-32 GB,800-3000 mAh,0-50W,v5-v10,4-6 inches,5-14 mp,1-8 mp,0-2 GHz,640-1080 Width,640-1480 Height,70-80 rating
LG,11999,Android,Other_1,6.0,128.0,5000.0,No,6.58,90.0,50.0,1.0,16.0,1.0,Yes,0,Yes,No,No,No,No,8.0,2.4,1080.0,2400.0,Unknown,12.0,80.0,Other,Other,Mid-Range,4-8 GB,32-256 GB,3000-5000 mAh,0-50W,v10-v16,6-9 inches,40-60 mp,8-16 mp,2-3 GHz,640-1080 Width,2160-3840 Height,70-80 rating
OPPO,29990,Android,Snapdragon_765,8.0,128.0,4300.0,Yes,6.43,60.0,64.0,1.0,32.0,1.0,Yes,65,Yes,Yes,No,No,No,8.0,2.4,1080.0,2400.0,Punch Hole,12.0,83.0,OPPO,snapdragon,Premium,4-8 GB,32-256 GB,3000-5000 mAh,50-80W,v10-v16,6-9 inches,60-200 mp,16-40 mp,2-3 GHz,640-1080 Width,2160-3840 Height,80-90 rating
OPPO,12490,Android,Helio_35,6.0,128.0,4230.0,Yes,6.5,60.0,12.0,3.0,8.0,1.0,Yes,0,Yes,No,No,No,No,8.0,2.3,720.0,1600.0,Water Drop Notch,9.0,72.0,OPPO,helio,Mid-Range,4-8 GB,32-256 GB,3000-5000 mAh,0-50W,v5-v10,6-9 inches,5-14 mp,1-8 mp,2-3 GHz,640-1080 Width,1480-2160 Height,70-80 rating
Sony,27999,Android,Snapdragon_665,4.0,128.0,3600.0,Yes,6.0,90.0,12.0,3.0,8.0,1.0,Yes,18,Yes,No,No,Yes,No,8.0,2.4,1080.0,2520.0,No Notch,10.0,75.0,Other,snapdragon,Premium,1-4 GB,32-256 GB,3000-5000 mAh,0-50W,v5-v10,4-6 inches,5-14 mp,1-8 mp,2-3 GHz,640-1080 Width,2160-3840 Height,70-80 rating
Vivo,8199,Android,Helio_22,2.0,32.0,4030.0,Yes,6.22,60.0,13.0,1.0,5.0,1.0,Yes,0,Yes,No,No,No,No,8.0,2.4,720.0,1520.0,Water Drop Notch,8.1,80.0,Vivo,helio,Budget,1-4 GB,1-32 GB,3000-5000 mAh,0-50W,v5-v10,6-9 inches,5-14 mp,1-8 mp,2-3 GHz,640-1080 Width,1480-2160 Height,70-80 rating
Huawei,21990,Android,Kirin_810,8.0,128.0,4200.0,Yes,6.4,60.0,48.0,1.0,16.0,1.0,Yes,40,Yes,No,No,No,No,8.0,2.2,1080.0,2340.0,Punch Hole,10.0,81.0,Other,kirin,Mid-Range,4-8 GB,32-256 GB,3000-5000 mAh,0-50W,v5-v10,6-9 inches,40-60 mp,8-16 mp,2-3 GHz,640-1080 Width,2160-3840 Height,80-90 rating
Vivo,20000,Android,Helio_65,4.0,128.0,5000.0,Yes,6.53,60.0,16.0,3.0,16.0,1.0,Yes,18,Yes,No,No,No,No,8.0,2.4,1080.0,2340.0,Water Drop Notch,9.0,73.0,Vivo,helio,Mid-Range,1-4 GB,32-256 GB,3000-5000 mAh,0-50W,v5-v10,6-9 inches,14-40 mp,8-16 mp,2-3 GHz,640-1080 Width,2160-3840 Height,70-80 rating
Vivo,11990,Android,Snapdragon_675,6.0,64.0,5000.0,Yes,6.53,60.0,16.0,3.0,16.0,1.0,Yes,18,Yes,No,No,No,No,8.0,2.4,1080.0,2340.0,Water Drop Notch,9.0,74.0,Vivo,snapdragon,Mid-Range,4-8 GB,32-256 GB,3000-5000 mAh,0-50W,v5-v10,6-9 inches,14-40 mp,8-16 mp,2-3 GHz,640-1080 Width,2160-3840 Height,70-80 rating
Xiaomi,11989,Android,Helio_85,4.0,64.0,5020.0,Yes,6.53,60.0,48.0,1.0,13.0,1.0,Yes,5,Yes,No,No,No,Yes,8.0,2.4,1080.0,2340.0,Punch Hole,10.0,75.0,Xiaomi,helio,Mid-Range,1-4 GB,32-256 GB,5000-10000 mAh,0-50W,v5-v10,6-9 inches,40-60 mp,8-16 mp,2-3 GHz,640-1080 Width,2160-3840 Height,70-80 rating
Xiaomi,11490,Android,Snapdragon_439,4.0,64.0,5000.0,Yes,6.22,60.0,12.0,2.0,8.0,1.0,Yes,18,Yes,No,No,No,Yes,8.0,2.4,720.0,1520.0,Water Drop Notch,9.0,66.0,Xiaomi,snapdragon,Mid-Range,1-4 GB,32-256 GB,3000-5000 mAh,0-50W,v5-v10,6-9 inches,5-14 mp,1-8 mp,2-3 GHz,640-1080 Width,1480-2160 Height,60-70 rating
Motorola,11490,Android,Helio_70,4.0,64.0,4000.0,Yes,6.2,60.0,13.0,3.0,8.0,1.0,Yes,10,Yes,No,No,No,No,8.0,2.4,720.0,1520.0,Water Drop Notch,9.0,68.0,Other,helio,Mid-Range,1-4 GB,32-256 GB,3000-5000 mAh,0-50W,v5-v10,6-9 inches,5-14 mp,1-8 mp,2-3 GHz,640-1080 Width,1480-2160 Height,60-70 rating
Google,15999,Android,Snapdragon_670,4.0,64.0,3700.0,No,6.0,60.0,2.0,1.0,8.0,1.0,Yes,18,Yes,No,No,Yes,No,8.0,2.4,1080.0,2160.0,No Notch,12.0,67.0,Other,snapdragon,Mid-Range,1-4 GB,32-256 GB,3000-5000 mAh,0-50W,v10-v16,4-6 inches,2-5 mp,1-8 mp,2-3 GHz,640-1080 Width,1480-2160 Height,60-70 rating
Samsung,17990,Android,Exynos_7885,4.0,64.0,3100.0,Yes,5.9,60.0,16.0,2.0,25.0,1.0,Yes,15,Yes,No,No,No,No,8.0,2.2,1080.0,2340.0,Water Drop Notch,9.0,69.0,Samsung,exynos,Mid-Range,1-4 GB,32-256 GB,3000-5000 mAh,0-50W,v5-v10,4-6 inches,14-40 mp,16-40 mp,2-3 GHz,640-1080 Width,2160-3840 Height,60-70 rating
Samsung,78990,Android,Exynos_9820,8.0,256.0,4500.0,No,6.7,60.0,16.0,3.0,10.0,1.0,Yes,25,Yes,Yes,No,Yes,No,8.0,2.7,1440.0,3040.0,No Notch,9.0,86.0,Samsung,exynos,Flagship,4-8 GB,32-256 GB,3000-5000 mAh,0-50W,v5-v10,6-9 inches,14-40 mp,8-16 mp,2-3 GHz,1080-1440 Width,2160-3840 Height,80-90 rating
Huawei,10949,Android,Kirin_659,4.0,64.0,3000.0,Yes,5.84,60.0,13.0,2.0,16.0,1.0,Yes,0,Yes,No,No,No,No,8.0,2.36,1080.0,2280.0,Small Notch,8.0,66.0,Other,kirin,Mid-Range,1-4 GB,32-256 GB,800-3000 mAh,0-50W,v5-v10,4-6 inches,5-14 mp,8-16 mp,2-3 GHz,640-1080 Width,2160-3840 Height,60-70 rating
Xiaomi,10300,Android,Snapdragon_625,4.0,64.0,4100.0,Yes,5.5,60.0,13.0,1.0,5.0,1.0,Yes,0,Yes,No,No,No,No,8.0,2.4,1080.0,1920.0,No Notch,6.0,65.0,Xiaomi,snapdragon,Mid-Range,1-4 GB,32-256 GB,3000-5000 mAh,0-50W,v5-v10,4-6 inches,5-14 mp,1-8 mp,2-3 GHz,640-1080 Width,1480-2160 Height,60-70 rating
BlackZone,1899,Android,Other_1,0.05,0.05,2500.0,Yes,1.8,60.0,2.0,1.0,16.0,1.0,Yes,0,Yes,No,No,No,No,8.0,2.4,480.0,640.0,No Notch,12.0,80.0,Other,Other,Budget,0-1 GB,0-1 GB,800-3000 mAh,0-50W,v10-v16,1-4 inches,2-5 mp,8-16 mp,2-3 GHz,120-640 Width,160-640 Height,70-80 rating
Doogee,45999,Android,Dimensity_1080,12.0,256.0,22000.0,Yes,6.58,120.0,108.0,3.0,32.0,1.0,Yes,33,Yes,Yes,No,No,No,8.0,2.6,1080.0,2408.0,Water Drop Notch,12.0,88.0,Other,dimensity,Premium,8-18 GB,32-256 GB,10000-22000 mAh,0-50W,v10-v16,6-9 inches,60-200 mp,16-40 mp,2-3 GHz,640-1080 Width,2160-3840 Height,80-90 rating
Huawei,21990,EMUI,Other_Unknown,4.0,64.0,5000.0,Yes,6.52,60.0,50.0,2.0,5.0,1.0,Yes,5,Yes,No,No,No,No,8.0,2.4,720.0,1600.0,Water Drop Notch,12.0,63.0,Other,Other,Mid-Range,1-4 GB,32-256 GB,3000-5000 mAh,0-50W,v10-v16,6-9 inches,40-60 mp,1-8 mp,2-3 GHz,640-1080 Width,1480-2160 Height,60-70 rating
iQOO,19990,Android,Snapdragon_7 Gen2,8.0,128.0,5000.0,Yes,6.67,120.0,64.0,3.0,16.0,1.0,Yes,45,Yes,Yes,No,No,No,8.0,2.4,1080.0,2412.0,Water Drop Notch,13.0,76.0,Other,snapdragon,Mid-Range,4-8 GB,32-256 GB,3000-5000 mAh,0-50W,v10-v16,6-9 inches,60-200 mp,8-16 mp,2-3 GHz,640-1080 Width,2160-3840 Height,70-80 rating
Vivo,32990,Android,Snapdragon_7 Gen1,8.0,256.0,5000.0,Yes,6.67,120.0,64.0,3.0,32.0,1.0,Yes,80,Yes,Yes,No,No,No,8.0,2.4,1080.0,2400.0,Punch Hole,13.0,84.0,Vivo,snapdragon,Premium,4-8 GB,32-256 GB,3000-5000 mAh,50-80W,v10-v16,6-9 inches,60-200 mp,16-40 mp,2-3 GHz,640-1080 Width,2160-3840 Height,80-90 rating
POCO,14499,Android,Helio_99,6.0,128.0,5000.0,Yes,6.58,90.0,50.0,3.0,8.0,1.0,Yes,18,Yes,No,No,No,Yes,8.0,2.2,1080.0,2400.0,Water Drop Notch,12.0,77.0,Other,helio,Mid-Range,4-8 GB,32-256 GB,3000-5000 mAh,0-50W,v10-v16,6-9 inches,40-60 mp,1-8 mp,2-3 GHz,640-1080 Width,2160-3840 Height,70-80 rating
Nokia,41990,Android,Snapdragon_695,6.0,128.0,4200.0,Yes,6.43,90.0,50.0,2.0,16.0,1.0,Yes,33,Yes,Yes,No,Yes,No,8.0,2.2,1080.0,2400.0,Punch Hole,12.0,85.0,Other,snapdragon,Premium,4-8 GB,32-256 GB,3000-5000 mAh,0-50W,v10-v16,6-9 inches,40-60 mp,8-16 mp,2-3 GHz,640-1080 Width,2160-3840 Height,80-90 rating
Tecno,13990,Android,Helio_85,6.0,128.0,7000.0,Yes,6.82,90.0,16.0,2.0,8.0,1.0,Yes,0,Yes,No,No,No,No,8.0,2.4,720.0,1600.0,Water Drop Notch,12.0,67.0,Other,helio,Mid-Range,4-8 GB,32-256 GB,5000-10000 mAh,0-50W,v10-v16,6-9 inches,14-40 mp,1-8 mp,2-3 GHz,640-1080 Width,1480-2160 Height,60-70 rating
Nokia,1599,Android,Other_Unknown,0.0,0.0,1000.0,Yes,1.77,60.0,50.0,1.0,16.0,1.0,Yes,0,No,No,No,No,No,8.0,2.4,120.0,160.0,No Notch,12.0,80.0,Other,Other,Budget,0-1 GB,0-1 GB,800-3000 mAh,0-50W,v10-v16,1-4 inches,40-60 mp,8-16 mp,2-3 GHz,120-640 Width,160-640 Height,70-80 rating
Nokia,4799,Android,Other_Unknown,6.0,128.0,5000.0,Yes,6.58,90.0,50.0,1.0,16.0,1.0,Yes,0,Yes,No,No,No,No,8.0,2.4,1080.0,2400.0,Unknown,12.0,80.0,Other,Other,Budget,4-8 GB,32-256 GB,3000-5000 mAh,0-50W,v10-v16,6-9 inches,40-60 mp,8-16 mp,2-3 GHz,640-1080 Width,2160-3840 Height,70-80 rating
Vivo,10490,Android,Helio_35,3.0,64.0,5000.0,Yes,6.51,60.0,13.0,2.0,8.0,1.0,Yes,0,Yes,No,No,No,No,8.0,2.3,720.0,1600.0,Water Drop Notch,12.0,67.0,Vivo,helio,Mid-Range,1-4 GB,32-256 GB,3000-5000 mAh,0-50W,v10-v16,6-9 inches,5-14 mp,1-8 mp,2-3 GHz,640-1080 Width,1480-2160 Height,60-70 rating
Huawei,29990,Android,Snapdragon_778,8.0,128.0,4000.0,Yes,6.67,120.0,50.0,3.0,60.0,1.0,Yes,66,Yes,No,No,No,No,8.0,2.4,1080.0,2400.0,Punch Hole,12.0,82.0,Other,snapdragon,Premium,4-8 GB,32-256 GB,3000-5000 mAh,50-80W,v10-v16,6-9 inches,40-60 mp,40-60 mp,2-3 GHz,640-1080 Width,2160-3840 Height,80-90 rating
Huawei,22990,EMUI,Snapdragon_680,8.0,128.0,5000.0,Yes,6.7,90.0,50.0,1.0,8.0,1.0,Yes,40,Yes,No,No,Yes,No,8.0,2.4,1080.0,2388.0,Punch Hole,12.0,82.0,Other,snapdragon,Mid-Range,4-8 GB,32-256 GB,3000-5000 mAh,0-50W,v10-v16,6-9 inches,40-60 mp,1-8 mp,2-3 GHz,640-1080 Width,2160-3840 Height,80-90 rating
Samsung,47990,Android,Dimensity_1300,8.0,128.0,5000.0,Yes,6.7,60.0,48.0,3.0,16.0,1.0,No,0,Yes,Yes,No,No,No,8.0,2.4,1080.0,2400.0,Punch Hole,12.0,80.0,Samsung,dimensity,Premium,4-8 GB,32-256 GB,3000-5000 mAh,0-50W,v10-v16,6-9 inches,40-60 mp,8-16 mp,2-3 GHz,640-1080 Width,2160-3840 Height,70-80 rating
Infinix,19999,Android,Helio_96,8.0,128.0,4500.0,Yes,6.7,120.0,108.0,3.0,16.0,1.0,Yes,120,Yes,No,No,No,No,8.0,2.05,1080.0,2400.0,Punch Hole,12.0,84.0,Other,helio,Mid-Range,4-8 GB,32-256 GB,3000-5000 mAh,80-240W,v10-v16,6-9 inches,60-200 mp,8-16 mp,2-3 GHz,640-1080 Width,2160-3840 Height,80-90 rating
OnePlus,29999,Android,Snapdragon_7 Gen1,8.0,128.0,4500.0,Yes,6.43,120.0,50.0,3.0,32.0,1.0,Yes,80,Yes,Yes,No,Yes,No,8.0,2.36,1080.0,2412.0,Punch Hole,12.0,83.0,Other,snapdragon,Premium,4-8 GB,32-256 GB,3000-5000 mAh,50-80W,v10-v16,6-9 inches,40-60 mp,16-40 mp,2-3 GHz,640-1080 Width,2160-3840 Height,80-90 rating
Realme Narzo,11879,Android,Other_612,4.0,128.0,5000.0,Yes,6.6,60.0,50.0,3.0,8.0,1.0,Yes,18,Yes,No,No,No,No,8.0,1.82,1080.0,2408.0,Water Drop Notch,11.0,74.0,Other,Other,Mid-Range,1-4 GB,32-256 GB,3000-5000 mAh,0-50W,v10-v16,6-9 inches,40-60 mp,1-8 mp,0-2 GHz,640-1080 Width,2160-3840 Height,70-80 rating
OnePlus,28990,Android,Dimensity_8100,8.0,128.0,4500.0,Yes,6.7,120.0,50.0,3.0,16.0,1.0,Yes,150,Yes,Yes,No,Yes,No,8.0,2.85,1080.0,2412.0,Punch Hole,12.0,84.0,Other,dimensity,Premium,4-8 GB,32-256 GB,3000-5000 mAh,80-240W,v10-v16,6-9 inches,40-60 mp,8-16 mp,2-3 GHz,640-1080 Width,2160-3840 Height,80-90 rating
iQOO,39990,Android,Snapdragon_888,12.0,256.0,4350.0,Yes,6.56,120.0,48.0,3.0,16.0,1.0,Yes,120,Yes,Yes,No,No,No,8.0,2.9,1080.0,2376.0,Punch Hole,12.0,85.0,Other,snapdragon,Premium,8-18 GB,32-256 GB,3000-5000 mAh,80-240W,v10-v16,6-9 inches,40-60 mp,8-16 mp,2-3 GHz,640-1080 Width,2160-3840 Height,80-90 rating
Xiaomi,15999,Android,Dimensity_720,6.0,64.0,5000.0,Yes,6.52,90.0,64.0,3.0,16.0,1.0,Yes,33,Yes,Yes,No,No,Yes,8.0,2.4,1080.0,2400.0,Punch Hole,12.0,78.0,Xiaomi,dimensity,Mid-Range,4-8 GB,32-256 GB,3000-5000 mAh,0-50W,v10-v16,6-9 inches,60-200 mp,8-16 mp,2-3 GHz,640-1080 Width,2160-3840 Height,70-80 rating
OPPO,22990,Android,Snapdragon_695,8.0,256.0,4500.0,Yes,6.43,60.0,48.0,2.0,16.0,1.0,Yes,33,Yes,Yes,No,No,No,8.0,2.2,1080.0,2400.0,Punch Hole,11.0,82.0,OPPO,snapdragon,Mid-Range,4-8 GB,32-256 GB,3000-5000 mAh,0-50W,v10-v16,6-9 inches,40-60 mp,8-16 mp,2-3 GHz,640-1080 Width,2160-3840 Height,80-90 rating
Royole,149999,Android,Snapdragon_888,8.0,128.0,3360.0,Yes,7.2,60.0,50.0,1.0,16.0,1.0,Yes,0,Yes,Yes,No,No,No,8.0,2.84,1440.0,1920.0,No Notch,12.0,87.0,Other,snapdragon,Luxury,4-8 GB,32-256 GB,3000-5000 mAh,0-50W,v10-v16,6-9 inches,40-60 mp,8-16 mp,2-3 GHz,1080-1440 Width,1480-2160 Height,80-90 rating
Tecno,11499,Android,Helio_88,4.0,128.0,5000.0,Yes,6.8,90.0,48.0,3.0,16.0,1.0,Yes,18,Yes,No,No,Yes,No,8.0,2.4,1080.0,2460.0,Punch Hole,12.0,75.0,Other,helio,Mid-Range,1-4 GB,32-256 GB,3000-5000 mAh,0-50W,v10-v16,6-9 inches,40-60 mp,8-16 mp,2-3 GHz,640-1080 Width,2160-3840 Height,70-80 rating
Tecno,22999,Android,Helio_95,8.0,256.0,5000.0,Yes,6.7,120.0,50.0,1.0,48.0,2.0,Yes,44,Yes,No,No,No,No,8.0,2.05,1080.0,2400.0,Punch Hole,12.0,84.0,Other,helio,Mid-Range,4-8 GB,32-256 GB,3000-5000 mAh,0-50W,v10-v16,6-9 inches,40-60 mp,40-60 mp,2-3 GHz,640-1080 Width,2160-3840 Height,80-90 rating
Tecno,7999,Android,Helio_35,4.0,64.0,5000.0,Yes,6.6,60.0,50.0,2.0,8.0,1.0,Yes,0,Yes,No,No,No,No,8.0,2.3,720.0,1600.0,Water Drop Notch,11.0,70.0,Other,helio,Budget,1-4 GB,32-256 GB,3000-5000 mAh,0-50W,v10-v16,6-9 inches,40-60 mp,1-8 mp,2-3 GHz,640-1080 Width,1480-2160 Height,60-70 rating
Realme,31999,Android,Snapdragon_870,8.0,128.0,5000.0,Yes,6.62,120.0,64.0,3.0,16.0,1.0,Yes,65,Yes,Yes,No,Yes,No,8.0,3.2,2400.0,1080.0,Punch Hole,12.0,82.0,Realme,snapdragon,Premium,4-8 GB,32-256 GB,3000-5000 mAh,50-80W,v10-v16,6-9 inches,60-200 mp,8-16 mp,3-4 GHz,1440-2460 Width,640-1480 Height,80-90 rating
Sony,30990,Android,Snapdragon_690,6.0,64.0,4500.0,No,6.0,60.0,12.0,3.0,8.0,1.0,Yes,30,Yes,Yes,No,Yes,No,8.0,2.4,1080.0,2520.0,No Notch,11.0,78.0,Other,snapdragon,Premium,4-8 GB,32-256 GB,3000-5000 mAh,0-50W,v10-v16,4-6 inches,5-14 mp,1-8 mp,2-3 GHz,640-1080 Width,2160-3840 Height,70-80 rating
Realme,7999,Android,Helio_35,3.0,32.0,6000.0,Yes,6.52,60.0,13.0,3.0,5.0,1.0,Yes,0,Yes,No,No,No,No,8.0,2.3,720.0,1600.0,Water Drop Notch,11.0,64.0,Realme,helio,Budget,1-4 GB,1-32 GB,5000-10000 mAh,0-50W,v10-v16,6-9 inches,5-14 mp,1-8 mp,2-3 GHz,640-1080 Width,1480-2160 Height,60-70 rating
Tecno,10999,Android,Helio_85,4.0,64.0,7000.0,Yes,6.95,60.0,48.0,1.0,8.0,1.0,Yes,18,Yes,No,No,No,No,8.0,2.4,1080.0,2460.0,Punch Hole,11.0,74.0,Other,helio,Mid-Range,1-4 GB,32-256 GB,5000-10000 mAh,0-50W,v10-v16,6-9 inches,40-60 mp,1-8 mp,2-3 GHz,640-1080 Width,2160-3840 Height,70-80 rating
POCO,14990,Android,Dimensity_700,6.0,128.0,5000.0,Yes,6.67,120.0,50.0,3.0,16.0,1.0,Yes,67,Yes,Yes,No,No,No,8.0,2.2,1080.0,2400.0,Punch Hole,12.0,79.0,Other,dimensity,Mid-Range,4-8 GB,32-256 GB,3000-5000 mAh,50-80W,v10-v16,6-9 inches,40-60 mp,8-16 mp,2-3 GHz,640-1080 Width,2160-3840 Height,70-80 rating
Motorola,14499,Android,Snapdragon_732,4.0,64.0,6000.0,Yes,6.78,120.0,64.0,3.0,16.0,1.0,Yes,20,Yes,No,No,No,No,8.0,2.3,1080.0,2460.0,Punch Hole,11.0,77.0,Other,snapdragon,Mid-Range,1-4 GB,32-256 GB,5000-10000 mAh,0-50W,v10-v16,6-9 inches,60-200 mp,8-16 mp,2-3 GHz,640-1080 Width,2160-3840 Height,70-80 rating
OnePlus,44999,Android,Snapdragon_888,8.0,128.0,4500.0,Yes,6.55,120.0,108.0,1.0,16.0,1.0,No,65,Yes,Yes,No,Yes,No,8.0,2.84,1080.0,2400.0,Punch Hole,11.0,86.0,Other,snapdragon,Premium,4-8 GB,32-256 GB,3000-5000 mAh,50-80W,v10-v16,6-9 inches,60-200 mp,8-16 mp,2-3 GHz,640-1080 Width,2160-3840 Height,80-90 rating
Realme,17999,Android,Helio_95,8.0,128.0,5000.0,Yes,6.4,60.0,64.0,1.0,16.0,1.0,Yes,30,Yes,No,No,No,No,8.0,2.4,1080.0,2400.0,Punch Hole,11.0,83.0,Realme,helio,Mid-Range,4-8 GB,32-256 GB,3000-5000 mAh,0-50W,v10-v16,6-9 inches,60-200 mp,8-16 mp,2-3 GHz,640-1080 Width,2160-3840 Height,80-90 rating
Realme Narzo,19999,Android,Dimensity_800,8.0,128.0,5000.0,Yes,6.5,120.0,48.0,3.0,16.0,1.0,Yes,30,Yes,Yes,No,No,No,8.0,2.4,1080.0,2400.0,Punch Hole,10.0,83.0,Other,dimensity,Mid-Range,4-8 GB,32-256 GB,3000-5000 mAh,0-50W,v5-v10,6-9 inches,40-60 mp,8-16 mp,2-3 GHz,640-1080 Width,2160-3840 Height,80-90 rating
Itel,3999,Android,Other_9832,1.0,8.0,2400.0,Yes,5.0,60.0,5.0,1.0,2.0,1.0,Yes,0,Yes,No,No,No,No,4.0,1.4,854.0,480.0,No Notch,12.0,80.0,Other,Other,Budget,0-1 GB,1-32 GB,800-3000 mAh,0-50W,v10-v16,4-6 inches,2-5 mp,1-8 mp,0-2 GHz,640-1080 Width,160-640 Height,70-80 rating
Samsung,101999,Android,Exynos_2100,12.0,128.0,5000.0,Yes,6.8,120.0,108.0,1.0,40.0,1.0,Yes,25,Yes,Yes,No,Yes,No,8.0,2.9,1440.0,3200.0,Punch Hole,12.0,80.0,Samsung,exynos,Luxury,8-18 GB,32-256 GB,3000-5000 mAh,0-50W,v10-v16,6-9 inches,60-200 mp,16-40 mp,2-3 GHz,1080-1440 Width,2160-3840 Height,70-80 rating
OPPO,38700,Android,Dimensity_1000,8.0,128.0,4350.0,Yes,6.53,90.0,64.0,1.0,32.0,1.0,Yes,65,Yes,Yes,No,No,No,8.0,2.6,1080.0,2400.0,Punch Hole,12.0,84.0,OPPO,dimensity,Premium,4-8 GB,32-256 GB,3000-5000 mAh,50-80W,v10-v16,6-9 inches,60-200 mp,16-40 mp,2-3 GHz,640-1080 Width,2160-3840 Height,80-90 rating
OnePlus,19999,Android,Snapdragon_665,4.0,64.0,4500.0,Yes,6.3,60.0,48.0,1.0,13.0,1.0,Yes,65,Yes,No,No,No,No,8.0,2.4,1080.0,2400.0,Punch Hole,10.0,73.0,Other,snapdragon,Mid-Range,1-4 GB,32-256 GB,3000-5000 mAh,50-80W,v5-v10,6-9 inches,40-60 mp,8-16 mp,2-3 GHz,640-1080 Width,2160-3840 Height,70-80 rating
Samsung,10999,Android,Exynos_850,4.0,64.0,6000.0,Yes,6.5,90.0,48.0,1.0,8.0,1.0,Yes,15,Yes,No,No,No,No,8.0,2.4,720.0,1600.0,Water Drop Notch,11.0,72.0,Samsung,exynos,Mid-Range,1-4 GB,32-256 GB,5000-10000 mAh,0-50W,v10-v16,6-9 inches,40-60 mp,1-8 mp,2-3 GHz,640-1080 Width,1480-2160 Height,70-80 rating
OnePlus,16990,Android,Snapdragon_460,4.0,64.0,5000.0,Yes,6.52,90.0,13.0,3.0,8.0,1.0,Yes,18,Yes,No,No,No,No,8.0,1.8,720.0,1600.0,Punch Hole,10.0,68.0,Other,snapdragon,Mid-Range,1-4 GB,32-256 GB,3000-5000 mAh,0-50W,v5-v10,6-9 inches,5-14 mp,1-8 mp,0-2 GHz,640-1080 Width,1480-2160 Height,60-70 rating
Apple,55999,iOS,Bionic_14,4.0,256.0,5000.0,Yes,6.58,90.0,50.0,1.0,16.0,1.0,Yes,0,Yes,Yes,No,Yes,No,6.0,3.1,1080.0,2400.0,Unknown,12.0,75.0,Apple,bionic,Flagship,1-4 GB,32-256 GB,3000-5000 mAh,0-50W,v10-v16,6-9 inches,40-60 mp,8-16 mp,3-4 GHz,640-1080 Width,2160-3840 Height,70-80 rating
Apple,67999,iOS,Bionic_14,4.0,256.0,5000.0,Yes,6.58,90.0,50.0,1.0,16.0,1.0,Yes,0,Yes,Yes,No,Yes,No,6.0,3.1,1080.0,2400.0,Unknown,12.0,76.0,Apple,bionic,Flagship,1-4 GB,32-256 GB,3000-5000 mAh,0-50W,v10-v16,6-9 inches,40-60 mp,8-16 mp,3-4 GHz,640-1080 Width,2160-3840 Height,70-80 rating
OPPO,9999,Android,Helio_35,3.0,32.0,4230.0,Yes,6.52,60.0,13.0,3.0,5.0,1.0,Yes,0,Yes,No,No,No,No,8.0,2.3,720.0,1600.0,Water Drop Notch,10.0,66.0,OPPO,helio,Budget,1-4 GB,1-32 GB,3000-5000 mAh,0-50W,v5-v10,6-9 inches,5-14 mp,1-8 mp,2-3 GHz,640-1080 Width,1480-2160 Height,60-70 rating
Xiaomi,14439,Android,Snapdragon_720,4.0,128.0,5020.0,Yes,6.67,60.0,48.0,1.0,16.0,1.0,Yes,18,Yes,No,No,No,Yes,8.0,2.3,1080.0,2400.0,Punch Hole,10.0,77.0,Xiaomi,snapdragon,Mid-Range,1-4 GB,32-256 GB,5000-10000 mAh,0-50W,v5-v10,6-9 inches,40-60 mp,8-16 mp,2-3 GHz,640-1080 Width,2160-3840 Height,70-80 rating
Nokia,2499,Android,Other_Unknown,6.0,0.0,1020.0,Yes,2.4,60.0,3.0,1.0,16.0,1.0,Yes,0,No,No,No,No,No,8.0,2.4,240.0,320.0,No Notch,12.0,80.0,Other,Other,Budget,4-8 GB,0-1 GB,800-3000 mAh,0-50W,v10-v16,1-4 inches,2-5 mp,8-16 mp,2-3 GHz,120-640 Width,160-640 Height,70-80 rating
OPPO,9990,Android,Helio_35,3.0,32.0,4230.0,Yes,6.22,60.0,13.0,2.0,5.0,1.0,Yes,0,Yes,No,No,No,No,8.0,1.8,1520.0,720.0,Water Drop Notch,9.0,64.0,OPPO,helio,Budget,1-4 GB,1-32 GB,3000-5000 mAh,0-50W,v5-v10,6-9 inches,5-14 mp,1-8 mp,0-2 GHz,1440-2460 Width,640-1480 Height,60-70 rating
Realme,24999,Android,Snapdragon_865,8.0,128.0,4200.0,Yes,6.44,90.0,64.0,1.0,32.0,2.0,No,65,Yes,Yes,No,Yes,No,8.0,2.84,1080.0,2400.0,Dual Punch Hole,10.0,85.0,Realme,snapdragon,Mid-Range,4-8 GB,32-256 GB,3000-5000 mAh,50-80W,v5-v10,6-9 inches,60-200 mp,16-40 mp,2-3 GHz,640-1080 Width,2160-3840 Height,80-90 rating
Samsung,85990,Android,Exynos_990,8.0,128.0,4500.0,Yes,6.7,60.0,64.0,1.0,10.0,1.0,Yes,25,Yes,Yes,No,Yes,No,8.0,2.73,1440.0,3200.0,Punch Hole,10.0,80.0,Samsung,exynos,Flagship,4-8 GB,32-256 GB,3000-5000 mAh,0-50W,v5-v10,6-9 inches,60-200 mp,8-16 mp,2-3 GHz,1080-1440 Width,2160-3840 Height,70-80 rating
Xiaomi,480000,Android,Snapdragon_855,8.0,256.0,4000.0,Yes,6.39,60.0,48.0,3.0,20.0,1.0,No,27,Yes,No,No,Yes,No,8.0,2.8,1080.0,2340.0,No Notch,9.0,88.0,Xiaomi,snapdragon,Luxury,4-8 GB,32-256 GB,3000-5000 mAh,0-50W,v5-v10,6-9 inches,40-60 mp,16-40 mp,2-3 GHz,640-1080 Width,2160-3840 Height,80-90 rating
Xiaomi,16999,Android,Helio_90,6.0,64.0,4500.0,Yes,6.53,60.0,64.0,1.0,20.0,1.0,Yes,18,Yes,No,No,No,Yes,8.0,2.05,1080.0,2340.0,Water Drop Notch,9.0,78.0,Xiaomi,helio,Mid-Range,4-8 GB,32-256 GB,3000-5000 mAh,0-50W,v5-v10,6-9 inches,60-200 mp,16-40 mp,2-3 GHz,640-1080 Width,2160-3840 Height,70-80 rating
Realme,8999,Android,Helio_70,2.0,16.0,4000.0,Yes,6.2,60.0,13.0,2.0,8.0,1.0,Yes,0,Yes,No,No,No,No,8.0,2.1,720.0,1520.0,Water Drop Notch,8.1,80.0,Realme,helio,Budget,1-4 GB,1-32 GB,3000-5000 mAh,0-50W,v5-v10,6-9 inches,5-14 mp,1-8 mp,2-3 GHz,640-1080 Width,1480-2160 Height,70-80 rating
OPPO,15990,Android,Helio_23,3.0,32.0,3200.0,Yes,6.0,60.0,13.0,1.0,16.0,1.0,Yes,0,Yes,No,No,No,No,8.0,2.5,1080.0,2160.0,No Notch,7.1,62.0,OPPO,helio,Mid-Range,1-4 GB,1-32 GB,3000-5000 mAh,0-50W,v5-v10,4-6 inches,5-14 mp,8-16 mp,2-3 GHz,640-1080 Width,1480-2160 Height,60-70 rating
Nokia,3999,Android,Other_256,6.0,128.0,5000.0,Yes,6.58,90.0,50.0,1.0,16.0,1.0,Yes,0,Yes,No,No,No,No,8.0,2.4,1080.0,2400.0,Unknown,12.0,80.0,Other,Other,Budget,4-8 GB,32-256 GB,3000-5000 mAh,0-50W,v10-v16,6-9 inches,40-60 mp,8-16 mp,2-3 GHz,640-1080 Width,2160-3840 Height,70-80 rating
Lyf,3890,Android,Snapdragon_8939,3.0,32.0,2500.0,Yes,5.0,60.0,13.0,1.0,13.0,1.0,Yes,0,Yes,No,No,No,No,8.0,1.5,1080.0,1920.0,No Notch,5.1,80.0,Other,snapdragon,Budget,1-4 GB,1-32 GB,800-3000 mAh,0-50W,v5-v10,4-6 inches,5-14 mp,8-16 mp,0-2 GHz,640-1080 Width,1480-2160 Height,70-80 rating
Samsung,1685,Android,Other_Unknown,6.0,128.0,5000.0,No,6.58,90.0,50.0,1.0,16.0,1.0,Yes,0,No,No,No,No,No,8.0,2.4,1080.0,2400.0,Unknown,12.0,80.0,Samsung,Other,Budget,4-8 GB,32-256 GB,3000-5000 mAh,0-50W,v10-v16,6-9 inches,40-60 mp,8-16 mp,2-3 GHz,640-1080 Width,2160-3840 Height,70-80 rating
Apple,84990,iOS,Bionic_16,8.0,128.0,4532.0,Yes,6.71,120.0,12.0,2.0,12.0,1.0,No,0,Yes,Yes,Yes,Yes,No,6.0,2.4,1284.0,2778.0,Small Notch,16.0,75.0,Apple,bionic,Flagship,4-8 GB,32-256 GB,3000-5000 mAh,0-50W,v10-v16,6-9 inches,5-14 mp,8-16 mp,2-3 GHz,1080-1440 Width,2160-3840 Height,70-80 rating
Vivo,21999,Android,Dimensity_700,4.0,128.0,5000.0,Yes,6.58,60.0,50.0,3.0,8.0,1.0,Yes,18,Yes,Yes,No,Yes,No,8.0,2.2,1080.0,2408.0,Water Drop Notch,12.0,78.0,Vivo,dimensity,Mid-Range,1-4 GB,32-256 GB,3000-5000 mAh,0-50W,v10-v16,6-9 inches,40-60 mp,1-8 mp,2-3 GHz,640-1080 Width,2160-3840 Height,70-80 rating
iKall,2099,Android,Other_48,6.0,128.0,5000.0,Yes,6.58,90.0,50.0,1.0,16.0,1.0,Yes,0,Yes,No,No,No,No,8.0,2.4,1080.0,2400.0,Unknown,12.0,80.0,Other,Other,Budget,4-8 GB,32-256 GB,3000-5000 mAh,0-50W,v10-v16,6-9 inches,40-60 mp,8-16 mp,2-3 GHz,640-1080 Width,2160-3840 Height,70-80 rating
Lava,8999,Android,Helio_37,4.0,64.0,5000.0,Yes,6.5,60.0,13.0,2.0,8.0,1.0,Yes,0,Yes,No,No,No,No,8.0,2.3,720.0,1600.0,Water Drop Notch,12.0,66.0,Other,helio,Budget,1-4 GB,32-256 GB,3000-5000 mAh,0-50W,v10-v16,6-9 inches,5-14 mp,1-8 mp,2-3 GHz,640-1080 Width,1480-2160 Height,60-70 rating
Eunity,649,Android,Other_1,0.02,0.02,1000.0,Yes,1.8,60.0,3.0,1.0,16.0,1.0,Yes,0,No,No,No,No,No,8.0,2.4,280.0,240.0,No Notch,12.0,80.0,Other,Other,Budget,0-1 GB,0-1 GB,800-3000 mAh,0-50W,v10-v16,1-4 inches,2-5 mp,8-16 mp,2-3 GHz,120-640 Width,160-640 Height,70-80 rating
Tecno,20999,Android,Dimensity_700,6.0,128.0,5000.0,Yes,6.83,120.0,50.0,3.0,16.0,1.0,Yes,33,Yes,Yes,No,Yes,No,8.0,2.2,1080.0,2460.0,Punch Hole,12.0,79.0,Other,dimensity,Mid-Range,4-8 GB,32-256 GB,3000-5000 mAh,0-50W,v10-v16,6-9 inches,40-60 mp,8-16 mp,2-3 GHz,640-1080 Width,2160-3840 Height,70-80 rating
OPPO,32990,Android,Dimensity_1300,8.0,128.0,4500.0,Yes,6.43,90.0,50.0,3.0,32.0,1.0,Yes,80,Yes,Yes,No,Yes,No,8.0,2.4,1080.0,2400.0,Punch Hole,12.0,84.0,OPPO,dimensity,Premium,4-8 GB,32-256 GB,3000-5000 mAh,50-80W,v10-v16,6-9 inches,40-60 mp,16-40 mp,2-3 GHz,640-1080 Width,2160-3840 Height,80-90 rating
Motorola,9022,Android,Helio_37,4.0,64.0,5000.0,Yes,6.5,90.0,16.0,2.0,8.0,1.0,Yes,10,Yes,No,No,No,No,8.0,2.3,720.0,1600.0,Punch Hole,12.0,70.0,Other,helio,Budget,1-4 GB,32-256 GB,3000-5000 mAh,0-50W,v10-v16,6-9 inches,14-40 mp,1-8 mp,2-3 GHz,640-1080 Width,1480-2160 Height,60-70 rating
Xiaomi,8399,Android,Helio_22,3.0,32.0,5000.0,Yes,6.52,60.0,8.0,2.0,5.0,1.0,Yes,10,Yes,No,No,No,No,4.0,2.4,720.0,1600.0,Water Drop Notch,12.0,61.0,Xiaomi,helio,Budget,1-4 GB,1-32 GB,3000-5000 mAh,0-50W,v10-v16,6-9 inches,5-14 mp,1-8 mp,2-3 GHz,640-1080 Width,1480-2160 Height,60-70 rating
Infinix,9999,Android,Helio_25,3.0,64.0,5000.0,Yes,6.6,60.0,13.0,1.0,8.0,1.0,Yes,0,Yes,No,No,No,No,8.0,2.4,720.0,1612.0,Water Drop Notch,12.0,64.0,Other,helio,Budget,1-4 GB,32-256 GB,3000-5000 mAh,0-50W,v10-v16,6-9 inches,5-14 mp,1-8 mp,2-3 GHz,640-1080 Width,1480-2160 Height,60-70 rating
Tecno,8390,Android,Helio_37,3.0,64.0,5000.0,Yes,6.6,90.0,13.0,1.0,8.0,1.0,Yes,0,Yes,No,No,No,No,8.0,2.3,720.0,1600.0,Water Drop Notch,12.0,63.0,Other,helio,Budget,1-4 GB,32-256 GB,3000-5000 mAh,0-50W,v10-v16,6-9 inches,5-14 mp,1-8 mp,2-3 GHz,640-1080 Width,1480-2160 Height,60-70 rating
ZTE,19999,Android,Snapdragon_870,6.0,128.0,4200.0,Yes,6.9,120.0,50.0,1.0,16.0,1.0,Yes,55,Yes,Yes,No,Yes,No,8.0,3.2,1080.0,2460.0,No Notch,12.0,82.0,Other,snapdragon,Mid-Range,4-8 GB,32-256 GB,3000-5000 mAh,50-80W,v10-v16,6-9 inches,40-60 mp,8-16 mp,3-4 GHz,640-1080 Width,2160-3840 Height,80-90 rating
Honor,13999,Android,Helio_25,4.0,64.0,5000.0,Yes,6.5,60.0,50.0,3.0,5.0,1.0,Yes,10,Yes,No,No,No,No,8.0,2.4,720.0,1600.0,Water Drop Notch,12.0,71.0,Other,helio,Mid-Range,1-4 GB,32-256 GB,3000-5000 mAh,0-50W,v10-v16,6-9 inches,40-60 mp,1-8 mp,2-3 GHz,640-1080 Width,1480-2160 Height,70-80 rating
Xiaomi,29999,Android,Snapdragon_7 Gen1,8.0,128.0,4500.0,Yes,6.55,120.0,50.0,3.0,32.0,2.0,Yes,67,Yes,Yes,No,Yes,Yes,8.0,2.4,1080.0,2400.0,Punch Hole,12.0,85.0,Xiaomi,snapdragon,Premium,4-8 GB,32-256 GB,3000-5000 mAh,50-80W,v10-v16,6-9 inches,40-60 mp,16-40 mp,2-3 GHz,640-1080 Width,2160-3840 Height,80-90 rating
TCL,8990,Android,Helio_25,3.0,32.0,3000.0,Yes,6.0,60.0,13.0,1.0,5.0,1.0,Yes,10,Yes,No,No,No,No,8.0,2.4,720.0,1440.0,No Notch,12.0,60.0,Other,helio,Budget,1-4 GB,1-32 GB,800-3000 mAh,0-50W,v10-v16,4-6 inches,5-14 mp,1-8 mp,2-3 GHz,640-1080 Width,640-1480 Height,60-70 rating
Samsung,163980,Android,Snapdragon_8,12.0,1024.0,4400.0,Yes,7.6,120.0,50.0,1.0,16.0,1.0,Yes,25,Yes,Yes,No,Yes,No,8.0,3.2,1812.0,2176.0,Punch Hole,12.0,80.0,Samsung,snapdragon,Luxury,8-18 GB,256-1024 GB,3000-5000 mAh,0-50W,v10-v16,6-9 inches,40-60 mp,8-16 mp,3-4 GHz,1440-2460 Width,2160-3840 Height,70-80 rating
Nothing,24990,Android,Snapdragon_778,6.0,128.0,5000.0,Yes,6.55,120.0,50.0,2.0,16.0,1.0,Yes,33,Yes,Yes,No,Yes,No,8.0,2.5,1080.0,2400.0,Punch Hole,12.0,80.0,Other,snapdragon,Mid-Range,4-8 GB,32-256 GB,3000-5000 mAh,0-50W,v10-v16,6-9 inches,40-60 mp,8-16 mp,2-3 GHz,640-1080 Width,2160-3840 Height,70-80 rating
Motorola,59990,Android,Snapdragon_8,8.0,128.0,4450.0,Yes,6.67,144.0,200.0,3.0,60.0,1.0,Yes,125,Yes,Yes,No,Yes,No,8.0,3.2,1080.0,2340.0,Punch Hole,12.0,80.0,Other,snapdragon,Flagship,4-8 GB,32-256 GB,3000-5000 mAh,80-240W,v10-v16,6-9 inches,60-200 mp,40-60 mp,3-4 GHz,640-1080 Width,2160-3840 Height,70-80 rating
OnePlus,47990,Android,Snapdragon_8,12.0,256.0,4800.0,Yes,6.7,120.0,50.0,3.0,16.0,1.0,Yes,150,Yes,Yes,No,Yes,No,8.0,3.2,1080.0,2412.0,Punch Hole,12.0,86.0,Other,snapdragon,Premium,8-18 GB,32-256 GB,3000-5000 mAh,80-240W,v10-v16,6-9 inches,40-60 mp,8-16 mp,3-4 GHz,640-1080 Width,2160-3840 Height,80-90 rating
Realme,40990,Android,Snapdragon_8,8.0,128.0,5000.0,Yes,6.7,120.0,50.0,2.0,16.0,1.0,Yes,100,Yes,Yes,No,Yes,No,8.0,3.2,1080.0,2412.0,Punch Hole,12.0,86.0,Realme,snapdragon,Premium,4-8 GB,32-256 GB,3000-5000 mAh,80-240W,v10-v16,6-9 inches,40-60 mp,8-16 mp,3-4 GHz,640-1080 Width,2160-3840 Height,80-90 rating
Samsung,22999,Android,Other_Unknown,8.0,128.0,6000.0,Yes,6.5,60.0,64.0,3.0,32.0,1.0,Yes,0,Yes,No,No,Yes,No,8.0,2.4,1080.0,2400.0,Water Drop Notch,12.0,74.0,Samsung,Other,Mid-Range,4-8 GB,32-256 GB,5000-10000 mAh,0-50W,v10-v16,6-9 inches,60-200 mp,16-40 mp,2-3 GHz,640-1080 Width,2160-3840 Height,70-80 rating
Samsung,12990,Android,Other_Unknown,4.0,64.0,5000.0,Yes,6.5,60.0,48.0,2.0,5.0,1.0,Yes,18,Yes,No,No,No,No,8.0,2.4,720.0,1560.0,Water Drop Notch,12.0,63.0,Samsung,Other,Mid-Range,1-4 GB,32-256 GB,3000-5000 mAh,0-50W,v10-v16,6-9 inches,40-60 mp,1-8 mp,2-3 GHz,640-1080 Width,1480-2160 Height,60-70 rating
Infinix,14999,Android,Helio_96,8.0,128.0,5000.0,Yes,6.7,60.0,50.0,2.0,16.0,1.0,Yes,33,Yes,No,No,No,No,8.0,2.4,2400.0,1080.0,Punch Hole,12.0,79.0,Other,helio,Mid-Range,4-8 GB,32-256 GB,3000-5000 mAh,0-50W,v10-v16,6-9 inches,40-60 mp,8-16 mp,2-3 GHz,1440-2460 Width,640-1480 Height,70-80 rating
POCO,42999,Android,Dimensity_1300,8.0,128.0,4500.0,Yes,6.67,120.0,64.0,3.0,20.0,1.0,No,150,Yes,Yes,No,Yes,Yes,8.0,2.4,1080.0,2412.0,Punch Hole,12.0,86.0,Other,dimensity,Premium,4-8 GB,32-256 GB,3000-5000 mAh,80-240W,v10-v16,6-9 inches,60-200 mp,16-40 mp,2-3 GHz,640-1080 Width,2160-3840 Height,80-90 rating
iQOO,14999,Android,Snapdragon_695,4.0,128.0,5000.0,Yes,6.58,120.0,50.0,3.0,16.0,1.0,Yes,18,Yes,Yes,No,No,No,8.0,2.2,1080.0,2412.0,Water Drop Notch,12.0,78.0,Other,snapdragon,Mid-Range,1-4 GB,32-256 GB,3000-5000 mAh,0-50W,v10-v16,6-9 inches,40-60 mp,8-16 mp,2-3 GHz,640-1080 Width,2160-3840 Height,70-80 rating
Vivo,22990,Android,Snapdragon_680,8.0,128.0,5000.0,Yes,6.44,120.0,50.0,3.0,16.0,1.0,Yes,44,Yes,No,No,No,No,8.0,2.4,1080.0,2400.0,Water Drop Notch,12.0,83.0,Vivo,snapdragon,Mid-Range,4-8 GB,32-256 GB,3000-5000 mAh,0-50W,v10-v16,6-9 inches,40-60 mp,8-16 mp,2-3 GHz,640-1080 Width,2160-3840 Height,80-90 rating
Vivo,118990,Android,Snapdragon_8 Gen1,12.0,512.0,4600.0,Yes,8.03,120.0,50.0,1.0,16.0,1.0,Yes,66,Yes,Yes,No,Yes,No,8.0,2.4,1916.0,2160.0,No Notch,12.0,80.0,Vivo,snapdragon,Luxury,8-18 GB,256-1024 GB,3000-5000 mAh,50-80W,v10-v16,6-9 inches,40-60 mp,8-16 mp,2-3 GHz,1440-2460 Width,1480-2160 Height,70-80 rating
OPPO,29990,Android,Snapdragon_888,8.0,128.0,5000.0,Yes,6.62,120.0,50.0,3.0,16.0,1.0,No,80,Yes,Yes,No,No,No,8.0,2.84,1080.0,2400.0,Punch Hole,12.0,81.0,OPPO,snapdragon,Premium,4-8 GB,32-256 GB,3000-5000 mAh,50-80W,v10-v16,6-9 inches,40-60 mp,8-16 mp,2-3 GHz,640-1080 Width,2160-3840 Height,80-90 rating
Tecno,7399,Android,Unisoc_606,3.0,64.0,5000.0,Yes,6.6,90.0,13.0,1.0,8.0,1.0,Yes,0,Yes,No,No,No,No,8.0,2.4,720.0,1612.0,Water Drop Notch,11.0,62.0,Other,unisoc,Budget,1-4 GB,32-256 GB,3000-5000 mAh,0-50W,v10-v16,6-9 inches,5-14 mp,1-8 mp,2-3 GHz,640-1080 Width,1480-2160 Height,60-70 rating
iQOO,17999,Android,Snapdragon_695,8.0,128.0,4200.0,Yes,6.67,120.0,50.0,3.0,16.0,1.0,No,55,Yes,Yes,No,No,No,8.0,2.2,1080.0,2400.0,Punch Hole,12.0,80.0,Other,snapdragon,Mid-Range,4-8 GB,32-256 GB,3000-5000 mAh,50-80W,v10-v16,6-9 inches,40-60 mp,8-16 mp,2-3 GHz,640-1080 Width,2160-3840 Height,70-80 rating
Infinix,12799,Android,Helio_88,6.0,128.0,5000.0,Yes,6.7,60.0,50.0,2.0,16.0,1.0,Yes,33,Yes,No,No,No,No,8.0,2.4,1080.0,2400.0,Water Drop Notch,11.0,77.0,Other,helio,Mid-Range,4-8 GB,32-256 GB,3000-5000 mAh,0-50W,v10-v16,6-9 inches,40-60 mp,8-16 mp,2-3 GHz,640-1080 Width,2160-3840 Height,70-80 rating
Xiaomi,26999,Android,Dimensity_920,8.0,128.0,4500.0,Yes,6.67,120.0,108.0,3.0,16.0,1.0,Yes,120,Yes,Yes,No,No,Yes,8.0,2.5,2400.0,1080.0,Punch Hole,11.0,86.0,Xiaomi,dimensity,Premium,4-8 GB,32-256 GB,3000-5000 mAh,80-240W,v10-v16,6-9 inches,60-200 mp,8-16 mp,2-3 GHz,1440-2460 Width,640-1480 Height,80-90 rating
Samsung,22999,Android,Dimensity_700,8.0,128.0,5000.0,Yes,6.6,90.0,64.0,3.0,8.0,1.0,Yes,15,Yes,Yes,No,No,No,8.0,2.2,1080.0,2408.0,Water Drop Notch,11.0,82.0,Samsung,dimensity,Mid-Range,4-8 GB,32-256 GB,3000-5000 mAh,0-50W,v10-v16,6-9 inches,60-200 mp,1-8 mp,2-3 GHz,640-1080 Width,2160-3840 Height,80-90 rating
Apple,147900,iOS,Bionic_15,6.0,1024.0,3095.0,Yes,6.1,120.0,12.0,3.0,12.0,1.0,No,0,Yes,Yes,No,Yes,No,6.0,3.22,1170.0,2532.0,Large Notch,15.0,84.0,Apple,bionic,Luxury,4-8 GB,256-1024 GB,3000-5000 mAh,0-50W,v10-v16,6-9 inches,5-14 mp,8-16 mp,3-4 GHz,1080-1440 Width,2160-3840 Height,80-90 rating
Nubia,44999,Android,Snapdragon_888,8.0,128.0,5050.0,Yes,6.8,165.0,64.0,3.0,8.0,1.0,Yes,30,Yes,Yes,No,Yes,No,8.0,2.9,1080.0,2400.0,No Notch,12.0,84.0,Other,snapdragon,Premium,4-8 GB,32-256 GB,5000-10000 mAh,0-50W,v10-v16,6-9 inches,60-200 mp,1-8 mp,2-3 GHz,640-1080 Width,2160-3840 Height,80-90 rating
Micromax,7790,Android,Unisoc_610,6.0,64.0,5000.0,Yes,6.52,60.0,13.0,2.0,5.0,1.0,Yes,0,Yes,No,No,No,No,8.0,1.8,720.0,1600.0,Water Drop Notch,11.0,68.0,Other,unisoc,Budget,4-8 GB,32-256 GB,3000-5000 mAh,0-50W,v10-v16,6-9 inches,5-14 mp,1-8 mp,0-2 GHz,640-1080 Width,1480-2160 Height,60-70 rating
Nokia,39990,Android,Snapdragon_870,6.0,128.0,6000.0,Yes,6.51,144.0,200.0,1.0,16.0,1.0,Yes,33,Yes,Yes,No,No,No,8.0,3.2,1080.0,2400.0,Punch Hole,12.0,87.0,Other,snapdragon,Premium,4-8 GB,32-256 GB,5000-10000 mAh,0-50W,v10-v16,6-9 inches,60-200 mp,8-16 mp,3-4 GHz,640-1080 Width,2160-3840 Height,80-90 rating
Vivo,9999,Android,Snapdragon_439,3.0,32.0,5000.0,Yes,6.51,60.0,13.0,2.0,8.0,1.0,Yes,0,Yes,No,No,No,No,8.0,2.4,720.0,1600.0,Water Drop Notch,11.0,65.0,Vivo,snapdragon,Budget,1-4 GB,1-32 GB,3000-5000 mAh,0-50W,v10-v16,6-9 inches,5-14 mp,1-8 mp,2-3 GHz,640-1080 Width,1480-2160 Height,60-70 rating
OPPO,22990,Android,Snapdragon_765,6.0,128.0,4000.0,Yes,6.5,90.0,64.0,1.0,16.0,1.0,Yes,18,Yes,Yes,No,No,No,8.0,2.4,1080.0,2400.0,Punch Hole,11.0,80.0,OPPO,snapdragon,Mid-Range,4-8 GB,32-256 GB,3000-5000 mAh,0-50W,v10-v16,6-9 inches,60-200 mp,8-16 mp,2-3 GHz,640-1080 Width,2160-3840 Height,70-80 rating
POCO,32999,Android,Dimensity_1200,6.0,128.0,5065.0,Yes,6.67,120.0,64.0,3.0,16.0,1.0,Yes,67,Yes,Yes,No,No,Yes,8.0,2.4,1080.0,2400.0,Punch Hole,12.0,79.0,Other,dimensity,Premium,4-8 GB,32-256 GB,5000-10000 mAh,50-80W,v10-v16,6-9 inches,60-200 mp,8-16 mp,2-3 GHz,640-1080 Width,2160-3840 Height,70-80 rating
Honor,32990,Android,Snapdragon_778,6.0,128.0,4300.0,Yes,6.57,120.0,108.0,1.0,32.0,1.0,No,66,Yes,Yes,No,Yes,No,8.0,2.4,1080.0,2340.0,Punch Hole,11.0,85.0,Other,snapdragon,Premium,4-8 GB,32-256 GB,3000-5000 mAh,50-80W,v10-v16,6-9 inches,60-200 mp,16-40 mp,2-3 GHz,640-1080 Width,2160-3840 Height,80-90 rating
OPPO,14999,Android,Helio_35,6.0,128.0,5000.0,Yes,6.51,60.0,13.0,3.0,16.0,1.0,Yes,0,Yes,No,No,No,No,8.0,2.3,1600.0,720.0,Punch Hole,10.0,74.0,OPPO,helio,Mid-Range,4-8 GB,32-256 GB,3000-5000 mAh,0-50W,v5-v10,6-9 inches,5-14 mp,8-16 mp,2-3 GHz,1440-2460 Width,640-1480 Height,70-80 rating
Realme,12499,Android,Helio_96,4.0,64.0,5000.0,Yes,6.6,120.0,50.0,3.0,16.0,1.0,Yes,18,Yes,No,No,No,No,8.0,2.05,1080.0,2412.0,Punch Hole,11.0,74.0,Realme,helio,Mid-Range,1-4 GB,32-256 GB,3000-5000 mAh,0-50W,v10-v16,6-9 inches,40-60 mp,8-16 mp,2-3 GHz,640-1080 Width,2160-3840 Height,70-80 rating
iQOO,39990,Android,Snapdragon_888,8.0,128.0,4000.0,Yes,6.62,120.0,48.0,3.0,16.0,1.0,Yes,66,Yes,Yes,No,Yes,No,8.0,2.84,1080.0,2400.0,Punch Hole,12.0,84.0,Other,snapdragon,Premium,4-8 GB,32-256 GB,3000-5000 mAh,50-80W,v10-v16,6-9 inches,40-60 mp,8-16 mp,2-3 GHz,640-1080 Width,2160-3840 Height,80-90 rating
Realme,6499,Android,Other_9863,2.0,32.0,5000.0,Yes,6.52,60.0,8.0,1.0,5.0,1.0,Yes,0,Yes,No,No,No,No,8.0,1.6,720.0,1600.0,Water Drop Notch,11.0,61.0,Realme,Other,Budget,1-4 GB,1-32 GB,3000-5000 mAh,0-50W,v10-v16,6-9 inches,5-14 mp,1-8 mp,0-2 GHz,640-1080 Width,1480-2160 Height,60-70 rating
Samsung,18499,Android,Helio_80,6.0,128.0,5000.0,Yes,6.4,60.0,48.0,1.0,13.0,1.0,Yes,15,Yes,No,No,No,No,8.0,2.4,720.0,1600.0,Water Drop Notch,11.0,76.0,Samsung,helio,Mid-Range,4-8 GB,32-256 GB,3000-5000 mAh,0-50W,v10-v16,6-9 inches,40-60 mp,8-16 mp,2-3 GHz,640-1080 Width,1480-2160 Height,70-80 rating
Realme,30994,Android,Snapdragon_888,8.0,128.0,4500.0,Yes,6.43,120.0,64.0,3.0,16.0,1.0,Yes,65,Yes,Yes,No,Yes,No,8.0,2.84,1080.0,2400.0,Punch Hole,12.0,85.0,Realme,snapdragon,Premium,4-8 GB,32-256 GB,3000-5000 mAh,50-80W,v10-v16,6-9 inches,60-200 mp,8-16 mp,2-3 GHz,640-1080 Width,2160-3840 Height,80-90 rating
Google,32999,Android,Snapdragon_765,6.0,128.0,4620.0,No,6.34,60.0,16.0,2.0,8.0,1.0,Yes,18,Yes,Yes,No,Yes,No,8.0,2.4,1080.0,2400.0,Punch Hole,12.0,78.0,Other,snapdragon,Premium,4-8 GB,32-256 GB,3000-5000 mAh,0-50W,v10-v16,6-9 inches,14-40 mp,1-8 mp,2-3 GHz,640-1080 Width,2160-3840 Height,70-80 rating
Samsung,10499,Android,Exynos_850,4.0,64.0,6000.0,Yes,6.5,90.0,48.0,1.0,8.0,1.0,Yes,15,Yes,No,No,No,No,8.0,2.4,720.0,1600.0,Water Drop Notch,11.0,73.0,Samsung,exynos,Mid-Range,1-4 GB,32-256 GB,5000-10000 mAh,0-50W,v10-v16,6-9 inches,40-60 mp,1-8 mp,2-3 GHz,640-1080 Width,1480-2160 Height,70-80 rating
Samsung,19999,Android,Exynos_9611,6.0,128.0,6000.0,Yes,6.4,60.0,64.0,3.0,32.0,1.0,Yes,15,Yes,No,No,No,No,8.0,2.3,1080.0,2340.0,Water Drop Notch,10.0,82.0,Samsung,exynos,Mid-Range,4-8 GB,32-256 GB,5000-10000 mAh,0-50W,v5-v10,6-9 inches,60-200 mp,16-40 mp,2-3 GHz,640-1080 Width,2160-3840 Height,80-90 rating
Samsung,17499,Android,Exynos_850,6.0,128.0,5000.0,Yes,6.5,60.0,48.0,1.0,13.0,1.0,Yes,0,Yes,No,No,No,No,8.0,2.4,720.0,1600.0,Punch Hole,10.0,75.0,Samsung,exynos,Mid-Range,4-8 GB,32-256 GB,3000-5000 mAh,0-50W,v5-v10,6-9 inches,40-60 mp,8-16 mp,2-3 GHz,640-1080 Width,1480-2160 Height,70-80 rating
Xiaomi,10990,Android,Helio_25,6.0,128.0,5000.0,Yes,6.53,60.0,13.0,1.0,5.0,1.0,Yes,0,Yes,No,No,No,No,8.0,2.4,720.0,1600.0,Water Drop Notch,10.0,69.0,Xiaomi,helio,Mid-Range,4-8 GB,32-256 GB,3000-5000 mAh,0-50W,v5-v10,6-9 inches,5-14 mp,1-8 mp,2-3 GHz,640-1080 Width,1480-2160 Height,60-70 rating
Vivo,19000,Android,Snapdragon_665,8.0,128.0,4100.0,Yes,6.44,60.0,48.0,3.0,32.0,1.0,Yes,33,Yes,No,No,No,No,8.0,2.4,1080.0,2400.0,Water Drop Notch,10.0,82.0,Vivo,snapdragon,Mid-Range,4-8 GB,32-256 GB,3000-5000 mAh,0-50W,v5-v10,6-9 inches,40-60 mp,16-40 mp,2-3 GHz,640-1080 Width,2160-3840 Height,80-90 rating
OPPO,13990,Android,Snapdragon_460,6.0,128.0,5000.0,Yes,6.5,90.0,13.0,3.0,16.0,1.0,Yes,18,Yes,No,No,No,No,8.0,1.8,1600.0,720.0,Punch Hole,10.0,70.0,OPPO,snapdragon,Mid-Range,4-8 GB,32-256 GB,3000-5000 mAh,0-50W,v5-v10,6-9 inches,5-14 mp,8-16 mp,0-2 GHz,1440-2460 Width,640-1480 Height,60-70 rating
Realme Narzo,10499,Android,Helio_85,4.0,64.0,6000.0,Yes,6.5,60.0,48.0,3.0,8.0,1.0,Yes,18,Yes,No,No,No,No,8.0,2.4,720.0,1600.0,Water Drop Notch,10.0,72.0,Other,helio,Mid-Range,1-4 GB,32-256 GB,5000-10000 mAh,0-50W,v5-v10,6-9 inches,40-60 mp,1-8 mp,2-3 GHz,640-1080 Width,1480-2160 Height,70-80 rating
itel,5890,Android,Unisoc_55,3.0,32.0,4000.0,Yes,6.09,60.0,8.0,2.0,5.0,1.0,Yes,0,Yes,No,No,No,No,8.0,1.6,1520.0,720.0,Water Drop Notch,9.0,80.0,Other,unisoc,Budget,1-4 GB,1-32 GB,3000-5000 mAh,0-50W,v5-v10,6-9 inches,5-14 mp,1-8 mp,0-2 GHz,1440-2460 Width,640-1480 Height,70-80 rating
Realme,6490,Android,Helio_35,2.0,32.0,5000.0,Yes,6.5,60.0,13.0,2.0,5.0,1.0,Yes,0,Yes,No,No,No,No,8.0,2.3,720.0,1600.0,Water Drop Notch,10.0,61.0,Realme,helio,Budget,1-4 GB,1-32 GB,3000-5000 mAh,0-50W,v5-v10,6-9 inches,5-14 mp,1-8 mp,2-3 GHz,640-1080 Width,1480-2160 Height,60-70 rating
Xiaomi,54999,Android,Snapdragon_865,8.0,256.0,4780.0,Yes,6.67,90.0,108.0,1.0,20.0,1.0,No,30,Yes,Yes,No,Yes,Yes,8.0,2.84,1080.0,2340.0,Punch Hole,10.0,88.0,Xiaomi,snapdragon,Flagship,4-8 GB,32-256 GB,3000-5000 mAh,0-50W,v5-v10,6-9 inches,60-200 mp,16-40 mp,2-3 GHz,640-1080 Width,2160-3840 Height,80-90 rating
Vivo,9990,Android,Snapdragon_450,4.0,64.0,5000.0,Yes,6.5,60.0,13.0,2.0,13.0,1.0,Yes,0,Yes,No,No,No,No,8.0,1.8,720.0,1544.0,Water Drop Notch,10.0,65.0,Vivo,snapdragon,Budget,1-4 GB,32-256 GB,3000-5000 mAh,0-50W,v5-v10,6-9 inches,5-14 mp,8-16 mp,0-2 GHz,640-1080 Width,1480-2160 Height,60-70 rating
OnePlus,24999,Android,Snapdragon_765,8.0,128.0,4300.0,Yes,6.55,90.0,64.0,3.0,16.0,1.0,No,30,Yes,No,No,No,No,8.0,2.4,1080.0,2400.0,Punch Hole,10.0,79.0,Other,snapdragon,Mid-Range,4-8 GB,32-256 GB,3000-5000 mAh,0-50W,v5-v10,6-9 inches,60-200 mp,8-16 mp,2-3 GHz,640-1080 Width,2160-3840 Height,70-80 rating
Nokia,3399,Android,Other_8,6.0,128.0,5000.0,Yes,6.58,90.0,50.0,1.0,16.0,1.0,Yes,0,No,No,No,No,No,8.0,2.4,1080.0,2400.0,Unknown,12.0,80.0,Other,Other,Budget,4-8 GB,32-256 GB,3000-5000 mAh,0-50W,v10-v16,6-9 inches,40-60 mp,8-16 mp,2-3 GHz,640-1080 Width,2160-3840 Height,70-80 rating
Sharp,59990,Android,Snapdragon_865,12.0,256.0,3730.0,Yes,6.5,60.0,48.0,3.0,16.0,1.0,Yes,0,Yes,No,No,Yes,No,8.0,2.84,1440.0,3168.0,Water Drop Notch,10.0,88.0,Other,snapdragon,Flagship,8-18 GB,32-256 GB,3000-5000 mAh,0-50W,v5-v10,6-9 inches,40-60 mp,8-16 mp,2-3 GHz,1080-1440 Width,2160-3840 Height,80-90 rating
Huawei,214990,Android,Kirin_990,12.0,512.0,4500.0,Yes,6.53,60.0,40.0,1.0,32.0,1.0,Yes,0,Yes,Yes,No,Yes,Yes,8.0,2.86,1176.0,2400.0,Large Notch,10.0,80.0,Other,kirin,Luxury,8-18 GB,256-1024 GB,3000-5000 mAh,0-50W,v5-v10,6-9 inches,14-40 mp,16-40 mp,2-3 GHz,1080-1440 Width,2160-3840 Height,70-80 rating
Samsung,9990,Android,Other_1,2.0,32.0,4000.0,Yes,6.4,60.0,13.0,3.0,8.0,1.0,Yes,15,Yes,No,No,No,No,8.0,1.8,720.0,1560.0,Punch Hole,10.0,63.0,Samsung,Other,Budget,1-4 GB,1-32 GB,3000-5000 mAh,0-50W,v5-v10,6-9 inches,5-14 mp,1-8 mp,0-2 GHz,640-1080 Width,1480-2160 Height,60-70 rating
Realme,6999,Android,Helio_22,2.0,16.0,4000.0,Yes,6.1,60.0,13.0,2.0,5.0,1.0,Yes,0,Yes,No,No,No,No,8.0,2.4,1560.0,720.0,Water Drop Notch,9.0,80.0,Realme,helio,Budget,1-4 GB,1-32 GB,3000-5000 mAh,0-50W,v5-v10,6-9 inches,5-14 mp,1-8 mp,2-3 GHz,1440-2460 Width,640-1480 Height,70-80 rating
Huawei,169000,Android,Kirin_990,8.0,512.0,4500.0,Yes,8.0,60.0,50.0,1.0,16.0,1.0,Yes,55,Yes,Yes,No,Yes,Yes,8.0,2.86,2200.0,2480.0,No Notch,12.0,80.0,Other,kirin,Luxury,4-8 GB,256-1024 GB,3000-5000 mAh,50-80W,v10-v16,6-9 inches,40-60 mp,8-16 mp,2-3 GHz,1440-2460 Width,2160-3840 Height,70-80 rating
Samsung,39990,Android,Snapdragon_710,6.0,128.0,3400.0,Yes,6.4,60.0,24.0,3.0,24.0,1.0,Yes,0,Yes,No,No,Yes,No,8.0,2.2,1080.0,2340.0,Punch Hole,9.0,78.0,Samsung,snapdragon,Premium,4-8 GB,32-256 GB,3000-5000 mAh,0-50W,v5-v10,6-9 inches,14-40 mp,16-40 mp,2-3 GHz,640-1080 Width,2160-3840 Height,70-80 rating
Samsung,21490,Android,Exynos_7885,4.0,64.0,3300.0,Yes,6.0,60.0,24.0,3.0,24.0,1.0,Yes,0,Yes,No,No,No,No,8.0,2.2,2220.0,1080.0,No Notch,8.0,70.0,Samsung,exynos,Mid-Range,1-4 GB,32-256 GB,3000-5000 mAh,0-50W,v5-v10,4-6 inches,14-40 mp,16-40 mp,2-3 GHz,1440-2460 Width,640-1480 Height,60-70 rating
Vivo,13490,Android,Snapdragon_425,3.0,16.0,2730.0,Yes,5.2,60.0,13.0,1.0,5.0,1.0,Yes,0,Yes,No,No,No,No,4.0,1.2,720.0,1280.0,No Notch,6.0,80.0,Vivo,snapdragon,Mid-Range,1-4 GB,1-32 GB,800-3000 mAh,0-50W,v5-v10,4-6 inches,5-14 mp,1-8 mp,0-2 GHz,640-1080 Width,640-1480 Height,70-80 rating
POCO,7999,Android,Helio_85,4.0,64.0,5000.0,Yes,6.71,60.0,50.0,1.0,5.0,1.0,Yes,0,Yes,No,No,No,No,8.0,2.4,720.0,1650.0,Water Drop Notch,12.0,70.0,Other,helio,Budget,1-4 GB,32-256 GB,3000-5000 mAh,0-50W,v10-v16,6-9 inches,40-60 mp,1-8 mp,2-3 GHz,640-1080 Width,1480-2160 Height,60-70 rating
Blackview,8990,Android,Helio_35,4.0,64.0,5180.0,Yes,6.1,60.0,13.0,1.0,8.0,1.0,Yes,10,Yes,Yes,No,Yes,No,8.0,2.3,720.0,1560.0,Punch Hole,12.0,67.0,Other,helio,Budget,1-4 GB,32-256 GB,5000-10000 mAh,0-50W,v10-v16,6-9 inches,5-14 mp,1-8 mp,2-3 GHz,640-1080 Width,1480-2160 Height,60-70 rating
Honor,13999,Android,Helio_37,6.0,128.0,5000.0,Yes,6.75,90.0,50.0,1.0,8.0,1.0,Yes,5,Yes,No,No,No,No,8.0,2.3,720.0,1600.0,Water Drop Notch,12.0,75.0,Other,helio,Mid-Range,4-8 GB,32-256 GB,3000-5000 mAh,0-50W,v10-v16,6-9 inches,40-60 mp,1-8 mp,2-3 GHz,640-1080 Width,1480-2160 Height,70-80 rating
XTouch,1999,Android,Other_3,6.0,128.0,5000.0,Yes,6.58,90.0,50.0,1.0,16.0,1.0,Yes,0,No,No,No,No,No,8.0,2.4,1080.0,2400.0,Unknown,12.0,80.0,Other,Other,Budget,4-8 GB,32-256 GB,3000-5000 mAh,0-50W,v10-v16,6-9 inches,40-60 mp,8-16 mp,2-3 GHz,640-1080 Width,2160-3840 Height,70-80 rating
OPPO,13990,Android,Dimensity_700,6.0,128.0,5000.0,Yes,6.56,90.0,13.0,2.0,8.0,1.0,Yes,10,Yes,Yes,No,No,No,8.0,2.2,720.0,1612.0,Water Drop Notch,12.0,72.0,OPPO,dimensity,Mid-Range,4-8 GB,32-256 GB,3000-5000 mAh,0-50W,v10-v16,6-9 inches,5-14 mp,1-8 mp,2-3 GHz,640-1080 Width,1480-2160 Height,70-80 rating
Doogee,14999,Android,Helio_96,8.0,128.0,6000.0,Yes,6.3,60.0,108.0,3.0,32.0,1.0,Yes,33,Yes,No,No,Yes,No,8.0,2.05,1080.0,2340.0,Water Drop Notch,12.0,84.0,Other,helio,Mid-Range,4-8 GB,32-256 GB,5000-10000 mAh,0-50W,v10-v16,6-9 inches,60-200 mp,16-40 mp,2-3 GHz,640-1080 Width,2160-3840 Height,80-90 rating
Lava,6999,Android,Helio_22,3.0,32.0,4000.0,Yes,6.5,60.0,8.0,1.0,5.0,1.0,Yes,0,Yes,No,No,No,No,4.0,2.4,1600.0,720.0,Water Drop Notch,12.0,80.0,Other,helio,Budget,1-4 GB,1-32 GB,3000-5000 mAh,0-50W,v10-v16,6-9 inches,5-14 mp,1-8 mp,2-3 GHz,1440-2460 Width,640-1480 Height,70-80 rating
Motorola Edge,42990,Android,Snapdragon_8,8.0,128.0,4500.0,Yes,6.67,144.0,50.0,3.0,32.0,1.0,No,68,Yes,Yes,No,Yes,No,8.0,3.2,1080.0,2400.0,Punch Hole,13.0,87.0,Other,snapdragon,Premium,4-8 GB,32-256 GB,3000-5000 mAh,50-80W,v10-v16,6-9 inches,40-60 mp,16-40 mp,3-4 GHz,640-1080 Width,2160-3840 Height,80-90 rating
iKall,6799,Android,Other_1,4.0,64.0,5000.0,Yes,6.82,60.0,20.0,1.0,13.0,1.0,Yes,0,Yes,No,No,No,No,4.0,1.3,720.0,1560.0,Punch Hole,10.0,61.0,Other,Other,Budget,1-4 GB,32-256 GB,3000-5000 mAh,0-50W,v5-v10,6-9 inches,14-40 mp,8-16 mp,0-2 GHz,640-1080 Width,1480-2160 Height,60-70 rating
Oukitel,25899,Android,Helio_60,6.0,128.0,8000.0,Yes,5.86,60.0,16.0,3.0,8.0,1.0,Yes,0,Yes,No,No,Yes,No,8.0,2.4,720.0,1520.0,Large Notch,10.0,72.0,Other,helio,Premium,4-8 GB,32-256 GB,5000-10000 mAh,0-50W,v5-v10,4-6 inches,14-40 mp,1-8 mp,2-3 GHz,640-1080 Width,1480-2160 Height,70-80 rating
Xiaomi,54999,Android,Snapdragon_8 Gen2,12.0,256.0,5000.0,Yes,6.43,120.0,50.0,3.0,32.0,1.0,Yes,67,Yes,Yes,Yes,Yes,Yes,8.0,3.2,1440.0,3200.0,Punch Hole,12.0,89.0,Xiaomi,snapdragon,Flagship,8-18 GB,32-256 GB,3000-5000 mAh,50-80W,v10-v16,6-9 inches,40-60 mp,16-40 mp,3-4 GHz,1080-1440 Width,2160-3840 Height,80-90 rating
Motorola,49990,Android,Snapdragon_8,8.0,128.0,5000.0,Yes,6.6,144.0,50.0,3.0,32.0,2.0,Yes,68,Yes,Yes,Yes,Yes,No,8.0,3.2,1080.0,2400.0,No Notch,12.0,89.0,Other,snapdragon,Premium,4-8 GB,32-256 GB,3000-5000 mAh,50-80W,v10-v16,6-9 inches,40-60 mp,16-40 mp,3-4 GHz,640-1080 Width,2160-3840 Height,80-90 rating
Xiaomi,32990,Android,Dimensity_8200,8.0,256.0,5000.0,Yes,6.7,120.0,64.0,3.0,32.0,2.0,Yes,80,Yes,Yes,No,Yes,Yes,8.0,3.1,1080.0,2400.0,Punch Hole,12.0,86.0,Xiaomi,dimensity,Premium,4-8 GB,32-256 GB,3000-5000 mAh,50-80W,v10-v16,6-9 inches,60-200 mp,16-40 mp,3-4 GHz,640-1080 Width,2160-3840 Height,80-90 rating
Realme Narzo,8720,Android,Other_612,4.0,64.0,5000.0,Yes,6.5,60.0,8.0,1.0,5.0,1.0,Yes,10,Yes,No,No,No,No,8.0,1.82,720.0,1600.0,Water Drop Notch,11.0,64.0,Other,Other,Budget,1-4 GB,32-256 GB,3000-5000 mAh,0-50W,v10-v16,6-9 inches,5-14 mp,1-8 mp,0-2 GHz,640-1080 Width,1480-2160 Height,60-70 rating
OPPO,69990,Android,Snapdragon_8 Gen2,8.0,256.0,4700.0,Yes,6.73,120.0,50.0,3.0,32.0,1.0,Yes,120,Yes,Yes,No,Yes,No,8.0,3.2,1080.0,2400.0,Punch Hole,12.0,89.0,OPPO,snapdragon,Flagship,4-8 GB,32-256 GB,3000-5000 mAh,80-240W,v10-v16,6-9 inches,40-60 mp,16-40 mp,3-4 GHz,640-1080 Width,2160-3840 Height,80-90 rating
itel,4787,Android,Other_9832,2.0,32.0,3020.0,Yes,5.0,60.0,2.0,1.0,16.0,1.0,Yes,0,Yes,No,No,No,No,4.0,1.4,854.0,480.0,No Notch,12.0,80.0,Other,Other,Budget,1-4 GB,1-32 GB,3000-5000 mAh,0-50W,v10-v16,4-6 inches,2-5 mp,8-16 mp,0-2 GHz,640-1080 Width,160-640 Height,70-80 rating
Google,70990,Android,Other_3,12.0,256.0,5000.0,Yes,6.73,120.0,50.0,3.0,12.0,1.0,Yes,67,Yes,Yes,No,Yes,No,8.0,2.4,1440.0,3120.0,Punch Hole,12.0,80.0,Other,Other,Flagship,8-18 GB,32-256 GB,3000-5000 mAh,50-80W,v10-v16,6-9 inches,40-60 mp,8-16 mp,2-3 GHz,1080-1440 Width,2160-3840 Height,70-80 rating
Vivo,119990,Android,Snapdragon_8 Gen2,12.0,256.0,4800.0,Yes,8.03,120.0,50.0,1.0,16.0,1.0,Yes,66,Yes,Yes,No,Yes,No,8.0,3.2,1916.0,2160.0,No Notch,12.0,80.0,Vivo,snapdragon,Luxury,8-18 GB,32-256 GB,3000-5000 mAh,50-80W,v10-v16,6-9 inches,40-60 mp,8-16 mp,3-4 GHz,1440-2460 Width,1480-2160 Height,70-80 rating
Motorola,34990,Android,Snapdragon_8 Gen1,8.0,128.0,5000.0,Yes,6.67,120.0,64.0,3.0,16.0,1.0,Yes,2,Yes,Yes,No,No,No,8.0,2.4,1080.0,2460.0,Punch Hole,12.0,83.0,Other,snapdragon,Premium,4-8 GB,32-256 GB,3000-5000 mAh,0-50W,v10-v16,6-9 inches,60-200 mp,8-16 mp,2-3 GHz,640-1080 Width,2160-3840 Height,80-90 rating
Honor,14990,Android,Snapdragon_480,6.0,128.0,5000.0,Yes,6.5,60.0,48.0,2.0,8.0,1.0,Yes,5,Yes,Yes,No,No,No,8.0,2.2,720.0,1600.0,Water Drop Notch,11.0,75.0,Other,snapdragon,Mid-Range,4-8 GB,32-256 GB,3000-5000 mAh,0-50W,v10-v16,6-9 inches,40-60 mp,1-8 mp,2-3 GHz,640-1080 Width,1480-2160 Height,70-80 rating
POCO,28990,Android,Dimensity_8100,8.0,256.0,5080.0,Yes,6.6,144.0,64.0,3.0,16.0,1.0,No,67,Yes,Yes,No,Yes,Yes,8.0,2.85,1080.0,2460.0,Punch Hole,12.0,85.0,Other,dimensity,Premium,4-8 GB,32-256 GB,5000-10000 mAh,50-80W,v10-v16,6-9 inches,60-200 mp,8-16 mp,2-3 GHz,640-1080 Width,2160-3840 Height,80-90 rating
Motorola,19990,Android,Snapdragon_695,6.0,128.0,5000.0,Yes,6.8,60.0,108.0,3.0,32.0,1.0,Yes,0,Yes,Yes,No,Yes,No,8.0,2.2,1080.0,2400.0,Punch Hole,12.0,80.0,Other,snapdragon,Mid-Range,4-8 GB,32-256 GB,3000-5000 mAh,0-50W,v10-v16,6-9 inches,60-200 mp,16-40 mp,2-3 GHz,640-1080 Width,2160-3840 Height,70-80 rating
Samsung,24990,Android,Other_Unknown,8.0,128.0,5000.0,Yes,6.5,60.0,64.0,3.0,32.0,1.0,Yes,0,Yes,Yes,No,No,No,8.0,2.4,1080.0,2400.0,Water Drop Notch,12.0,74.0,Samsung,Other,Mid-Range,4-8 GB,32-256 GB,3000-5000 mAh,0-50W,v10-v16,6-9 inches,60-200 mp,16-40 mp,2-3 GHz,640-1080 Width,2160-3840 Height,70-80 rating
